date,strategy,covariance_source,solver_success,solver_status,iterations,objective_value,covariance_hash,fallback_requested,sum_weights,minimum_weight,maximum_weight,constraint_violation,cap_binding_count
2009-12-31,equal_weight,none,True,rule_based,0,,,False,1,0.2,0.2,0,0
2009-12-31,static_6040,none,True,rule_based,0,,,False,1,0,0.6,0,0
2009-12-31,static_minvar,training_window_ledoit_wolf,True,Optimization terminated successfully,8,3.7910651e-05,73deb11a4da03784,False,1,1.254964e-17,0.4,0,1
2009-12-31,rolling_lw_minvar,rolling_ledoit_wolf,True,Optimization terminated successfully,8,3.7910651e-05,73deb11a4da03784,False,1,1.254964e-17,0.4,0,1
2009-12-31,ewma_scaled_minvar,ewma_vol_x_lw_correlation,True,Optimization terminated successfully,7,1.5905036e-05,b08d3f0347622a45,False,1,8.3146501e-17,0.4,0,2
2009-12-31,regime_minvar,a2_consumed,True,Optimization terminated successfully,8,3.7910651e-05,73deb11a4da03784,False,1,1.254964e-17,0.4,0,1
2010-01-29,equal_weight,none,True,rule_based,0,,,False,1,0.2,0.2,0,0
2010-01-29,static_6040,none,True,rule_based,0,,,False,1,0,0.6,0,0
2010-01-29,static_minvar,training_window_ledoit_wolf,True,Optimization terminated successfully,8,3.7910651e-05,73deb11a4da03784,False,1,1.254964e-17,0.4,0,1
2010-01-29,rolling_lw_minvar,rolling_ledoit_wolf,True,Optimization terminated successfully,8,3.7812987e-05,33e1f24c8f11db95,False,1,3.4307905e-17,0.4,0,1
2010-01-29,ewma_scaled_minvar,ewma_vol_x_lw_correlation,True,Optimization terminated successfully,7,2.1074492e-05,b140b76392ec93f1,False,1,0,0.4,0,1
2010-01-29,regime_minvar,a2_consumed,True,Optimization terminated successfully,10,5.3083147e-05,bb309c87993ace62,False,1,1.065352e-17,0.4,0,1
2010-02-26,equal_weight,none,True,rule_based,0,,,False,1,0.2,0.2,0,0
2010-02-26,static_6040,none,True,rule_based,0,,,False,1,0,0.6,0,0
2010-02-26,static_minvar,training_window_ledoit_wolf,True,Optimization terminated successfully,8,3.7910651e-05,73deb11a4da03784,False,1,1.254964e-17,0.4,0,1
2010-02-26,rolling_lw_minvar,rolling_ledoit_wolf,True,Optimization terminated successfully,8,3.7863098e-05,06ca4969bda95bed,False,1,0,0.4,0,1
2010-02-26,ewma_scaled_minvar,ewma_vol_x_lw_correlation,True,Optimization terminated successfully,10,2.1159496e-05,83dd35bf03a274a7,False,1,6.7367707e-18,0.4,1.110223e-16,1
2010-02-26,regime_minvar,a2_consumed,True,Optimization terminated successfully,10,5.281917e-05,dc9b9901ecadafc8,False,1,1.0804011e-17,0.4,0,1
2010-03-31,equal_weight,none,True,rule_based,0,,,False,1,0.2,0.2,0,0
2010-03-31,static_6040,none,True,rule_based,0,,,False,1,0,0.6,0,0
2010-03-31,static_minvar,training_window_ledoit_wolf,True,Optimization terminated successfully,8,3.7910651e-05,73deb11a4da03784,False,1,1.254964e-17,0.4,0,1
2010-03-31,rolling_lw_minvar,rolling_ledoit_wolf,True,Optimization terminated successfully,8,3.7495832e-05,a6002a24db84bf44,False,1,1.0476209e-17,0.4,0,1
2010-03-31,ewma_scaled_minvar,ewma_vol_x_lw_correlation,True,Optimization terminated successfully,8,1.0816683e-05,fba892beaadecda9,False,1,3.9221014e-17,0.4,0,2
2010-03-31,regime_minvar,a2_consumed,True,Optimization terminated successfully,10,5.17159e-05,03ab7476bc33ce8c,False,1,0,0.4,0,1
2010-04-30,equal_weight,none,True,rule_based,0,,,False,1,0.2,0.2,0,0
2010-04-30,static_6040,none,True,rule_based,0,,,False,1,0,0.6,0,0
2010-04-30,static_minvar,training_window_ledoit_wolf,True,Optimization terminated successfully,8,3.7910651e-05,73deb11a4da03784,False,1,1.254964e-17,0.4,0,1
2010-04-30,rolling_lw_minvar,rolling_ledoit_wolf,True,Optimization terminated successfully,8,3.7074395e-05,13f3c3f4b6603a20,False,1,0,0.4,1.110223e-16,1
2010-04-30,ewma_scaled_minvar,ewma_vol_x_lw_correlation,True,Optimization terminated successfully,9,1.62801e-05,e02e1fe07ab062ab,False,1,4.3212048e-18,0.4,0,1
2010-04-30,regime_minvar,a2_consumed,True,Optimization terminated successfully,7,5.912884e-05,3c4d1b5e7ed2d20d,False,1,0,0.4,0,1
2010-05-28,equal_weight,none,True,rule_based,0,,,False,1,0.2,0.2,0,0
2010-05-28,static_6040,none,True,rule_based,0,,,False,1,0,0.6,0,0
2010-05-28,static_minvar,training_window_ledoit_wolf,True,Optimization terminated successfully,8,3.7910651e-05,73deb11a4da03784,False,1,1.254964e-17,0.4,0,1
2010-05-28,rolling_lw_minvar,rolling_ledoit_wolf,True,Optimization terminated successfully,7,3.7010923e-05,18fbb86bf8a66af3,False,1,1.9515957e-17,0.4,0,1
2010-05-28,ewma_scaled_minvar,ewma_vol_x_lw_correlation,True,Optimization terminated successfully,4,3.1208596e-05,096a55ecb50061e8,False,1,0,0.4,0,2
2010-05-28,regime_minvar,a2_consumed,True,Optimization terminated successfully,7,5.809589e-05,861022690901a0e1,False,1,0,0.4,0,1
2010-06-30,equal_weight,none,True,rule_based,0,,,False,1,0.2,0.2,0,0
2010-06-30,static_6040,none,True,rule_based,0,,,False,1,0,0.6,0,0
2010-06-30,static_minvar,training_window_ledoit_wolf,True,Optimization terminated successfully,8,3.7910651e-05,73deb11a4da03784,False,1,1.254964e-17,0.4,0,1
2010-06-30,rolling_lw_minvar,rolling_ledoit_wolf,True,Optimization terminated successfully,6,3.6751769e-05,6f800004c7c51f94,False,1,2.3485683e-17,0.4,1.110223e-16,1
2010-06-30,ewma_scaled_minvar,ewma_vol_x_lw_correlation,True,Optimization terminated successfully,9,2.7723688e-05,744beca856a8de6b,False,1,1.8352385e-17,0.4,1.110223e-16,1
2010-06-30,regime_minvar,a2_consumed,True,Optimization terminated successfully,7,5.6636949e-05,cefb3e00e39b389c,False,1,2.1792464e-17,0.4,0,1
2010-07-30,equal_weight,none,True,rule_based,0,,,False,1,0.2,0.2,0,0
2010-07-30,static_6040,none,True,rule_based,0,,,False,1,0,0.6,0,0
2010-07-30,static_minvar,training_window_ledoit_wolf,True,Optimization terminated successfully,8,3.7910651e-05,73deb11a4da03784,False,1,1.254964e-17,0.4,0,1
2010-07-30,rolling_lw_minvar,rolling_ledoit_wolf,True,Optimization terminated successfully,6,3.6657432e-05,68903dd10619c153,False,1,0,0.4,0,1
2010-07-30,ewma_scaled_minvar,ewma_vol_x_lw_correlation,True,Optimization terminated successfully,9,2.4909198e-05,3e7edb37c07d8a48,False,1,4.4682063e-17,0.4,0,1
2010-07-30,regime_minvar,a2_consumed,True,Optimization terminated successfully,7,5.5752154e-05,8043a9aad2c1dceb,False,1,1.6046192e-17,0.4,0,1
2010-08-31,equal_weight,none,True,rule_based,0,,,False,1,0.2,0.2,0,0
2010-08-31,static_6040,none,True,rule_based,0,,,False,1,0,0.6,0,0
2010-08-31,static_minvar,training_window_ledoit_wolf,True,Optimization terminated successfully,8,3.7910651e-05,73deb11a4da03784,False,1,1.254964e-17,0.4,0,1
2010-08-31,rolling_lw_minvar,rolling_ledoit_wolf,True,Optimization terminated successfully,6,3.6228089e-05,b6e6c83120d11f89,False,1,4.4744515e-18,0.4,0,1
2010-08-31,ewma_scaled_minvar,ewma_vol_x_lw_correlation,True,Optimization terminated successfully,10,1.5213317e-05,42ff289571e24c96,False,1,3.2149361e-17,0.4,1.110223e-16,1
2010-08-31,regime_minvar,a2_consumed,True,Optimization terminated successfully,7,5.3920149e-05,94869da4c8c2c04e,False,1,0,0.4,2.220446e-16,1
2010-09-30,equal_weight,none,True,rule_based,0,,,False,1,0.2,0.2,0,0
2010-09-30,static_6040,none,True,rule_based,0,,,False,1,0,0.6,0,0
2010-09-30,static_minvar,training_window_ledoit_wolf,True,Optimization terminated successfully,8,3.7910651e-05,73deb11a4da03784,False,1,1.254964e-17,0.4,0,1
2010-09-30,rolling_lw_minvar,rolling_ledoit_wolf,True,Optimization terminated successfully,6,3.58976e-05,130323a9627bd521,False,1,1.0010235e-17,0.4,0,1
2010-09-30,ewma_scaled_minvar,ewma_vol_x_lw_correlation,True,Optimization terminated successfully,10,1.180429e-05,f4f18e7845abd335,False,1,2.4232729e-17,0.4,0,1
2010-09-30,regime_minvar,a2_consumed,True,Optimization terminated successfully,8,5.2213322e-05,2f589e54a688483d,False,1,0,0.4,0,1
2010-10-29,equal_weight,none,True,rule_based,0,,,False,1,0.2,0.2,0,0
2010-10-29,static_6040,none,True,rule_based,0,,,False,1,0,0.6,0,0
2010-10-29,static_minvar,training_window_ledoit_wolf,True,Optimization terminated successfully,8,3.7910651e-05,73deb11a4da03784,False,1,1.254964e-17,0.4,0,1
2010-10-29,rolling_lw_minvar,rolling_ledoit_wolf,True,Optimization terminated successfully,6,3.576254e-05,6f0b8dcd60d2e874,False,1,0,0.4,0,1
2010-10-29,ewma_scaled_minvar,ewma_vol_x_lw_correlation,True,Optimization terminated successfully,7,1.2895039e-05,ed9cbec2ff76abf1,False,1,2.986977e-17,0.4,0,2
2010-10-29,regime_minvar,a2_consumed,True,Optimization terminated successfully,8,5.1313503e-05,2c888585c94727ea,False,1,0,0.4,0,1
2010-11-30,equal_weight,none,True,rule_based,0,,,False,1,0.2,0.2,0,0
2010-11-30,static_6040,none,True,rule_based,0,,,False,1,0,0.6,0,0
2010-11-30,static_minvar,training_window_ledoit_wolf,True,Optimization terminated successfully,8,3.7910651e-05,73deb11a4da03784,False,1,1.254964e-17,0.4,0,1
2010-11-30,rolling_lw_minvar,rolling_ledoit_wolf,True,Optimization terminated successfully,6,3.5914286e-05,1f9c39a318677ade,False,1,2.1245175e-18,0.4,0,1
2010-11-30,ewma_scaled_minvar,ewma_vol_x_lw_correlation,True,Optimization terminated successfully,7,1.8385009e-05,37d477bcc4a68eeb,False,1,2.2605615e-17,0.4,0,2
2010-11-30,regime_minvar,a2_consumed,True,Optimization terminated successfully,8,5.1075802e-05,308aa0fa2f209829,False,1,0,0.4,0,1
2010-12-31,equal_weight,none,True,rule_based,0,,,False,1,0.2,0.2,0,0
2010-12-31,static_6040,none,True,rule_based,0,,,False,1,0,0.6,0,0
2010-12-31,static_minvar,training_window_ledoit_wolf,True,Optimization terminated successfully,8,3.7910651e-05,73deb11a4da03784,False,1,1.254964e-17,0.4,0,1
2010-12-31,rolling_lw_minvar,rolling_ledoit_wolf,True,Optimization terminated successfully,6,3.5679956e-05,3378bfb049f1e36d,False,1,0,0.4,0,1
2010-12-31,ewma_scaled_minvar,ewma_vol_x_lw_correlation,True,Optimization terminated successfully,9,1.1765658e-05,c1957b2c592b261f,False,1,0,0.4,0,1
2010-12-31,regime_minvar,a2_consumed,True,Optimization terminated successfully,8,5.0239384e-05,ee24ff30b5014b93,False,1,1.3499111e-17,0.4,0,1
2011-01-31,equal_weight,none,True,rule_based,0,,,False,1,0.2,0.2,0,0
2011-01-31,static_6040,none,True,rule_based,0,,,False,1,0,0.6,0,0
2011-01-31,static_minvar,training_window_ledoit_wolf,True,Optimization terminated successfully,8,3.7910651e-05,73deb11a4da03784,False,1,1.254964e-17,0.4,0,1
2011-01-31,rolling_lw_minvar,rolling_ledoit_wolf,True,Optimization terminated successfully,6,3.5351424e-05,fe0aff8117e16724,False,1,5.9195791e-18,0.4,2.220446e-16,1
2011-01-31,ewma_scaled_minvar,ewma_vol_x_lw_correlation,True,Optimization terminated successfully,5,1.3094945e-05,8c65926c12031b69,False,1,0,0.4,2.220446e-16,2
2011-01-31,regime_minvar,a2_consumed,True,Optimization terminated successfully,8,4.9317862e-05,08bff0e745c53088,False,1,0,0.4,0,1
2011-02-28,equal_weight,none,True,rule_based,0,,,False,1,0.2,0.2,0,0
2011-02-28,static_6040,none,True,rule_based,0,,,False,1,0,0.6,0,0
2011-02-28,static_minvar,training_window_ledoit_wolf,True,Optimization terminated successfully,8,3.7910651e-05,73deb11a4da03784,False,1,1.254964e-17,0.4,0,1
2011-02-28,rolling_lw_minvar,rolling_ledoit_wolf,True,Optimization terminated successfully,6,3.5008151e-05,79eb79dcd878ce90,False,1,0,0.4,0,1
2011-02-28,ewma_scaled_minvar,ewma_vol_x_lw_correlation,True,Optimization terminated successfully,7,1.1622397e-05,ee9257fc25a69ae8,False,1,4.5595784e-18,0.4,0,1
2011-02-28,regime_minvar,a2_consumed,True,Optimization terminated successfully,8,4.8229117e-05,02b1d8a88c6fc543,False,1,0,0.4,2.220446e-16,1
2011-03-31,equal_weight,none,True,rule_based,0,,,False,1,0.2,0.2,0,0
2011-03-31,static_6040,none,True,rule_based,0,,,False,1,0,0.6,0,0
2011-03-31,static_minvar,training_window_ledoit_wolf,True,Optimization terminated successfully,8,3.7910651e-05,73deb11a4da03784,False,1,1.254964e-17,0.4,0,1
2011-03-31,rolling_lw_minvar,rolling_ledoit_wolf,True,Optimization terminated successfully,7,3.4641185e-05,0b4c33dcfc3b0884,False,1,0,0.4,0,1
2011-03-31,ewma_scaled_minvar,ewma_vol_x_lw_correlation,True,Optimization terminated successfully,8,1.2944095e-05,55fbbd5f63539a57,False,1,2.8171945e-17,0.4,0,1
2011-03-31,regime_minvar,a2_consumed,True,Optimization terminated successfully,8,4.7061867e-05,812aec1210be346d,False,1,0,0.4,0,1
2011-04-29,equal_weight,none,True,rule_based,0,,,False,1,0.2,0.2,0,0
2011-04-29,static_6040,none,True,rule_based,0,,,False,1,0,0.6,0,0
2011-04-29,static_minvar,training_window_ledoit_wolf,True,Optimization terminated successfully,8,3.7910651e-05,73deb11a4da03784,False,1,1.254964e-17,0.4,0,1
2011-04-29,rolling_lw_minvar,rolling_ledoit_wolf,True,Optimization terminated successfully,7,3.4319e-05,063ab1fd72653afa,False,1,1.5208397e-17,0.4,0,1
2011-04-29,ewma_scaled_minvar,ewma_vol_x_lw_correlation,True,Optimization terminated successfully,6,1.0790451e-05,4bb788ace2e0492e,False,1,0,0.4,2.220446e-16,2
2011-04-29,regime_minvar,a2_consumed,True,Optimization terminated successfully,8,4.6062091e-05,1cd6fd997f6896fa,False,1,0,0.4,0,1
2011-05-31,equal_weight,none,True,rule_based,0,,,False,1,0.2,0.2,0,0
2011-05-31,static_6040,none,True,rule_based,0,,,False,1,0,0.6,0,0
2011-05-31,static_minvar,training_window_ledoit_wolf,True,Optimization terminated successfully,8,3.7910651e-05,73deb11a4da03784,False,1,1.254964e-17,0.4,0,1
2011-05-31,rolling_lw_minvar,rolling_ledoit_wolf,True,Optimization terminated successfully,7,3.4052012e-05,6c71063b44adae18,False,1,4.8874066e-18,0.4,2.220446e-16,1
2011-05-31,ewma_scaled_minvar,ewma_vol_x_lw_correlation,True,Optimization terminated successfully,5,1.0320448e-05,74552232229a61f9,False,1,0,0.4,1.110223e-16,2
2011-05-31,regime_minvar,a2_consumed,True,Optimization terminated successfully,8,4.5231772e-05,c66c9e6fbd959e1c,False,1,0,0.4,0,1
2011-06-30,equal_weight,none,True,rule_based,0,,,False,1,0.2,0.2,0,0
2011-06-30,static_6040,none,True,rule_based,0,,,False,1,0,0.6,0,0
2011-06-30,static_minvar,training_window_ledoit_wolf,True,Optimization terminated successfully,8,3.7910651e-05,73deb11a4da03784,False,1,1.254964e-17,0.4,0,1
2011-06-30,rolling_lw_minvar,rolling_ledoit_wolf,True,Optimization terminated successfully,7,3.3723315e-05,c3754a6740ad16d3,False,1,2.6624363e-17,0.4,2.220446e-16,1
2011-06-30,ewma_scaled_minvar,ewma_vol_x_lw_correlation,True,Optimization terminated successfully,7,1.4043644e-05,b311b6a82d3a51b6,False,1,0,0.4,0,1
2011-06-30,regime_minvar,a2_consumed,True,Optimization terminated successfully,8,4.4253115e-05,282298bc2f649ddb,False,1,1.4487652e-17,0.4,0,1
2011-07-29,equal_weight,none,True,rule_based,0,,,False,1,0.2,0.2,0,0
2011-07-29,static_6040,none,True,rule_based,0,,,False,1,0,0.6,0,0
2011-07-29,static_minvar,training_window_ledoit_wolf,True,Optimization terminated successfully,8,3.7910651e-05,73deb11a4da03784,False,1,1.254964e-17,0.4,0,1
2011-07-29,rolling_lw_minvar,rolling_ledoit_wolf,True,Optimization terminated successfully,8,3.3517021e-05,df7fe7061c4a7adc,False,1,1.6975387e-17,0.4,0,1
2011-07-29,ewma_scaled_minvar,ewma_vol_x_lw_correlation,True,Optimization terminated successfully,8,1.4791539e-05,0d53c55304b86faa,False,1,0,0.4,0,1
2011-07-29,regime_minvar,a2_consumed,True,Optimization terminated successfully,8,4.3676133e-05,0f59cea205eab822,False,1,4.1199683e-18,0.4,0,1
2011-08-31,equal_weight,none,True,rule_based,0,,,False,1,0.2,0.2,0,0
2011-08-31,static_6040,none,True,rule_based,0,,,False,1,0,0.6,0,0
2011-08-31,static_minvar,training_window_ledoit_wolf,True,Optimization terminated successfully,8,3.7910651e-05,73deb11a4da03784,False,1,1.254964e-17,0.4,0,1
2011-08-31,rolling_lw_minvar,rolling_ledoit_wolf,True,Optimization terminated successfully,9,3.381673e-05,66c10cfbadd71555,False,1,0,0.4,0,1
2011-08-31,ewma_scaled_minvar,ewma_vol_x_lw_correlation,True,Optimization terminated successfully,8,7.7950444e-05,357af5203d41fece,False,1,1.6419098e-17,0.4,0,1
2011-08-31,regime_minvar,a2_consumed,True,Optimization terminated successfully,9,4.4097426e-05,4886c65bbb5f8ab5,False,1,0,0.4,0,1
2011-09-30,equal_weight,none,True,rule_based,0,,,False,1,0.2,0.2,0,0
2011-09-30,static_6040,none,True,rule_based,0,,,False,1,0,0.6,0,0
2011-09-30,static_minvar,training_window_ledoit_wolf,True,Optimization terminated successfully,8,3.7910651e-05,73deb11a4da03784,False,1,1.254964e-17,0.4,0,1
2011-09-30,rolling_lw_minvar,rolling_ledoit_wolf,True,Optimization terminated successfully,8,3.4045232e-05,d707d98455693a62,False,1,0,0.4,2.220446e-16,1
2011-09-30,ewma_scaled_minvar,ewma_vol_x_lw_correlation,True,Optimization terminated successfully,7,6.7346274e-05,ddd67905809e0d78,False,1,4.3568569e-17,0.4,2.220446e-16,1
2011-09-30,regime_minvar,a2_consumed,True,Optimization terminated successfully,9,4.444535e-05,60575774663f70e2,False,1,0,0.4,2.220446e-16,1
2011-10-31,equal_weight,none,True,rule_based,0,,,False,1,0.2,0.2,0,0
2011-10-31,static_6040,none,True,rule_based,0,,,False,1,0,0.6,0,0
2011-10-31,static_minvar,training_window_ledoit_wolf,True,Optimization terminated successfully,8,3.7910651e-05,73deb11a4da03784,False,1,1.254964e-17,0.4,0,1
2011-10-31,rolling_lw_minvar,rolling_ledoit_wolf,True,Optimization terminated successfully,9,3.4029248e-05,6342b06f782cea7e,False,1,0,0.4,0,1
2011-10-31,ewma_scaled_minvar,ewma_vol_x_lw_correlation,True,Optimization terminated successfully,10,4.8484653e-05,c0b92c3b14e3da4d,False,1,8.2051023e-19,0.4,0,1
2011-10-31,regime_minvar,a2_consumed,True,Optimization terminated successfully,11,4.4156407e-05,6ec21af7de1e4f5e,False,1,2.8853516e-18,0.4,0,1
2011-11-30,equal_weight,none,True,rule_based,0,,,False,1,0.2,0.2,0,0
2011-11-30,static_6040,none,True,rule_based,0,,,False,1,0,0.6,0,0
2011-11-30,static_minvar,training_window_ledoit_wolf,True,Optimization terminated successfully,8,3.7910651e-05,73deb11a4da03784,False,1,1.254964e-17,0.4,0,1
2011-11-30,rolling_lw_minvar,rolling_ledoit_wolf,True,Optimization terminated successfully,9,3.4386588e-05,88df4f0626d49f52,False,1,0,0.4,0,1
2011-11-30,ewma_scaled_minvar,ewma_vol_x_lw_correlation,True,Optimization terminated successfully,10,4.7343633e-05,808e2657eccdd650,False,1,0,0.4,1.110223e-16,1
2011-11-30,regime_minvar,a2_consumed,True,Optimization terminated successfully,11,4.4514493e-05,c86fc98b2eac742e,False,1,0,0.4,0,1
2011-12-30,equal_weight,none,True,rule_based,0,,,False,1,0.2,0.2,0,0
2011-12-30,static_6040,none,True,rule_based,0,,,False,1,0,0.6,0,0
2011-12-30,static_minvar,training_window_ledoit_wolf,True,Optimization terminated successfully,8,3.7910651e-05,73deb11a4da03784,False,1,1.254964e-17,0.4,0,1
2011-12-30,rolling_lw_minvar,rolling_ledoit_wolf,True,Optimization terminated successfully,9,3.4399464e-05,4df7d4f502825a75,False,1,0,0.4,0,1
2011-12-30,ewma_scaled_minvar,ewma_vol_x_lw_correlation,True,Optimization terminated successfully,10,3.5055957e-05,9209e4b5b701a76a,False,1,4.8717504e-17,0.4,2.220446e-16,1
2011-12-30,regime_minvar,a2_consumed,True,Optimization terminated successfully,11,4.1603304e-05,c2886e067777bd13,False,1,5.7222105e-18,0.4,1.110223e-16,1
2012-01-31,equal_weight,none,True,rule_based,0,,,False,1,0.2,0.2,0,0
2012-01-31,static_6040,none,True,rule_based,0,,,False,1,0,0.6,0,0
2012-01-31,static_minvar,training_window_ledoit_wolf,True,Optimization terminated successfully,8,3.7910651e-05,73deb11a4da03784,False,1,1.254964e-17,0.4,0,1
2012-01-31,rolling_lw_minvar,rolling_ledoit_wolf,True,Optimization terminated successfully,10,3.4231444e-05,dc429ef231780a0a,False,1,3.5917456e-18,0.4,0,1
2012-01-31,ewma_scaled_minvar,ewma_vol_x_lw_correlation,True,Optimization terminated successfully,11,1.707609e-05,41c54fbe1f81b724,False,1,4.7753428e-17,0.4,0,1
2012-01-31,regime_minvar,a2_consumed,True,Optimization terminated successfully,11,4.4194377e-05,cbd0bb6de29480a1,False,1,1.7327229e-17,0.4,0,1
2012-02-29,equal_weight,none,True,rule_based,0,,,False,1,0.2,0.2,0,0
2012-02-29,static_6040,none,True,rule_based,0,,,False,1,0,0.6,0,0
2012-02-29,static_minvar,training_window_ledoit_wolf,True,Optimization terminated successfully,8,3.7910651e-05,73deb11a4da03784,False,1,1.254964e-17,0.4,0,1
2012-02-29,rolling_lw_minvar,rolling_ledoit_wolf,True,Optimization terminated successfully,10,3.41092e-05,2c734ef1f9ab2186,False,1,0,0.4,0,1
2012-02-29,ewma_scaled_minvar,ewma_vol_x_lw_correlation,True,Optimization terminated successfully,7,1.1847251e-05,66148f3f670fe6fa,False,1,1.3075478e-16,0.4,0,2
2012-02-29,regime_minvar,a2_consumed,True,Optimization terminated successfully,11,4.3622023e-05,c2ecf1db527abaad,False,1,0,0.4,0,1
2012-03-30,equal_weight,none,True,rule_based,0,,,False,1,0.2,0.2,0,0
2012-03-30,static_6040,none,True,rule_based,0,,,False,1,0,0.6,0,0
2012-03-30,static_minvar,training_window_ledoit_wolf,True,Optimization terminated successfully,8,3.7910651e-05,73deb11a4da03784,False,1,1.254964e-17,0.4,0,1
2012-03-30,rolling_lw_minvar,rolling_ledoit_wolf,True,Optimization terminated successfully,10,3.3917959e-05,565f6d4649135087,False,1,2.8711406e-18,0.4,0,1
2012-03-30,ewma_scaled_minvar,ewma_vol_x_lw_correlation,True,Optimization terminated successfully,6,1.1347111e-05,9105db7c24992ae6,False,1,0,0.4,0,2
2012-03-30,regime_minvar,a2_consumed,True,Optimization terminated successfully,10,3.3917959e-05,565f6d4649135087,False,1,2.8711406e-18,0.4,0,1
2012-04-30,equal_weight,none,True,rule_based,0,,,False,1,0.2,0.2,0,0
2012-04-30,static_6040,none,True,rule_based,0,,,False,1,0,0.6,0,0
2012-04-30,static_minvar,training_window_ledoit_wolf,True,Optimization terminated successfully,8,3.7910651e-05,73deb11a4da03784,False,1,1.254964e-17,0.4,0,1
2012-04-30,rolling_lw_minvar,rolling_ledoit_wolf,True,Optimization terminated successfully,10,3.374607e-05,c9d7432504992aee,False,1,0,0.4,1.110223e-16,1
2012-04-30,ewma_scaled_minvar,ewma_vol_x_lw_correlation,True,Optimization terminated successfully,6,1.2264159e-05,cf557c19d694a4c0,False,1,0,0.4,0,1
2012-04-30,regime_minvar,a2_consumed,True,Optimization terminated successfully,10,3.374607e-05,c9d7432504992aee,False,1,0,0.4,1.110223e-16,1
2012-05-31,equal_weight,none,True,rule_based,0,,,False,1,0.2,0.2,0,0
2012-05-31,static_6040,none,True,rule_based,0,,,False,1,0,0.6,0,0
2012-05-31,static_minvar,training_window_ledoit_wolf,True,Optimization terminated successfully,8,3.7910651e-05,73deb11a4da03784,False,1,1.254964e-17,0.4,0,1
2012-05-31,rolling_lw_minvar,rolling_ledoit_wolf,True,Optimization terminated successfully,10,3.3490574e-05,fdab3b2d87161626,False,1,0,0.4,1.110223e-16,1
2012-05-31,ewma_scaled_minvar,ewma_vol_x_lw_correlation,True,Optimization terminated successfully,7,1.4255758e-05,d534417ad7fc8903,False,1,0,0.4,0,1
2012-05-31,regime_minvar,a2_consumed,True,Optimization terminated successfully,10,3.3490574e-05,fdab3b2d87161626,False,1,0,0.4,1.110223e-16,1
2012-06-29,equal_weight,none,True,rule_based,0,,,False,1,0.2,0.2,0,0
2012-06-29,static_6040,none,True,rule_based,0,,,False,1,0,0.6,0,0
2012-06-29,static_minvar,training_window_ledoit_wolf,True,Optimization terminated successfully,8,3.7910651e-05,73deb11a4da03784,False,1,1.254964e-17,0.4,0,1
2012-06-29,rolling_lw_minvar,rolling_ledoit_wolf,True,Optimization terminated successfully,10,3.342987e-05,9b1165bebfb5fe0c,False,1,4.6710373e-17,0.4,0,1
2012-06-29,ewma_scaled_minvar,ewma_vol_x_lw_correlation,True,Optimization terminated successfully,7,2.578912e-05,13762c0c159d24bd,False,1,0,0.4,0,1
2012-06-29,regime_minvar,a2_consumed,True,Optimization terminated successfully,6,1.9756143e-05,5d0f00e2f1aa4485,False,1,0,0.4,0,2
2012-07-31,equal_weight,none,True,rule_based,0,,,False,1,0.2,0.2,0,0
2012-07-31,static_6040,none,True,rule_based,0,,,False,1,0,0.6,0,0
2012-07-31,static_minvar,training_window_ledoit_wolf,True,Optimization terminated successfully,8,3.7910651e-05,73deb11a4da03784,False,1,1.254964e-17,0.4,0,1
2012-07-31,rolling_lw_minvar,rolling_ledoit_wolf,True,Optimization terminated successfully,10,3.3208979e-05,def77a32b0587d83,False,1,0,0.4,0,1
2012-07-31,ewma_scaled_minvar,ewma_vol_x_lw_correlation,True,Optimization terminated successfully,7,1.5749445e-05,9b1d5dcfb81a68b6,False,1,0,0.4,0,1
2012-07-31,regime_minvar,a2_consumed,True,Optimization terminated successfully,6,1.9683334e-05,5e4cdbadd990f175,False,1,5.3581187e-18,0.4,2.220446e-16,2
2012-08-31,equal_weight,none,True,rule_based,0,,,False,1,0.2,0.2,0,0
2012-08-31,static_6040,none,True,rule_based,0,,,False,1,0,0.6,0,0
2012-08-31,static_minvar,training_window_ledoit_wolf,True,Optimization terminated successfully,8,3.7910651e-05,73deb11a4da03784,False,1,1.254964e-17,0.4,0,1
2012-08-31,rolling_lw_minvar,rolling_ledoit_wolf,True,Optimization terminated successfully,10,3.29597e-05,e3427540ec2a1bf7,False,1,0,0.4,0,1
2012-08-31,ewma_scaled_minvar,ewma_vol_x_lw_correlation,True,Optimization terminated successfully,7,9.5292316e-06,66ee3d9e4365ec30,False,1,5.042493e-17,0.4,2.220446e-16,2
2012-08-31,regime_minvar,a2_consumed,True,Optimization terminated successfully,6,1.9472943e-05,f4a9eddc3244d5ce,False,1,2.8997802e-17,0.4,2.220446e-16,2
2012-09-28,equal_weight,none,True,rule_based,0,,,False,1,0.2,0.2,0,0
2012-09-28,static_6040,none,True,rule_based,0,,,False,1,0,0.6,0,0
2012-09-28,static_minvar,training_window_ledoit_wolf,True,Optimization terminated successfully,8,3.7910651e-05,73deb11a4da03784,False,1,1.254964e-17,0.4,0,1
2012-09-28,rolling_lw_minvar,rolling_ledoit_wolf,True,Optimization terminated successfully,10,3.2794807e-05,15a161d8ed0ad2d9,False,1,2.5073313e-17,0.4,2.220446e-16,1
2012-09-28,ewma_scaled_minvar,ewma_vol_x_lw_correlation,True,Optimization terminated successfully,5,9.7324868e-06,7adf81871308803a,False,1,0,0.4,0,2
2012-09-28,regime_minvar,a2_consumed,True,Optimization terminated successfully,6,1.9358442e-05,d46c9ca40a678705,False,1,1.0640481e-17,0.4,1.110223e-16,2
2012-10-31,equal_weight,none,True,rule_based,0,,,False,1,0.2,0.2,0,0
2012-10-31,static_6040,none,True,rule_based,0,,,False,1,0,0.6,0,0
2012-10-31,static_minvar,training_window_ledoit_wolf,True,Optimization terminated successfully,8,3.7910651e-05,73deb11a4da03784,False,1,1.254964e-17,0.4,0,1
2012-10-31,rolling_lw_minvar,rolling_ledoit_wolf,True,Optimization terminated successfully,10,3.2572487e-05,1a399107301f1b8e,False,1,0,0.4,1.110223e-16,1
2012-10-31,ewma_scaled_minvar,ewma_vol_x_lw_correlation,True,Optimization terminated successfully,10,8.7859483e-06,b7247091ce38d53a,False,1,0,0.4,0,1
2012-10-31,regime_minvar,a2_consumed,True,Optimization terminated successfully,6,1.9174227e-05,b3341591f74418d7,False,1,0,0.4,2.220446e-16,2
2012-11-30,equal_weight,none,True,rule_based,0,,,False,1,0.2,0.2,0,0
2012-11-30,static_6040,none,True,rule_based,0,,,False,1,0,0.6,0,0
2012-11-30,static_minvar,training_window_ledoit_wolf,True,Optimization terminated successfully,8,3.7910651e-05,73deb11a4da03784,False,1,1.254964e-17,0.4,0,1
2012-11-30,rolling_lw_minvar,rolling_ledoit_wolf,True,Optimization terminated successfully,10,3.2393974e-05,7f5bdd2cf0e70de1,False,1,7.4469813e-18,0.4,0,1
2012-11-30,ewma_scaled_minvar,ewma_vol_x_lw_correlation,True,Optimization terminated successfully,8,1.1434833e-05,2640e07837f915fa,False,1,0,0.4,1.110223e-16,1
2012-11-30,regime_minvar,a2_consumed,True,Optimization terminated successfully,6,1.9117569e-05,80ab1845a1c7c65c,False,1,3.6088904e-17,0.4,1.110223e-16,2
2012-12-31,equal_weight,none,True,rule_based,0,,,False,1,0.2,0.2,0,0
2012-12-31,static_6040,none,True,rule_based,0,,,False,1,0,0.6,0,0
2012-12-31,static_minvar,training_window_ledoit_wolf,True,Optimization terminated successfully,8,3.7910651e-05,73deb11a4da03784,False,1,1.254964e-17,0.4,0,1
2012-12-31,rolling_lw_minvar,rolling_ledoit_wolf,True,Optimization terminated successfully,10,3.2142376e-05,6758110c8f45000c,False,1,0,0.4,1.110223e-16,1
2012-12-31,ewma_scaled_minvar,ewma_vol_x_lw_correlation,True,Optimization terminated successfully,8,9.6557292e-06,5c79c51550305b6c,False,1,0,0.4,1.110223e-16,1
2012-12-31,regime_minvar,a2_consumed,True,Optimization terminated successfully,6,1.8907066e-05,eb13b1969f0b678b,False,1,1.7010116e-17,0.4,0,2
2013-01-31,equal_weight,none,True,rule_based,0,,,False,1,0.2,0.2,0,0
2013-01-31,static_6040,none,True,rule_based,0,,,False,1,0,0.6,0,0
2013-01-31,static_minvar,training_window_ledoit_wolf,True,Optimization terminated successfully,8,3.7910651e-05,73deb11a4da03784,False,1,1.254964e-17,0.4,0,1
2013-01-31,rolling_lw_minvar,rolling_ledoit_wolf,True,Optimization terminated successfully,10,3.1913988e-05,d2fd205e192d65d6,False,1,0,0.4,0,1
2013-01-31,ewma_scaled_minvar,ewma_vol_x_lw_correlation,True,Optimization terminated successfully,7,6.8459651e-06,09075ffde1a9ea55,False,1,0,0.4,0,1
2013-01-31,regime_minvar,a2_consumed,True,Optimization terminated successfully,6,1.8725905e-05,d77d4e3f16018de8,False,1,0,0.4,1.110223e-16,2
2013-02-28,equal_weight,none,True,rule_based,0,,,False,1,0.2,0.2,0,0
2013-02-28,static_6040,none,True,rule_based,0,,,False,1,0,0.6,0,0
2013-02-28,static_minvar,training_window_ledoit_wolf,True,Optimization terminated successfully,8,3.7910651e-05,73deb11a4da03784,False,1,1.254964e-17,0.4,0,1
2013-02-28,rolling_lw_minvar,rolling_ledoit_wolf,True,Optimization terminated successfully,10,3.1735857e-05,af9aa642c8f5c5ad,False,1,0,0.4,0,1
2013-02-28,ewma_scaled_minvar,ewma_vol_x_lw_correlation,True,Optimization terminated successfully,8,1.2646402e-05,a736c7952871ea98,False,1,3.4965573e-17,0.4,0,1
2013-02-28,regime_minvar,a2_consumed,True,Optimization terminated successfully,6,1.8593363e-05,b606186fdfcc96c8,False,1,5.2596723e-17,0.4,0,2
2013-03-28,equal_weight,none,True,rule_based,0,,,False,1,0.2,0.2,0,0
2013-03-28,static_6040,none,True,rule_based,0,,,False,1,0,0.6,0,0
2013-03-28,static_minvar,training_window_ledoit_wolf,True,Optimization terminated successfully,8,3.7910651e-05,73deb11a4da03784,False,1,1.254964e-17,0.4,0,1
2013-03-28,rolling_lw_minvar,rolling_ledoit_wolf,True,Optimization terminated successfully,10,3.1456815e-05,f79dffe0d8abee12,False,1,0,0.4,1.110223e-16,1
2013-03-28,ewma_scaled_minvar,ewma_vol_x_lw_correlation,True,Optimization terminated successfully,11,6.8385444e-06,78b3f377b1b5aad2,False,1,2.0464842e-17,0.4,1.110223e-16,1
2013-03-28,regime_minvar,a2_consumed,True,Optimization terminated successfully,6,1.8331378e-05,950430eb7e115601,False,1,0,0.4,0,2
2013-04-30,equal_weight,none,True,rule_based,0,,,False,1,0.2,0.2,0,0
2013-04-30,static_6040,none,True,rule_based,0,,,False,1,0,0.6,0,0
2013-04-30,static_minvar,training_window_ledoit_wolf,True,Optimization terminated successfully,8,3.7910651e-05,73deb11a4da03784,False,1,1.254964e-17,0.4,0,1
2013-04-30,rolling_lw_minvar,rolling_ledoit_wolf,True,Optimization terminated successfully,10,3.1817968e-05,0c80f210183e4cce,False,1,0,0.4,2.220446e-16,1
2013-04-30,ewma_scaled_minvar,ewma_vol_x_lw_correlation,True,Optimization terminated successfully,7,1.9219038e-05,96a7352b47fd43b5,False,1,6.710195e-18,0.4,0,2
2013-04-30,regime_minvar,a2_consumed,True,Optimization terminated successfully,7,1.8773864e-05,5eb9000e7fa084fa,False,1,0,0.4,0,2
2013-05-31,equal_weight,none,True,rule_based,0,,,False,1,0.2,0.2,0,0
2013-05-31,static_6040,none,True,rule_based,0,,,False,1,0,0.6,0,0
2013-05-31,static_minvar,training_window_ledoit_wolf,True,Optimization terminated successfully,8,3.7910651e-05,73deb11a4da03784,False,1,1.254964e-17,0.4,0,1
2013-05-31,rolling_lw_minvar,rolling_ledoit_wolf,True,Optimization terminated successfully,10,3.1722859e-05,c943d6e88e6a4627,False,1,3.6958694e-17,0.4,0,1
2013-05-31,ewma_scaled_minvar,ewma_vol_x_lw_correlation,True,Optimization terminated successfully,9,1.2913484e-05,93c145f86a3697d9,False,1,0,0.4,0,1
2013-05-31,regime_minvar,a2_consumed,True,Optimization terminated successfully,7,1.8717097e-05,7a628da4b455a9ce,False,1,4.8988998e-17,0.4,2.220446e-16,2
2013-06-28,equal_weight,none,True,rule_based,0,,,False,1,0.2,0.2,0,0
2013-06-28,static_6040,none,True,rule_based,0,,,False,1,0,0.6,0,0
2013-06-28,static_minvar,training_window_ledoit_wolf,True,Optimization terminated successfully,8,3.7910651e-05,73deb11a4da03784,False,1,1.254964e-17,0.4,0,1
2013-06-28,rolling_lw_minvar,rolling_ledoit_wolf,True,Optimization terminated successfully,10,3.1966337e-05,def1bcccc0fa8e46,False,1,0,0.4,0,1
2013-06-28,ewma_scaled_minvar,ewma_vol_x_lw_correlation,True,Optimization terminated successfully,9,2.2909739e-05,5311b4de0ab7c8df,False,1,0,0.4,1.110223e-16,2
2013-06-28,regime_minvar,a2_consumed,True,Optimization terminated successfully,7,1.9199988e-05,d41cb00a08ee0be3,False,1,4.3353264e-18,0.4,2.220446e-16,2
2013-07-31,equal_weight,none,True,rule_based,0,,,False,1,0.2,0.2,0,0
2013-07-31,static_6040,none,True,rule_based,0,,,False,1,0,0.6,0,0
2013-07-31,static_minvar,training_window_ledoit_wolf,True,Optimization terminated successfully,8,3.7910651e-05,73deb11a4da03784,False,1,1.254964e-17,0.4,0,1
2013-07-31,rolling_lw_minvar,rolling_ledoit_wolf,True,Optimization terminated successfully,10,3.1941748e-05,5fbe1ea18cee1a43,False,1,0,0.4,0,1
2013-07-31,ewma_scaled_minvar,ewma_vol_x_lw_correlation,True,Optimization terminated successfully,8,1.1046244e-05,e370c5baba552888,False,1,1.7313353e-17,0.4,0,2
2013-07-31,regime_minvar,a2_consumed,True,Optimization terminated successfully,7,1.9234806e-05,5e322add6d77e38e,False,1,0,0.4,1.110223e-16,2
2013-08-30,equal_weight,none,True,rule_based,0,,,False,1,0.2,0.2,0,0
2013-08-30,static_6040,none,True,rule_based,0,,,False,1,0,0.6,0,0
2013-08-30,static_minvar,training_window_ledoit_wolf,True,Optimization terminated successfully,8,3.7910651e-05,73deb11a4da03784,False,1,1.254964e-17,0.4,0,1
2013-08-30,rolling_lw_minvar,rolling_ledoit_wolf,True,Optimization terminated successfully,10,3.1779465e-05,a1d38bc0523541ec,False,1,0,0.4,1.110223e-16,1
2013-08-30,ewma_scaled_minvar,ewma_vol_x_lw_correlation,True,Optimization terminated successfully,7,1.1561734e-05,dbaf3364e5f7e67b,False,1,0,0.4,1.110223e-16,2
2013-08-30,regime_minvar,a2_consumed,True,Optimization terminated successfully,7,2.074382e-05,86848c6b12d21975,False,1,9.2390119e-18,0.4,0,2
2013-09-30,equal_weight,none,True,rule_based,0,,,False,1,0.2,0.2,0,0
2013-09-30,static_6040,none,True,rule_based,0,,,False,1,0,0.6,0,0
2013-09-30,static_minvar,training_window_ledoit_wolf,True,Optimization terminated successfully,8,3.7910651e-05,73deb11a4da03784,False,1,1.254964e-17,0.4,0,1
2013-09-30,rolling_lw_minvar,rolling_ledoit_wolf,True,Optimization terminated successfully,10,3.1829614e-05,7c62bdcdd8daa2b3,False,1,2.9780767e-17,0.4,2.220446e-16,1
2013-09-30,ewma_scaled_minvar,ewma_vol_x_lw_correlation,True,Optimization terminated successfully,9,9.3695855e-06,22112224084cbf5c,False,1,1.8323017e-17,0.4,0,2
2013-09-30,regime_minvar,a2_consumed,True,Optimization terminated successfully,7,2.002788e-05,f60f456d0e1ca612,False,1,0,0.4,1.110223e-16,2
2013-10-31,equal_weight,none,True,rule_based,0,,,False,1,0.2,0.2,0,0
2013-10-31,static_6040,none,True,rule_based,0,,,False,1,0,0.6,0,0
2013-10-31,static_minvar,training_window_ledoit_wolf,True,Optimization terminated successfully,8,3.7910651e-05,73deb11a4da03784,False,1,1.254964e-17,0.4,0,1
2013-10-31,rolling_lw_minvar,rolling_ledoit_wolf,True,Optimization terminated successfully,10,3.1703862e-05,03fed51775e1b940,False,1,0,0.4,0,1
2013-10-31,ewma_scaled_minvar,ewma_vol_x_lw_correlation,True,Optimization terminated successfully,7,1.193794e-05,7265ce93f9816d67,False,1,0,0.4,0,2
2013-10-31,regime_minvar,a2_consumed,True,Optimization terminated successfully,7,1.9677597e-05,9d0bfef7a6e0c702,False,1,0,0.4,1.110223e-16,2
2013-11-29,equal_weight,none,True,rule_based,0,,,False,1,0.2,0.2,0,0
2013-11-29,static_6040,none,True,rule_based,0,,,False,1,0,0.6,0,0
2013-11-29,static_minvar,training_window_ledoit_wolf,True,Optimization terminated successfully,8,3.7910651e-05,73deb11a4da03784,False,1,1.254964e-17,0.4,0,1
2013-11-29,rolling_lw_minvar,rolling_ledoit_wolf,True,Optimization terminated successfully,10,3.1563482e-05,e75cccfb11d91841,False,1,0,0.4,2.220446e-16,1
2013-11-29,ewma_scaled_minvar,ewma_vol_x_lw_correlation,True,Optimization terminated successfully,5,8.6498124e-06,92610bfa8d109f26,False,1,1.4094628e-17,0.4,1.110223e-16,2
2013-11-29,regime_minvar,a2_consumed,True,Optimization terminated successfully,7,1.9167097e-05,5675053bf54683f6,False,1,1.4528309e-17,0.4,2.220446e-16,2
2013-12-31,equal_weight,none,True,rule_based,0,,,False,1,0.2,0.2,0,0
2013-12-31,static_6040,none,True,rule_based,0,,,False,1,0,0.6,0,0
2013-12-31,static_minvar,training_window_ledoit_wolf,True,Optimization terminated successfully,8,3.7910651e-05,73deb11a4da03784,False,1,1.254964e-17,0.4,0,1
2013-12-31,rolling_lw_minvar,rolling_ledoit_wolf,True,Optimization terminated successfully,10,3.1480375e-05,547817903847fb09,False,1,1.7468506e-17,0.4,0,1
2013-12-31,ewma_scaled_minvar,ewma_vol_x_lw_correlation,True,Optimization terminated successfully,8,9.0517286e-06,fbdcde78dec57a94,False,1,0,0.4,0,2
2013-12-31,regime_minvar,a2_consumed,True,Optimization terminated successfully,7,1.9141771e-05,62c26e17437a1f17,False,1,5.9468489e-17,0.4,0,2
2014-01-31,equal_weight,none,True,rule_based,0,,,False,1,0.2,0.2,0,0
2014-01-31,static_6040,none,True,rule_based,0,,,False,1,0,0.6,0,0
2014-01-31,static_minvar,training_window_ledoit_wolf,True,Optimization terminated successfully,8,3.7910651e-05,73deb11a4da03784,False,1,1.254964e-17,0.4,0,1
2014-01-31,rolling_lw_minvar,rolling_ledoit_wolf,True,Optimization terminated successfully,10,3.1285496e-05,ed313de09976505c,False,1,0,0.4,0,1
2014-01-31,ewma_scaled_minvar,ewma_vol_x_lw_correlation,True,Optimization terminated successfully,7,1.4486939e-05,d91b9938250ec37b,False,1,0,0.4,0,2
2014-01-31,regime_minvar,a2_consumed,True,Optimization terminated successfully,7,1.9017463e-05,848ce080026c1e24,False,1,3.6537613e-17,0.4,1.110223e-16,2
2014-02-28,equal_weight,none,True,rule_based,0,,,False,1,0.2,0.2,0,0
2014-02-28,static_6040,none,True,rule_based,0,,,False,1,0,0.6,0,0
2014-02-28,static_minvar,training_window_ledoit_wolf,True,Optimization terminated successfully,8,3.7910651e-05,73deb11a4da03784,False,1,1.254964e-17,0.4,0,1
2014-02-28,rolling_lw_minvar,rolling_ledoit_wolf,True,Optimization terminated successfully,10,3.1133329e-05,fa64430e20e6c312,False,1,1.3933153e-17,0.4,0,1
2014-02-28,ewma_scaled_minvar,ewma_vol_x_lw_correlation,True,Optimization terminated successfully,6,1.0688432e-05,819a6a629320f999,False,1,3.1201306e-17,0.4,2.220446e-16,1
2014-02-28,regime_minvar,a2_consumed,True,Optimization terminated successfully,7,1.8936641e-05,cc0fe6689baaf12d,False,1,2.8135046e-17,0.4,0,2
2014-03-31,equal_weight,none,True,rule_based,0,,,False,1,0.2,0.2,0,0
2014-03-31,static_6040,none,True,rule_based,0,,,False,1,0,0.6,0,0
2014-03-31,static_minvar,training_window_ledoit_wolf,True,Optimization terminated successfully,8,3.7910651e-05,73deb11a4da03784,False,1,1.254964e-17,0.4,0,1
2014-03-31,rolling_lw_minvar,rolling_ledoit_wolf,True,Optimization terminated successfully,10,3.0975449e-05,7041edcd5f3bae4d,False,1,3.29471e-18,0.4,0,1
2014-03-31,ewma_scaled_minvar,ewma_vol_x_lw_correlation,True,Optimization terminated successfully,7,9.8622637e-06,c0ab7ca28a295259,False,1,0,0.4,2.220446e-16,2
2014-03-31,regime_minvar,a2_consumed,True,Optimization terminated successfully,7,1.8809468e-05,ad578f2b1de6721a,False,1,0,0.4,2.220446e-16,2
2014-04-30,equal_weight,none,True,rule_based,0,,,False,1,0.2,0.2,0,0
2014-04-30,static_6040,none,True,rule_based,0,,,False,1,0,0.6,0,0
2014-04-30,static_minvar,training_window_ledoit_wolf,True,Optimization terminated successfully,8,3.7910651e-05,73deb11a4da03784,False,1,1.254964e-17,0.4,0,1
2014-04-30,rolling_lw_minvar,rolling_ledoit_wolf,True,Optimization terminated successfully,10,3.077462e-05,497ba801dfa4656f,False,1,0,0.4,0,1
2014-04-30,ewma_scaled_minvar,ewma_vol_x_lw_correlation,True,Optimization terminated successfully,4,9.5417579e-06,37005c44157a5d5c,False,1,3.469447e-18,0.4,0,1
2014-04-30,regime_minvar,a2_consumed,True,Optimization terminated successfully,7,1.8681201e-05,d85b0036b108fab0,False,1,1.3376344e-17,0.4,0,2
2014-05-30,equal_weight,none,True,rule_based,0,,,False,1,0.2,0.2,0,0
2014-05-30,static_6040,none,True,rule_based,0,,,False,1,0,0.6,0,0
2014-05-30,static_minvar,training_window_ledoit_wolf,True,Optimization terminated successfully,8,3.7910651e-05,73deb11a4da03784,False,1,1.254964e-17,0.4,0,1
2014-05-30,rolling_lw_minvar,rolling_ledoit_wolf,True,Optimization terminated successfully,10,3.0544827e-05,5c1d31efdffd7f46,False,1,1.9792625e-17,0.4,0,1
2014-05-30,ewma_scaled_minvar,ewma_vol_x_lw_correlation,True,Optimization terminated successfully,5,7.2905165e-06,a09b9c549cff4d79,False,1,0,0.4,1.110223e-16,2
2014-05-30,regime_minvar,a2_consumed,True,Optimization terminated successfully,7,1.849611e-05,6edfbda4f637b341,False,1,0,0.4,0,2
2014-06-30,equal_weight,none,True,rule_based,0,,,False,1,0.2,0.2,0,0
2014-06-30,static_6040,none,True,rule_based,0,,,False,1,0,0.6,0,0
2014-06-30,static_minvar,training_window_ledoit_wolf,True,Optimization terminated successfully,8,3.7910651e-05,73deb11a4da03784,False,1,1.254964e-17,0.4,0,1
2014-06-30,rolling_lw_minvar,rolling_ledoit_wolf,True,Optimization terminated successfully,10,3.0337374e-05,7b3f2f988858fe38,False,1,0,0.4,0,1
2014-06-30,ewma_scaled_minvar,ewma_vol_x_lw_correlation,True,Optimization terminated successfully,6,5.1387193e-06,6158c90f0e099081,False,1,0,0.4,1.110223e-16,2
2014-06-30,regime_minvar,a2_consumed,True,Optimization terminated successfully,7,1.8327969e-05,be60bb2d2ed533b2,False,1,0,0.4,1.110223e-16,2
2014-07-31,equal_weight,none,True,rule_based,0,,,False,1,0.2,0.2,0,0
2014-07-31,static_6040,none,True,rule_based,0,,,False,1,0,0.6,0,0
2014-07-31,static_minvar,training_window_ledoit_wolf,True,Optimization terminated successfully,8,3.7910651e-05,73deb11a4da03784,False,1,1.254964e-17,0.4,0,1
2014-07-31,rolling_lw_minvar,rolling_ledoit_wolf,True,Optimization terminated successfully,10,3.0157193e-05,5471f8530daf868e,False,1,3.0464599e-18,0.4,0,1
2014-07-31,ewma_scaled_minvar,ewma_vol_x_lw_correlation,True,Optimization terminated successfully,6,9.7090125e-06,c8c860c8bef83a4b,False,1,2.3393779e-17,0.4,0,2
2014-07-31,regime_minvar,a2_consumed,True,Optimization terminated successfully,7,1.8216976e-05,162667b9070e1c9f,False,1,0,0.4,2.220446e-16,2
2014-08-29,equal_weight,none,True,rule_based,0,,,False,1,0.2,0.2,0,0
2014-08-29,static_6040,none,True,rule_based,0,,,False,1,0,0.6,0,0
2014-08-29,static_minvar,training_window_ledoit_wolf,True,Optimization terminated successfully,8,3.7910651e-05,73deb11a4da03784,False,1,1.254964e-17,0.4,0,1
2014-08-29,rolling_lw_minvar,rolling_ledoit_wolf,True,Optimization terminated successfully,10,2.9930884e-05,99af51f85f10c36a,False,1,2.3846823e-18,0.4,0,1
2014-08-29,ewma_scaled_minvar,ewma_vol_x_lw_correlation,True,Optimization terminated successfully,8,5.6203994e-06,79a6579266b7d24d,False,1,2.6320808e-17,0.4,1.110223e-16,1
2014-08-29,regime_minvar,a2_consumed,True,Optimization terminated successfully,7,1.8037327e-05,dd39852d0f8953ca,False,1,8.5380921e-19,0.4,1.110223e-16,2
2014-09-30,equal_weight,none,True,rule_based,0,,,False,1,0.2,0.2,0,0
2014-09-30,static_6040,none,True,rule_based,0,,,False,1,0,0.6,0,0
2014-09-30,static_minvar,training_window_ledoit_wolf,True,Optimization terminated successfully,8,3.7910651e-05,73deb11a4da03784,False,1,1.254964e-17,0.4,0,1
2014-09-30,rolling_lw_minvar,rolling_ledoit_wolf,True,Optimization terminated successfully,10,2.9756944e-05,8e980c2f071f4047,False,1,1.2459282e-17,0.4,0,1
2014-09-30,ewma_scaled_minvar,ewma_vol_x_lw_correlation,True,Optimization terminated successfully,7,6.8760509e-06,70dc945155fba6ab,False,1,0,0.4,0,1
2014-09-30,regime_minvar,a2_consumed,True,Optimization terminated successfully,7,1.7931047e-05,83adac5f5783c4a7,False,1,1.0469327e-17,0.4,2.220446e-16,2
2014-10-31,equal_weight,none,True,rule_based,0,,,False,1,0.2,0.2,0,0
2014-10-31,static_6040,none,True,rule_based,0,,,False,1,0,0.6,0,0
2014-10-31,static_minvar,training_window_ledoit_wolf,True,Optimization terminated successfully,8,3.7910651e-05,73deb11a4da03784,False,1,1.254964e-17,0.4,0,1
2014-10-31,rolling_lw_minvar,rolling_ledoit_wolf,True,Optimization terminated successfully,10,2.9622887e-05,ee3aff26804d333f,False,1,1.0888589e-17,0.4,1.110223e-16,1
2014-10-31,ewma_scaled_minvar,ewma_vol_x_lw_correlation,True,Optimization terminated successfully,7,1.5320055e-05,65c3ff9a6c6601fc,False,1,2.1047075e-17,0.4,0,1
2014-10-31,regime_minvar,a2_consumed,True,Optimization terminated successfully,7,1.8209594e-05,018afccc663d16d8,False,1,0,0.4,0,2
2014-11-28,equal_weight,none,True,rule_based,0,,,False,1,0.2,0.2,0,0
2014-11-28,static_6040,none,True,rule_based,0,,,False,1,0,0.6,0,0
2014-11-28,static_minvar,training_window_ledoit_wolf,True,Optimization terminated successfully,8,3.7910651e-05,73deb11a4da03784,False,1,1.254964e-17,0.4,0,1
2014-11-28,rolling_lw_minvar,rolling_ledoit_wolf,True,Optimization terminated successfully,10,2.9539246e-05,e5b67a6b0ffdfae8,False,1,1.2813587e-17,0.4,0,1
2014-11-28,ewma_scaled_minvar,ewma_vol_x_lw_correlation,True,Optimization terminated successfully,6,1.0047884e-05,f771bf29ca7e39c8,False,1,8.7257946e-17,0.4,0,2
2014-11-28,regime_minvar,a2_consumed,True,Optimization terminated successfully,7,1.8101258e-05,54244e5d42e363dc,False,1,0,0.4,0,2
2014-12-31,equal_weight,none,True,rule_based,0,,,False,1,0.2,0.2,0,0
2014-12-31,static_6040,none,True,rule_based,0,,,False,1,0,0.6,0,0
2014-12-31,static_minvar,training_window_ledoit_wolf,True,Optimization terminated successfully,8,3.7910651e-05,73deb11a4da03784,False,1,1.254964e-17,0.4,0,1
2014-12-31,rolling_lw_minvar,rolling_ledoit_wolf,True,Optimization terminated successfully,10,2.9472413e-05,fb9c97ca9c7de536,False,1,0,0.4,0,1
2014-12-31,ewma_scaled_minvar,ewma_vol_x_lw_correlation,True,Optimization terminated successfully,10,1.7888085e-05,79704f06022b4cbf,False,1,0,0.4,2.220446e-16,1
2014-12-31,regime_minvar,a2_consumed,True,Optimization terminated successfully,7,1.8298855e-05,ba3a928a6e2acb2b,False,1,1.507041e-17,0.4,1.110223e-16,2
2015-01-30,equal_weight,none,True,rule_based,0,,,False,1,0.2,0.2,0,0
2015-01-30,static_6040,none,True,rule_based,0,,,False,1,0,0.6,0,0
2015-01-30,static_minvar,training_window_ledoit_wolf,True,Optimization terminated successfully,8,3.7910651e-05,73deb11a4da03784,False,1,1.254964e-17,0.4,0,1
2015-01-30,rolling_lw_minvar,rolling_ledoit_wolf,True,Optimization terminated successfully,10,2.9331119e-05,7a4b980b1ff2b527,False,1,0,0.4,2.220446e-16,1
2015-01-30,ewma_scaled_minvar,ewma_vol_x_lw_correlation,True,Optimization terminated successfully,8,2.2193715e-05,892e1ab956a27c13,False,1,0,0.4,1.110223e-16,2
2015-01-30,regime_minvar,a2_consumed,True,Optimization terminated successfully,7,1.8492956e-05,2155e77bd64f67c1,False,1,0,0.4,4.4408921e-16,2
2015-02-27,equal_weight,none,True,rule_based,0,,,False,1,0.2,0.2,0,0
2015-02-27,static_6040,none,True,rule_based,0,,,False,1,0,0.6,0,0
2015-02-27,static_minvar,training_window_ledoit_wolf,True,Optimization terminated successfully,8,3.7910651e-05,73deb11a4da03784,False,1,1.254964e-17,0.4,0,1
2015-02-27,rolling_lw_minvar,rolling_ledoit_wolf,True,Optimization terminated successfully,10,2.9222526e-05,9a8256d1624f8c81,False,1,0,0.4,0,1
2015-02-27,ewma_scaled_minvar,ewma_vol_x_lw_correlation,True,Optimization terminated successfully,8,1.2213807e-05,1b5e5ba2075bbacb,False,1,0,0.4,1.110223e-16,2
2015-02-27,regime_minvar,a2_consumed,True,Optimization terminated successfully,7,1.8125074e-05,4fae0c792a3e2a5f,False,1,0,0.4,2.220446e-16,2
2015-03-31,equal_weight,none,True,rule_based,0,,,False,1,0.2,0.2,0,0
2015-03-31,static_6040,none,True,rule_based,0,,,False,1,0,0.6,0,0
2015-03-31,static_minvar,training_window_ledoit_wolf,True,Optimization terminated successfully,8,3.7910651e-05,73deb11a4da03784,False,1,1.254964e-17,0.4,0,1
2015-03-31,rolling_lw_minvar,rolling_ledoit_wolf,True,Optimization terminated successfully,10,2.9234741e-05,0d5ccc0d05aa16d8,False,1,7.4331244e-18,0.4,0,1
2015-03-31,ewma_scaled_minvar,ewma_vol_x_lw_correlation,True,Optimization terminated successfully,13,1.3747742e-05,221a493eb655b0eb,False,1,0.018662296,0.4,0,1
2015-03-31,regime_minvar,a2_consumed,True,Optimization terminated successfully,7,1.8289389e-05,747746df1e60d599,False,1,2.0105174e-17,0.4,4.4408921e-16,2
2015-04-30,equal_weight,none,True,rule_based,0,,,False,1,0.2,0.2,0,0
2015-04-30,static_6040,none,True,rule_based,0,,,False,1,0,0.6,0,0
2015-04-30,static_minvar,training_window_ledoit_wolf,True,Optimization terminated successfully,8,3.7910651e-05,73deb11a4da03784,False,1,1.254964e-17,0.4,0,1
2015-04-30,rolling_lw_minvar,rolling_ledoit_wolf,True,Optimization terminated successfully,10,2.9102422e-05,1d6b8f629d7cb2a8,False,1,2.1228551e-17,0.4,0,1
2015-04-30,ewma_scaled_minvar,ewma_vol_x_lw_correlation,True,Optimization terminated successfully,5,1.0780792e-05,75eb50259edc26d7,False,1,1.1926224e-17,0.4,1.110223e-16,2
2015-04-30,regime_minvar,a2_consumed,True,Optimization terminated successfully,7,1.819065e-05,939fb9446baf3bd3,False,1,7.5209749e-17,0.4,0,2
2015-05-29,equal_weight,none,True,rule_based,0,,,False,1,0.2,0.2,0,0
2015-05-29,static_6040,none,True,rule_based,0,,,False,1,0,0.6,0,0
2015-05-29,static_minvar,training_window_ledoit_wolf,True,Optimization terminated successfully,8,3.7910651e-05,73deb11a4da03784,False,1,1.254964e-17,0.4,0,1
2015-05-29,rolling_lw_minvar,rolling_ledoit_wolf,True,Optimization terminated successfully,10,2.8996791e-05,348b0f87c1e96314,False,1,2.3276201e-19,0.4,1.110223e-16,1
2015-05-29,ewma_scaled_minvar,ewma_vol_x_lw_correlation,True,Optimization terminated successfully,7,9.5401009e-06,9f56e0c3973aaa3f,False,1,4.4906299e-17,0.4,0,2
2015-05-29,regime_minvar,a2_consumed,True,Optimization terminated successfully,7,1.816071e-05,30c4c7c0e7c8b266,False,1,0,0.4,1.110223e-16,2
2015-06-30,equal_weight,none,True,rule_based,0,,,False,1,0.2,0.2,0,0
2015-06-30,static_6040,none,True,rule_based,0,,,False,1,0,0.6,0,0
2015-06-30,static_minvar,training_window_ledoit_wolf,True,Optimization terminated successfully,8,3.7910651e-05,73deb11a4da03784,False,1,1.254964e-17,0.4,0,1
2015-06-30,rolling_lw_minvar,rolling_ledoit_wolf,True,Optimization terminated successfully,10,2.8840379e-05,0f70bcb49d065020,False,1,0,0.4,0,1
2015-06-30,ewma_scaled_minvar,ewma_vol_x_lw_correlation,True,Optimization terminated successfully,7,1.0556504e-05,105ee65bd56e13c4,False,1,0,0.4,0,1
2015-06-30,regime_minvar,a2_consumed,True,Optimization terminated successfully,7,1.8104599e-05,69a65c911de50a78,False,1,0,0.4,3.3306691e-16,2
2015-07-31,equal_weight,none,True,rule_based,0,,,False,1,0.2,0.2,0,0
2015-07-31,static_6040,none,True,rule_based,0,,,False,1,0,0.6,0,0
2015-07-31,static_minvar,training_window_ledoit_wolf,True,Optimization terminated successfully,8,3.7910651e-05,73deb11a4da03784,False,1,1.254964e-17,0.4,0,1
2015-07-31,rolling_lw_minvar,rolling_ledoit_wolf,True,Optimization terminated successfully,10,2.8656029e-05,5178ed4db1a92713,False,1,3.2584577e-17,0.4,0,1
2015-07-31,ewma_scaled_minvar,ewma_vol_x_lw_correlation,True,Optimization terminated successfully,8,1.034659e-05,9b1bf89940fb1c0d,False,1,0,0.4,2.220446e-16,1
2015-07-31,regime_minvar,a2_consumed,True,Optimization terminated successfully,7,1.7921661e-05,5a1dc74072419912,False,1,0,0.4,2.220446e-16,2
2015-08-31,equal_weight,none,True,rule_based,0,,,False,1,0.2,0.2,0,0
2015-08-31,static_6040,none,True,rule_based,0,,,False,1,0,0.6,0,0
2015-08-31,static_minvar,training_window_ledoit_wolf,True,Optimization terminated successfully,8,3.7910651e-05,73deb11a4da03784,False,1,1.254964e-17,0.4,0,1
2015-08-31,rolling_lw_minvar,rolling_ledoit_wolf,True,Optimization terminated successfully,10,2.8671871e-05,4aa4872ce1dd8c39,False,1,3.9306233e-18,0.4,0,1
2015-08-31,ewma_scaled_minvar,ewma_vol_x_lw_correlation,True,Optimization terminated successfully,2,2.0469892e-05,75c7d9fd99199656,False,1,0,0.4,2.220446e-16,2
2015-08-31,regime_minvar,a2_consumed,True,Optimization terminated successfully,10,4.5026203e-05,401812d61127d578,False,1,0,0.4,0,1
2015-09-30,equal_weight,none,True,rule_based,0,,,False,1,0.2,0.2,0,0
2015-09-30,static_6040,none,True,rule_based,0,,,False,1,0,0.6,0,0
2015-09-30,static_minvar,training_window_ledoit_wolf,True,Optimization terminated successfully,8,3.7910651e-05,73deb11a4da03784,False,1,1.254964e-17,0.4,0,1
2015-09-30,rolling_lw_minvar,rolling_ledoit_wolf,True,Optimization terminated successfully,10,2.8625677e-05,c05bdb94ddc7e3d1,False,1,0,0.4,0,1
2015-09-30,ewma_scaled_minvar,ewma_vol_x_lw_correlation,True,Optimization terminated successfully,9,2.1405321e-05,468d85b606a21493,False,1,0,0.4,0,1
2015-09-30,regime_minvar,a2_consumed,True,Optimization terminated successfully,10,4.4506137e-05,0f8e3c4d84f17ef9,False,1,0,0.4,0,1
2015-10-30,equal_weight,none,True,rule_based,0,,,False,1,0.2,0.2,0,0
2015-10-30,static_6040,none,True,rule_based,0,,,False,1,0,0.6,0,0
2015-10-30,static_minvar,training_window_ledoit_wolf,True,Optimization terminated successfully,8,3.7910651e-05,73deb11a4da03784,False,1,1.254964e-17,0.4,0,1
2015-10-30,rolling_lw_minvar,rolling_ledoit_wolf,True,Optimization terminated successfully,10,2.8513364e-05,194d880896d862ee,False,1,4.5514515e-17,0.4,0,1
2015-10-30,ewma_scaled_minvar,ewma_vol_x_lw_correlation,True,Optimization terminated successfully,7,1.4931727e-05,c85800de8652ebfa,False,1,0,0.4,0,1
2015-10-30,regime_minvar,a2_consumed,True,Optimization terminated successfully,7,1.799518e-05,4c4fc4ae56767021,False,1,2.6617163e-17,0.4,0,2
2015-11-30,equal_weight,none,True,rule_based,0,,,False,1,0.2,0.2,0,0
2015-11-30,static_6040,none,True,rule_based,0,,,False,1,0,0.6,0,0
2015-11-30,static_minvar,training_window_ledoit_wolf,True,Optimization terminated successfully,8,3.7910651e-05,73deb11a4da03784,False,1,1.254964e-17,0.4,0,1
2015-11-30,rolling_lw_minvar,rolling_ledoit_wolf,True,Optimization terminated successfully,10,2.8395227e-05,526490a9a95b02b1,False,1,0,0.4,2.220446e-16,1
2015-11-30,ewma_scaled_minvar,ewma_vol_x_lw_correlation,True,Optimization terminated successfully,7,1.1484316e-05,24d155dfdff7e6c6,False,1,0,0.4,0,1
2015-11-30,regime_minvar,a2_consumed,True,Optimization terminated successfully,7,1.7937932e-05,fe2c146679636745,False,1,0,0.4,0,2
2015-12-31,equal_weight,none,True,rule_based,0,,,False,1,0.2,0.2,0,0
2015-12-31,static_6040,none,True,rule_based,0,,,False,1,0,0.6,0,0
2015-12-31,static_minvar,training_window_ledoit_wolf,True,Optimization terminated successfully,8,3.7910651e-05,73deb11a4da03784,False,1,1.254964e-17,0.4,0,1
2015-12-31,rolling_lw_minvar,rolling_ledoit_wolf,True,Optimization terminated successfully,10,2.8398139e-05,46ca0e26e77fbb9c,False,1,5.3143377e-18,0.4,0,1
2015-12-31,ewma_scaled_minvar,ewma_vol_x_lw_correlation,True,Optimization terminated successfully,11,1.7367962e-05,f81d9ecfc6d4b852,False,1,0.016723264,0.4,2.220446e-16,1
2015-12-31,regime_minvar,a2_consumed,True,Optimization terminated successfully,7,1.8247394e-05,a3ac92dc68c70e3f,False,1,6.9685401e-17,0.4,0,2
2016-01-29,equal_weight,none,True,rule_based,0,,,False,1,0.2,0.2,0,0
2016-01-29,static_6040,none,True,rule_based,0,,,False,1,0,0.6,0,0
2016-01-29,static_minvar,training_window_ledoit_wolf,True,Optimization terminated successfully,8,3.7910651e-05,73deb11a4da03784,False,1,1.254964e-17,0.4,0,1
2016-01-29,rolling_lw_minvar,rolling_ledoit_wolf,True,Optimization terminated successfully,10,2.8330572e-05,d2675dad9f8d5f42,False,1,7.8982183e-18,0.4,1.110223e-16,1
2016-01-29,ewma_scaled_minvar,ewma_vol_x_lw_correlation,True,Optimization terminated successfully,4,2.1999128e-05,780763d04b012a3e,False,1,3.2526065e-19,0.4,0,1
2016-01-29,regime_minvar,a2_consumed,True,Optimization terminated successfully,10,4.3463704e-05,a519e4d0e802275c,False,1,2.6445958e-17,0.4,0,1
2016-02-29,equal_weight,none,True,rule_based,0,,,False,1,0.2,0.2,0,0
2016-02-29,static_6040,none,True,rule_based,0,,,False,1,0,0.6,0,0
2016-02-29,static_minvar,training_window_ledoit_wolf,True,Optimization terminated successfully,8,3.7910651e-05,73deb11a4da03784,False,1,1.254964e-17,0.4,0,1
2016-02-29,rolling_lw_minvar,rolling_ledoit_wolf,True,Optimization terminated successfully,10,2.8235814e-05,cedef4605fbfd00d,False,1,1.5630934e-18,0.4,1.110223e-16,1
2016-02-29,ewma_scaled_minvar,ewma_vol_x_lw_correlation,True,Optimization terminated successfully,8,2.9060111e-05,78f6decbbdc43295,False,1,0,0.4,0,1
2016-02-29,regime_minvar,a2_consumed,True,Optimization terminated successfully,10,4.2739518e-05,6c8c01eb64707ac7,False,1,0,0.4,0,1
2016-03-31,equal_weight,none,True,rule_based,0,,,False,1,0.2,0.2,0,0
2016-03-31,static_6040,none,True,rule_based,0,,,False,1,0,0.6,0,0
2016-03-31,static_minvar,training_window_ledoit_wolf,True,Optimization terminated successfully,8,3.7910651e-05,73deb11a4da03784,False,1,1.254964e-17,0.4,0,1
2016-03-31,rolling_lw_minvar,rolling_ledoit_wolf,True,Optimization terminated successfully,10,2.8145395e-05,ac83799b4d7ae7cf,False,1,0,0.4,0,1
2016-03-31,ewma_scaled_minvar,ewma_vol_x_lw_correlation,True,Optimization terminated successfully,7,1.6431119e-05,719dbfabfeda9562,False,1,2.7065773e-17,0.4,0,2
2016-03-31,regime_minvar,a2_consumed,True,Optimization terminated successfully,7,1.8333524e-05,5d8d1a1ba36a1237,False,1,0,0.4,2.220446e-16,2
2016-04-29,equal_weight,none,True,rule_based,0,,,False,1,0.2,0.2,0,0
2016-04-29,static_6040,none,True,rule_based,0,,,False,1,0,0.6,0,0
2016-04-29,static_minvar,training_window_ledoit_wolf,True,Optimization terminated successfully,8,3.7910651e-05,73deb11a4da03784,False,1,1.254964e-17,0.4,0,1
2016-04-29,rolling_lw_minvar,rolling_ledoit_wolf,True,Optimization terminated successfully,10,2.7982793e-05,d44d2a3a8e6cf5db,False,1,5.1572792e-18,0.4,0,1
2016-04-29,ewma_scaled_minvar,ewma_vol_x_lw_correlation,True,Optimization terminated successfully,5,1.1450973e-05,f463a13ef70a4cd6,False,1,1.4094628e-17,0.4,0,2
2016-04-29,regime_minvar,a2_consumed,True,Optimization terminated successfully,7,1.8205891e-05,47ee50fd4b1abdba,False,1,0,0.4,2.220446e-16,2
2016-05-31,equal_weight,none,True,rule_based,0,,,False,1,0.2,0.2,0,0
2016-05-31,static_6040,none,True,rule_based,0,,,False,1,0,0.6,0,0
2016-05-31,static_minvar,training_window_ledoit_wolf,True,Optimization terminated successfully,8,3.7910651e-05,73deb11a4da03784,False,1,1.254964e-17,0.4,0,1
2016-05-31,rolling_lw_minvar,rolling_ledoit_wolf,True,Optimization terminated successfully,10,2.7835988e-05,409d1ecc699f55f8,False,1,3.4268968e-18,0.4,1.110223e-16,1
2016-05-31,ewma_scaled_minvar,ewma_vol_x_lw_correlation,True,Optimization terminated successfully,6,1.0134431e-05,08cd1900c2a384f3,False,1,2.4597837e-17,0.4,1.110223e-16,2
2016-05-31,regime_minvar,a2_consumed,True,Optimization terminated successfully,7,1.8075138e-05,151c0d46f299ca7a,False,1,0,0.4,0,2
2016-06-30,equal_weight,none,True,rule_based,0,,,False,1,0.2,0.2,0,0
2016-06-30,static_6040,none,True,rule_based,0,,,False,1,0,0.6,0,0
2016-06-30,static_minvar,training_window_ledoit_wolf,True,Optimization terminated successfully,8,3.7910651e-05,73deb11a4da03784,False,1,1.254964e-17,0.4,0,1
2016-06-30,rolling_lw_minvar,rolling_ledoit_wolf,True,Optimization terminated successfully,10,2.7712888e-05,3108a9d96e696a98,False,1,2.3529596e-17,0.4,0,1
2016-06-30,ewma_scaled_minvar,ewma_vol_x_lw_correlation,True,Optimization terminated successfully,7,2.9697063e-05,cdd60b5e4e4ad967,False,1,0,0.4,0,1
2016-06-30,regime_minvar,a2_consumed,True,Optimization terminated successfully,9,4.0719421e-05,56ada49d970f55e9,False,1,0,0.4,0,1
2016-07-29,equal_weight,none,True,rule_based,0,,,False,1,0.2,0.2,0,0
2016-07-29,static_6040,none,True,rule_based,0,,,False,1,0,0.6,0,0
2016-07-29,static_minvar,training_window_ledoit_wolf,True,Optimization terminated successfully,8,3.7910651e-05,73deb11a4da03784,False,1,1.254964e-17,0.4,0,1
2016-07-29,rolling_lw_minvar,rolling_ledoit_wolf,True,Optimization terminated successfully,10,2.7608098e-05,b2abcbe46d5c778e,False,1,1.5566202e-17,0.4,2.220446e-16,1
2016-07-29,ewma_scaled_minvar,ewma_vol_x_lw_correlation,True,Optimization terminated successfully,7,1.3376068e-05,903fee84ddbcfc5c,False,1,0,0.4,2.220446e-16,2
2016-07-29,regime_minvar,a2_consumed,True,Optimization terminated successfully,7,1.8082605e-05,054c920a9e71d45c,False,1,0,0.4,2.220446e-16,2
2016-08-31,equal_weight,none,True,rule_based,0,,,False,1,0.2,0.2,0,0
2016-08-31,static_6040,none,True,rule_based,0,,,False,1,0,0.6,0,0
2016-08-31,static_minvar,training_window_ledoit_wolf,True,Optimization terminated successfully,8,3.7910651e-05,73deb11a4da03784,False,1,1.254964e-17,0.4,0,1
2016-08-31,rolling_lw_minvar,rolling_ledoit_wolf,True,Optimization terminated successfully,10,2.7437167e-05,35f085ac76b766d7,False,1,0,0.4,0,1
2016-08-31,ewma_scaled_minvar,ewma_vol_x_lw_correlation,True,Optimization terminated successfully,8,5.4497919e-06,d4cd34f7af92f8ef,False,1,0,0.4,0,2
2016-08-31,regime_minvar,a2_consumed,True,Optimization terminated successfully,7,1.7953944e-05,7eec4304841d46ff,False,1,0,0.4,0,2
2016-09-30,equal_weight,none,True,rule_based,0,,,False,1,0.2,0.2,0,0
2016-09-30,static_6040,none,True,rule_based,0,,,False,1,0,0.6,0,0
2016-09-30,static_minvar,training_window_ledoit_wolf,True,Optimization terminated successfully,8,3.7910651e-05,73deb11a4da03784,False,1,1.254964e-17,0.4,0,1
2016-09-30,rolling_lw_minvar,rolling_ledoit_wolf,True,Optimization terminated successfully,10,2.7387928e-05,0ff2ee22187f61c0,False,1,0,0.4,2.220446e-16,1
2016-09-30,ewma_scaled_minvar,ewma_vol_x_lw_correlation,True,Optimization terminated successfully,10,8.6998158e-06,cd12f92f64d97284,False,1,0,0.4,2.220446e-16,1
2016-09-30,regime_minvar,a2_consumed,True,Optimization terminated successfully,7,1.7984343e-05,4bf88c409cca6650,False,1,0,0.4,0,2
2016-10-31,equal_weight,none,True,rule_based,0,,,False,1,0.2,0.2,0,0
2016-10-31,static_6040,none,True,rule_based,0,,,False,1,0,0.6,0,0
2016-10-31,static_minvar,training_window_ledoit_wolf,True,Optimization terminated successfully,8,3.7910651e-05,73deb11a4da03784,False,1,1.254964e-17,0.4,0,1
2016-10-31,rolling_lw_minvar,rolling_ledoit_wolf,True,Optimization terminated successfully,10,2.7287627e-05,19425c33cc1b2918,False,1,0,0.4,2.220446e-16,1
2016-10-31,ewma_scaled_minvar,ewma_vol_x_lw_correlation,True,Optimization terminated successfully,7,5.9652302e-06,6b20c7e6676624ad,False,1,0,0.4,2.220446e-16,2
2016-10-31,regime_minvar,a2_consumed,True,Optimization terminated successfully,7,1.795845e-05,9c3b75b1770fe921,False,1,0,0.4,1.110223e-16,2
2016-11-30,equal_weight,none,True,rule_based,0,,,False,1,0.2,0.2,0,0
2016-11-30,static_6040,none,True,rule_based,0,,,False,1,0,0.6,0,0
2016-11-30,static_minvar,training_window_ledoit_wolf,True,Optimization terminated successfully,8,3.7910651e-05,73deb11a4da03784,False,1,1.254964e-17,0.4,0,1
2016-11-30,rolling_lw_minvar,rolling_ledoit_wolf,True,Optimization terminated successfully,10,2.7219386e-05,80563bfe17d4b0f3,False,1,6.6422405e-18,0.4,2.220446e-16,1
2016-11-30,ewma_scaled_minvar,ewma_vol_x_lw_correlation,True,Optimization terminated successfully,5,8.990384e-06,eb5f47016ee306ab,False,1,1.5720932e-17,0.4,0,2
2016-11-30,regime_minvar,a2_consumed,True,Optimization terminated successfully,7,1.8052405e-05,62900241c5a13ae7,False,1,0,0.4,2.220446e-16,2
2016-12-30,equal_weight,none,True,rule_based,0,,,False,1,0.2,0.2,0,0
2016-12-30,static_6040,none,True,rule_based,0,,,False,1,0,0.6,0,0
2016-12-30,static_minvar,training_window_ledoit_wolf,True,Optimization terminated successfully,8,3.7910651e-05,73deb11a4da03784,False,1,1.254964e-17,0.4,0,1
2016-12-30,rolling_lw_minvar,rolling_ledoit_wolf,True,Optimization terminated successfully,10,2.7112668e-05,d3885bcbbc6aa787,False,1,0,0.4,0,1
2016-12-30,ewma_scaled_minvar,ewma_vol_x_lw_correlation,True,Optimization terminated successfully,6,6.6879253e-06,8eb3a7bd4069f454,False,1,4.5021495e-17,0.4,0,2
2016-12-30,regime_minvar,a2_consumed,True,Optimization terminated successfully,7,1.7999005e-05,73c138b9d761f71a,False,1,0,0.4,2.220446e-16,2
2017-01-31,equal_weight,none,True,rule_based,0,,,False,1,0.2,0.2,0,0
2017-01-31,static_6040,none,True,rule_based,0,,,False,1,0,0.6,0,0
2017-01-31,static_minvar,training_window_ledoit_wolf,True,Optimization terminated successfully,8,3.7910651e-05,73deb11a4da03784,False,1,1.254964e-17,0.4,0,1
2017-01-31,rolling_lw_minvar,rolling_ledoit_wolf,True,Optimization terminated successfully,10,2.6993558e-05,a95451276a0ef677,False,1,0,0.4,3.3306691e-16,1
2017-01-31,ewma_scaled_minvar,ewma_vol_x_lw_correlation,True,Optimization terminated successfully,7,5.6104932e-06,b4d3480625af289b,False,1,0,0.4,0,2
2017-01-31,regime_minvar,a2_consumed,True,Optimization terminated successfully,7,1.7912192e-05,38b86846fb7f1b0d,False,1,0,0.4,1.110223e-16,2
2017-02-28,equal_weight,none,True,rule_based,0,,,False,1,0.2,0.2,0,0
2017-02-28,static_6040,none,True,rule_based,0,,,False,1,0,0.6,0,0
2017-02-28,static_minvar,training_window_ledoit_wolf,True,Optimization terminated successfully,8,3.7910651e-05,73deb11a4da03784,False,1,1.254964e-17,0.4,0,1
2017-02-28,rolling_lw_minvar,rolling_ledoit_wolf,True,Optimization terminated successfully,10,2.6858201e-05,4627d81b16a0835b,False,1,1.5648606e-17,0.4,0,1
2017-02-28,ewma_scaled_minvar,ewma_vol_x_lw_correlation,True,Optimization terminated successfully,8,3.8492503e-06,b98e1e20326bda28,False,1,0,0.4,0,2
2017-02-28,regime_minvar,a2_consumed,True,Optimization terminated successfully,7,1.7820345e-05,15688de0c0a9a79b,False,1,0,0.4,0,2
2017-03-31,equal_weight,none,True,rule_based,0,,,False,1,0.2,0.2,0,0
2017-03-31,static_6040,none,True,rule_based,0,,,False,1,0,0.6,0,0
2017-03-31,static_minvar,training_window_ledoit_wolf,True,Optimization terminated successfully,8,3.7910651e-05,73deb11a4da03784,False,1,1.254964e-17,0.4,0,1
2017-03-31,rolling_lw_minvar,rolling_ledoit_wolf,True,Optimization terminated successfully,10,2.6736464e-05,5fb7c77a5e5d7c88,False,1,1.4088987e-17,0.4,2.220446e-16,1
2017-03-31,ewma_scaled_minvar,ewma_vol_x_lw_correlation,True,Optimization terminated successfully,11,4.8567672e-06,859d87d396d8fcd8,False,1,0,0.4,2.220446e-16,1
2017-03-31,regime_minvar,a2_consumed,True,Optimization terminated successfully,7,1.7767458e-05,60351bf18afabc8f,False,1,1.0459057e-17,0.4,1.110223e-16,2
2017-04-28,equal_weight,none,True,rule_based,0,,,False,1,0.2,0.2,0,0
2017-04-28,static_6040,none,True,rule_based,0,,,False,1,0,0.6,0,0
2017-04-28,static_minvar,training_window_ledoit_wolf,True,Optimization terminated successfully,8,3.7910651e-05,73deb11a4da03784,False,1,1.254964e-17,0.4,0,1
2017-04-28,rolling_lw_minvar,rolling_ledoit_wolf,True,Optimization terminated successfully,10,2.6595854e-05,e7a92963bebf579b,False,1,4.9715805e-18,0.4,2.220446e-16,1
2017-04-28,ewma_scaled_minvar,ewma_vol_x_lw_correlation,True,Optimization terminated successfully,11,5.125456e-06,4bacb209b0021d2b,False,1,5.1144425e-17,0.4,0,1
2017-04-28,regime_minvar,a2_consumed,True,Optimization terminated successfully,7,1.7632644e-05,4745bc7dda424244,False,1,2.8355275e-17,0.4,2.220446e-16,2
2017-05-31,equal_weight,none,True,rule_based,0,,,False,1,0.2,0.2,0,0
2017-05-31,static_6040,none,True,rule_based,0,,,False,1,0,0.6,0,0
2017-05-31,static_minvar,training_window_ledoit_wolf,True,Optimization terminated successfully,8,3.7910651e-05,73deb11a4da03784,False,1,1.254964e-17,0.4,0,1
2017-05-31,rolling_lw_minvar,rolling_ledoit_wolf,True,Optimization terminated successfully,10,2.644171e-05,7d7fdeff705c44fc,False,1,0,0.4,1.110223e-16,1
2017-05-31,ewma_scaled_minvar,ewma_vol_x_lw_correlation,True,Optimization terminated successfully,6,5.4756409e-06,af6a4d7e9af42ed7,False,1,0,0.4,1.110223e-16,2
2017-05-31,regime_minvar,a2_consumed,True,Optimization terminated successfully,7,1.7498049e-05,2df104cc039bcebd,False,1,2.2278237e-17,0.4,0,2
2017-06-30,equal_weight,none,True,rule_based,0,,,False,1,0.2,0.2,0,0
2017-06-30,static_6040,none,True,rule_based,0,,,False,1,0,0.6,0,0
2017-06-30,static_minvar,training_window_ledoit_wolf,True,Optimization terminated successfully,8,3.7910651e-05,73deb11a4da03784,False,1,1.254964e-17,0.4,0,1
2017-06-30,rolling_lw_minvar,rolling_ledoit_wolf,True,Optimization terminated successfully,10,2.6321527e-05,b0b5fe26ef7e5138,False,1,0,0.4,0,1
2017-06-30,ewma_scaled_minvar,ewma_vol_x_lw_correlation,True,Optimization terminated successfully,6,4.9703579e-06,fe7efc9b5eea7f01,False,1,0,0.4,0,1
2017-06-30,regime_minvar,a2_consumed,True,Optimization terminated successfully,7,1.7408685e-05,62738677f1bd7d42,False,1,3.9770473e-17,0.4,1.110223e-16,2
2017-07-31,equal_weight,none,True,rule_based,0,,,False,1,0.2,0.2,0,0
2017-07-31,static_6040,none,True,rule_based,0,,,False,1,0,0.6,0,0
2017-07-31,static_minvar,training_window_ledoit_wolf,True,Optimization terminated successfully,8,3.7910651e-05,73deb11a4da03784,False,1,1.254964e-17,0.4,0,1
2017-07-31,rolling_lw_minvar,rolling_ledoit_wolf,True,Optimization terminated successfully,10,2.6208202e-05,02599f108307cc69,False,1,2.9867507e-19,0.4,0,1
2017-07-31,ewma_scaled_minvar,ewma_vol_x_lw_correlation,True,Optimization terminated successfully,5,3.6379612e-06,24f5bd04b2738b87,False,1,1.4311469e-17,0.4,1.110223e-16,2
2017-07-31,regime_minvar,a2_consumed,True,Optimization terminated successfully,7,1.7305093e-05,39b1cd2f68bcbd1c,False,1,1.7320262e-17,0.4,1.110223e-16,2
2017-08-31,equal_weight,none,True,rule_based,0,,,False,1,0.2,0.2,0,0
2017-08-31,static_6040,none,True,rule_based,0,,,False,1,0,0.6,0,0
2017-08-31,static_minvar,training_window_ledoit_wolf,True,Optimization terminated successfully,8,3.7910651e-05,73deb11a4da03784,False,1,1.254964e-17,0.4,0,1
2017-08-31,rolling_lw_minvar,rolling_ledoit_wolf,True,Optimization terminated successfully,10,2.6063091e-05,a45196ef975fadbf,False,1,1.9245141e-17,0.4,2.220446e-16,1
2017-08-31,ewma_scaled_minvar,ewma_vol_x_lw_correlation,True,Optimization terminated successfully,4,6.0423483e-06,687665de5212e287,False,1,0,0.4,0,2
2017-08-31,regime_minvar,a2_consumed,True,Optimization terminated successfully,7,1.7197461e-05,cfc0fb4c42c92c8a,False,1,4.5917471e-17,0.4,1.110223e-16,2
2017-09-29,equal_weight,none,True,rule_based,0,,,False,1,0.2,0.2,0,0
2017-09-29,static_6040,none,True,rule_based,0,,,False,1,0,0.6,0,0
2017-09-29,static_minvar,training_window_ledoit_wolf,True,Optimization terminated successfully,8,3.7910651e-05,73deb11a4da03784,False,1,1.254964e-17,0.4,0,1
2017-09-29,rolling_lw_minvar,rolling_ledoit_wolf,True,Optimization terminated successfully,10,2.5936245e-05,00842ab42d2ce65c,False,1,0,0.4,0,1
2017-09-29,ewma_scaled_minvar,ewma_vol_x_lw_correlation,True,Optimization terminated successfully,7,4.6516697e-06,c256db07c64c6d84,False,1,1.5714155e-17,0.4,0,2
2017-09-29,regime_minvar,a2_consumed,True,Optimization terminated successfully,7,1.7095771e-05,eb76a6e881aa3bdc,False,1,1.1514146e-17,0.4,0,2
2017-10-31,equal_weight,none,True,rule_based,0,,,False,1,0.2,0.2,0,0
2017-10-31,static_6040,none,True,rule_based,0,,,False,1,0,0.6,0,0
2017-10-31,static_minvar,training_window_ledoit_wolf,True,Optimization terminated successfully,8,3.7910651e-05,73deb11a4da03784,False,1,1.254964e-17,0.4,0,1
2017-10-31,rolling_lw_minvar,rolling_ledoit_wolf,True,Optimization terminated successfully,10,2.5794969e-05,615aab375176d27e,False,1,4.4758875e-18,0.4,0,1
2017-10-31,ewma_scaled_minvar,ewma_vol_x_lw_correlation,True,Optimization terminated successfully,6,3.5112107e-06,1e2a5d42257f3ffd,False,1,0,0.4,0,2
2017-10-31,regime_minvar,a2_consumed,True,Optimization terminated successfully,6,1.6995682e-05,8aa07f925c951a68,False,1,0,0.4,0,2
2017-11-30,equal_weight,none,True,rule_based,0,,,False,1,0.2,0.2,0,0
2017-11-30,static_6040,none,True,rule_based,0,,,False,1,0,0.6,0,0
2017-11-30,static_minvar,training_window_ledoit_wolf,True,Optimization terminated successfully,8,3.7910651e-05,73deb11a4da03784,False,1,1.254964e-17,0.4,0,1
2017-11-30,rolling_lw_minvar,rolling_ledoit_wolf,True,Optimization terminated successfully,10,2.5662663e-05,3c6ccb3a00c455e3,False,1,3.6162252e-17,0.4,0,1
2017-11-30,ewma_scaled_minvar,ewma_vol_x_lw_correlation,True,Optimization terminated successfully,5,4.6546212e-06,1d4db2d4aaa900b0,False,1,0,0.4,0,2
2017-11-30,regime_minvar,a2_consumed,True,Optimization terminated successfully,6,1.6911241e-05,64d2ec893e596eb4,False,1,0,0.4,0,2
2017-12-29,equal_weight,none,True,rule_based,0,,,False,1,0.2,0.2,0,0
2017-12-29,static_6040,none,True,rule_based,0,,,False,1,0,0.6,0,0
2017-12-29,static_minvar,training_window_ledoit_wolf,True,Optimization terminated successfully,8,3.7910651e-05,73deb11a4da03784,False,1,1.254964e-17,0.4,0,1
2017-12-29,rolling_lw_minvar,rolling_ledoit_wolf,True,Optimization terminated successfully,10,2.5532418e-05,50222d007928e93a,False,1,0,0.4,0,1
2017-12-29,ewma_scaled_minvar,ewma_vol_x_lw_correlation,True,Optimization terminated successfully,6,3.4958043e-06,316a50f2292b79c3,False,1,0,0.4,0,2
2017-12-29,regime_minvar,a2_consumed,True,Optimization terminated successfully,6,1.6831053e-05,bc3388913008c54e,False,1,0,0.4,0,2
2018-01-31,equal_weight,none,True,rule_based,0,,,False,1,0.2,0.2,0,0
2018-01-31,static_6040,none,True,rule_based,0,,,False,1,0,0.6,0,0
2018-01-31,static_minvar,training_window_ledoit_wolf,True,Optimization terminated successfully,8,3.7910651e-05,73deb11a4da03784,False,1,1.254964e-17,0.4,0,1
2018-01-31,rolling_lw_minvar,rolling_ledoit_wolf,True,Optimization terminated successfully,10,2.5424014e-05,b94aa81a5d930ec0,False,1,1.2734955e-17,0.4,0,1
2018-01-31,ewma_scaled_minvar,ewma_vol_x_lw_correlation,True,Optimization terminated successfully,6,5.9702071e-06,cc9ca720799c1ab9,False,1,0,0.4,2.220446e-16,1
2018-01-31,regime_minvar,a2_consumed,True,Optimization terminated successfully,6,1.6787018e-05,faec541d216d6f1f,False,1,8.8251304e-18,0.4,0,2
2018-02-28,equal_weight,none,True,rule_based,0,,,False,1,0.2,0.2,0,0
2018-02-28,static_6040,none,True,rule_based,0,,,False,1,0,0.6,0,0
2018-02-28,static_minvar,training_window_ledoit_wolf,True,Optimization terminated successfully,8,3.7910651e-05,73deb11a4da03784,False,1,1.254964e-17,0.4,0,1
2018-02-28,rolling_lw_minvar,rolling_ledoit_wolf,True,Optimization terminated successfully,10,2.5525707e-05,3eb249c6c9351a96,False,1,4.59691e-17,0.4,0,1
2018-02-28,ewma_scaled_minvar,ewma_vol_x_lw_correlation,True,Optimization terminated successfully,4,1.3825636e-05,1250400dde104d81,False,1,0,0.4,0,2
2018-02-28,regime_minvar,a2_consumed,True,Optimization terminated successfully,9,4.0162427e-05,9d919126efd4e745,False,1,0,0.4,0,1
2018-03-29,equal_weight,none,True,rule_based,0,,,False,1,0.2,0.2,0,0
2018-03-29,static_6040,none,True,rule_based,0,,,False,1,0,0.6,0,0
2018-03-29,static_minvar,training_window_ledoit_wolf,True,Optimization terminated successfully,8,3.7910651e-05,73deb11a4da03784,False,1,1.254964e-17,0.4,0,1
2018-03-29,rolling_lw_minvar,rolling_ledoit_wolf,True,Optimization terminated successfully,10,2.5494225e-05,204d3dfc073e0e48,False,1,1.9126649e-17,0.4,0,1
2018-03-29,ewma_scaled_minvar,ewma_vol_x_lw_correlation,True,Optimization terminated successfully,4,1.551877e-05,d70c24112c4a2520,False,1,0,0.4,0,2
2018-03-29,regime_minvar,a2_consumed,True,Optimization terminated successfully,9,3.9784434e-05,2b8e28c49735fc99,False,1,9.4916659e-19,0.4,0,1
2018-04-30,equal_weight,none,True,rule_based,0,,,False,1,0.2,0.2,0,0
2018-04-30,static_6040,none,True,rule_based,0,,,False,1,0,0.6,0,0
2018-04-30,static_minvar,training_window_ledoit_wolf,True,Optimization terminated successfully,8,3.7910651e-05,73deb11a4da03784,False,1,1.254964e-17,0.4,0,1
2018-04-30,rolling_lw_minvar,rolling_ledoit_wolf,True,Optimization terminated successfully,10,2.5419334e-05,82bcb880cf8edc2d,False,1,1.1461587e-17,0.4,0,1
2018-04-30,ewma_scaled_minvar,ewma_vol_x_lw_correlation,True,Optimization terminated successfully,10,1.0867627e-05,7197e3c706251958,False,1,6.7685873e-19,0.4,0,1
2018-04-30,regime_minvar,a2_consumed,True,Optimization terminated successfully,6,1.7542322e-05,b364875755a56fe8,False,1,0,0.4,1.110223e-16,2
2018-05-31,equal_weight,none,True,rule_based,0,,,False,1,0.2,0.2,0,0
2018-05-31,static_6040,none,True,rule_based,0,,,False,1,0,0.6,0,0
2018-05-31,static_minvar,training_window_ledoit_wolf,True,Optimization terminated successfully,8,3.7910651e-05,73deb11a4da03784,False,1,1.254964e-17,0.4,0,1
2018-05-31,rolling_lw_minvar,rolling_ledoit_wolf,True,Optimization terminated successfully,10,2.5314594e-05,c37fff9cc9241fdb,False,1,7.2697212e-17,0.4,0,1
2018-05-31,ewma_scaled_minvar,ewma_vol_x_lw_correlation,True,Optimization terminated successfully,9,7.6961625e-06,29018933e6b5c5d8,False,1,0,0.4,0,1
2018-05-31,regime_minvar,a2_consumed,True,Optimization terminated successfully,6,1.7031777e-05,e724776d12ff3afe,False,1,1.3928769e-17,0.4,1.110223e-16,2
2018-06-29,equal_weight,none,True,rule_based,0,,,False,1,0.2,0.2,0,0
2018-06-29,static_6040,none,True,rule_based,0,,,False,1,0,0.6,0,0
2018-06-29,static_minvar,training_window_ledoit_wolf,True,Optimization terminated successfully,8,3.7910651e-05,73deb11a4da03784,False,1,1.254964e-17,0.4,0,1
2018-06-29,rolling_lw_minvar,rolling_ledoit_wolf,True,Optimization terminated successfully,10,2.5188249e-05,1757ac95b21f6398,False,1,0,0.4,1.110223e-16,1
2018-06-29,ewma_scaled_minvar,ewma_vol_x_lw_correlation,True,Optimization terminated successfully,6,5.8741287e-06,07ab0f3d72bf3091,False,1,0,0.4,0,1
2018-06-29,regime_minvar,a2_consumed,True,Optimization terminated successfully,6,1.7082191e-05,8ff559476d032a8d,False,1,3.8411462e-17,0.4,0,2
2018-07-31,equal_weight,none,True,rule_based,0,,,False,1,0.2,0.2,0,0
2018-07-31,static_6040,none,True,rule_based,0,,,False,1,0,0.6,0,0
2018-07-31,static_minvar,training_window_ledoit_wolf,True,Optimization terminated successfully,8,3.7910651e-05,73deb11a4da03784,False,1,1.254964e-17,0.4,0,1
2018-07-31,rolling_lw_minvar,rolling_ledoit_wolf,True,Optimization terminated successfully,10,2.5081209e-05,6f36cde6aaf9ff0d,False,1,0,0.4,1.110223e-16,1
2018-07-31,ewma_scaled_minvar,ewma_vol_x_lw_correlation,True,Optimization terminated successfully,4,5.3697932e-06,fdeb254a0824715e,False,1,0,0.4,0,1
2018-07-31,regime_minvar,a2_consumed,True,Optimization terminated successfully,6,1.6822181e-05,c7a1783adafcd89e,False,1,0,0.4,0,2
2018-08-31,equal_weight,none,True,rule_based,0,,,False,1,0.2,0.2,0,0
2018-08-31,static_6040,none,True,rule_based,0,,,False,1,0,0.6,0,0
2018-08-31,static_minvar,training_window_ledoit_wolf,True,Optimization terminated successfully,8,3.7910651e-05,73deb11a4da03784,False,1,1.254964e-17,0.4,0,1
2018-08-31,rolling_lw_minvar,rolling_ledoit_wolf,True,Optimization terminated successfully,10,2.4973567e-05,55906ffb49ff8bf3,False,1,0,0.4,0,1
2018-08-31,ewma_scaled_minvar,ewma_vol_x_lw_correlation,True,Optimization terminated successfully,6,5.5132517e-06,426869a4ffd907db,False,1,3.511968e-17,0.4,0,2
2018-08-31,regime_minvar,a2_consumed,True,Optimization terminated successfully,6,1.6739331e-05,7ce073f2cce20a2b,False,1,0,0.4,1.110223e-16,2
2018-09-28,equal_weight,none,True,rule_based,0,,,False,1,0.2,0.2,0,0
2018-09-28,static_6040,none,True,rule_based,0,,,False,1,0,0.6,0,0
2018-09-28,static_minvar,training_window_ledoit_wolf,True,Optimization terminated successfully,8,3.7910651e-05,73deb11a4da03784,False,1,1.254964e-17,0.4,0,1
2018-09-28,rolling_lw_minvar,rolling_ledoit_wolf,True,Optimization terminated successfully,10,2.4856666e-05,244be53da9b40b21,False,1,9.9210289e-18,0.4,0,1
2018-09-28,ewma_scaled_minvar,ewma_vol_x_lw_correlation,True,Optimization terminated successfully,6,3.7517189e-06,19a40a0a2cb3ee7f,False,1,0,0.4,2.220446e-16,2
2018-09-28,regime_minvar,a2_consumed,True,Optimization terminated successfully,6,1.6624563e-05,7090d742eefdf12a,False,1,3.0942961e-17,0.4,1.110223e-16,2
2018-10-31,equal_weight,none,True,rule_based,0,,,False,1,0.2,0.2,0,0
2018-10-31,static_6040,none,True,rule_based,0,,,False,1,0,0.6,0,0
2018-10-31,static_minvar,training_window_ledoit_wolf,True,Optimization terminated successfully,8,3.7910651e-05,73deb11a4da03784,False,1,1.254964e-17,0.4,0,1
2018-10-31,rolling_lw_minvar,rolling_ledoit_wolf,True,Optimization terminated successfully,10,2.4825715e-05,5a3948aa39a4b80b,False,1,2.3499161e-17,0.4,0,1
2018-10-31,ewma_scaled_minvar,ewma_vol_x_lw_correlation,True,Optimization terminated successfully,4,1.2829091e-05,e984b4eefcde1bc8,False,1,0,0.4,0,2
2018-10-31,regime_minvar,a2_consumed,True,Optimization terminated successfully,8,3.892716e-05,35f1bae8d22b9bea,False,1,0,0.4,0,1
2018-11-30,equal_weight,none,True,rule_based,0,,,False,1,0.2,0.2,0,0
2018-11-30,static_6040,none,True,rule_based,0,,,False,1,0,0.6,0,0
2018-11-30,static_minvar,training_window_ledoit_wolf,True,Optimization terminated successfully,8,3.7910651e-05,73deb11a4da03784,False,1,1.254964e-17,0.4,0,1
2018-11-30,rolling_lw_minvar,rolling_ledoit_wolf,True,Optimization terminated successfully,10,2.4812751e-05,9bf4cb1e61cd1518,False,1,0,0.4,0,1
2018-11-30,ewma_scaled_minvar,ewma_vol_x_lw_correlation,True,Optimization terminated successfully,4,9.861487e-06,00d022ba84f84fcb,False,1,0,0.4,0,2
2018-11-30,regime_minvar,a2_consumed,True,Optimization terminated successfully,9,3.7910032e-05,6ba90510ec1fabf1,False,1,7.1748985e-19,0.4,0,1
2018-12-31,equal_weight,none,True,rule_based,0,,,False,1,0.2,0.2,0,0
2018-12-31,static_6040,none,True,rule_based,0,,,False,1,0,0.6,0,0
2018-12-31,static_minvar,training_window_ledoit_wolf,True,Optimization terminated successfully,8,3.7910651e-05,73deb11a4da03784,False,1,1.254964e-17,0.4,0,1
2018-12-31,rolling_lw_minvar,rolling_ledoit_wolf,True,Optimization terminated successfully,10,2.4862119e-05,de9b15822bd2e27d,False,1,0,0.4,0,1
2018-12-31,ewma_scaled_minvar,ewma_vol_x_lw_correlation,True,Optimization terminated successfully,4,1.7541708e-05,f9f1825bd7d3e447,False,1,1.2418137e-17,0.4,1.110223e-16,2
2018-12-31,regime_minvar,a2_consumed,True,Optimization terminated successfully,10,3.7956892e-05,bfe19805819e805f,False,1,0,0.4,1.110223e-16,1
2019-01-31,equal_weight,none,True,rule_based,0,,,False,1,0.2,0.2,0,0
2019-01-31,static_6040,none,True,rule_based,0,,,False,1,0,0.6,0,0
2019-01-31,static_minvar,training_window_ledoit_wolf,True,Optimization terminated successfully,8,3.7910651e-05,73deb11a4da03784,False,1,1.254964e-17,0.4,0,1
2019-01-31,rolling_lw_minvar,rolling_ledoit_wolf,True,Optimization terminated successfully,10,2.4779168e-05,65bc9cd1c014d38c,False,1,0,0.4,0,1
2019-01-31,ewma_scaled_minvar,ewma_vol_x_lw_correlation,True,Optimization terminated successfully,4,1.2094277e-05,2c7ff34be9a9d970,False,1,0,0.4,0,2
2019-01-31,regime_minvar,a2_consumed,True,Optimization terminated successfully,10,3.748587e-05,96788226fc3298f7,False,1,0,0.4,0,1
2019-02-28,equal_weight,none,True,rule_based,0,,,False,1,0.2,0.2,0,0
2019-02-28,static_6040,none,True,rule_based,0,,,False,1,0,0.6,0,0
2019-02-28,static_minvar,training_window_ledoit_wolf,True,Optimization terminated successfully,8,3.7910651e-05,73deb11a4da03784,False,1,1.254964e-17,0.4,0,1
2019-02-28,rolling_lw_minvar,rolling_ledoit_wolf,True,Optimization terminated successfully,10,2.4696604e-05,c8868453f96a0410,False,1,1.3555393e-17,0.4,0,1
2019-02-28,ewma_scaled_minvar,ewma_vol_x_lw_correlation,True,Optimization terminated successfully,8,9.0970733e-06,4b6d9aaa07e68552,False,1,1.2539476e-17,0.4,2.220446e-16,1
2019-02-28,regime_minvar,a2_consumed,True,Optimization terminated successfully,7,1.6254473e-05,167726349d10f3ad,False,1,1.0901883e-17,0.4,0,2
2019-03-29,equal_weight,none,True,rule_based,0,,,False,1,0.2,0.2,0,0
2019-03-29,static_6040,none,True,rule_based,0,,,False,1,0,0.6,0,0
2019-03-29,static_minvar,training_window_ledoit_wolf,True,Optimization terminated successfully,8,3.7910651e-05,73deb11a4da03784,False,1,1.254964e-17,0.4,0,1
2019-03-29,rolling_lw_minvar,rolling_ledoit_wolf,True,Optimization terminated successfully,10,2.4595609e-05,11e188a182ddfbb8,False,1,0,0.4,0,1
2019-03-29,ewma_scaled_minvar,ewma_vol_x_lw_correlation,True,Optimization terminated successfully,7,9.6936598e-06,e4f02ad35207db18,False,1,0,0.4,0,1
2019-03-29,regime_minvar,a2_consumed,True,Optimization terminated successfully,7,1.6160798e-05,05bc2407cc318c28,False,1,1.5300538e-17,0.4,0,2
2019-04-30,equal_weight,none,True,rule_based,0,,,False,1,0.2,0.2,0,0
2019-04-30,static_6040,none,True,rule_based,0,,,False,1,0,0.6,0,0
2019-04-30,static_minvar,training_window_ledoit_wolf,True,Optimization terminated successfully,8,3.7910651e-05,73deb11a4da03784,False,1,1.254964e-17,0.4,0,1
2019-04-30,rolling_lw_minvar,rolling_ledoit_wolf,True,Optimization terminated successfully,10,2.4476694e-05,d15ba0f25b3d4c78,False,1,1.3204294e-17,0.4,0,1
2019-04-30,ewma_scaled_minvar,ewma_vol_x_lw_correlation,True,Optimization terminated successfully,7,5.1711087e-06,93b2863b1206a7ee,False,1,0,0.4,1.110223e-16,1
2019-04-30,regime_minvar,a2_consumed,True,Optimization terminated successfully,7,1.6069315e-05,b6a0120e6d098881,False,1,0,0.4,2.220446e-16,2
2019-05-31,equal_weight,none,True,rule_based,0,,,False,1,0.2,0.2,0,0
2019-05-31,static_6040,none,True,rule_based,0,,,False,1,0,0.6,0,0
2019-05-31,static_minvar,training_window_ledoit_wolf,True,Optimization terminated successfully,8,3.7910651e-05,73deb11a4da03784,False,1,1.254964e-17,0.4,0,1
2019-05-31,rolling_lw_minvar,rolling_ledoit_wolf,True,Optimization terminated successfully,10,2.4379936e-05,739dfd4c510f1f10,False,1,0,0.4,0,1
2019-05-31,ewma_scaled_minvar,ewma_vol_x_lw_correlation,True,Optimization terminated successfully,4,8.9545684e-06,7e0dac6248d67a93,False,1,0,0.4,0,1
2019-05-31,regime_minvar,a2_consumed,True,Optimization terminated successfully,7,1.7443844e-05,c43d533b6ca58d73,False,1,1.6402793e-18,0.4,0,1
2019-06-28,equal_weight,none,True,rule_based,0,,,False,1,0.2,0.2,0,0
2019-06-28,static_6040,none,True,rule_based,0,,,False,1,0,0.6,0,0
2019-06-28,static_minvar,training_window_ledoit_wolf,True,Optimization terminated successfully,8,3.7910651e-05,73deb11a4da03784,False,1,1.254964e-17,0.4,0,1
2019-06-28,rolling_lw_minvar,rolling_ledoit_wolf,True,Optimization terminated successfully,10,2.4338546e-05,b6cde9532717c538,False,1,1.5002442e-18,0.4,0,1
2019-06-28,ewma_scaled_minvar,ewma_vol_x_lw_correlation,True,Optimization terminated successfully,6,1.0259793e-05,f5e268bf6275df37,False,1,3.4639412e-17,0.4,2.220446e-16,1
2019-06-28,regime_minvar,a2_consumed,True,Optimization terminated successfully,7,1.6170481e-05,57d59217718b3e23,False,1,0,0.4,0,2
2019-07-31,equal_weight,none,True,rule_based,0,,,False,1,0.2,0.2,0,0
2019-07-31,static_6040,none,True,rule_based,0,,,False,1,0,0.6,0,0
2019-07-31,static_minvar,training_window_ledoit_wolf,True,Optimization terminated successfully,8,3.7910651e-05,73deb11a4da03784,False,1,1.254964e-17,0.4,0,1
2019-07-31,rolling_lw_minvar,rolling_ledoit_wolf,True,Optimization terminated successfully,10,2.4300296e-05,1793eb521b1f101a,False,1,1.4546206e-17,0.4,2.220446e-16,1
2019-07-31,ewma_scaled_minvar,ewma_vol_x_lw_correlation,True,Optimization terminated successfully,6,8.9717953e-06,1e664e5c0fd1124d,False,1,2.1819569e-17,0.4,0,2
2019-07-31,regime_minvar,a2_consumed,True,Optimization terminated successfully,7,1.6174897e-05,c25afd35390809a9,False,1,0,0.4,0,2
2019-08-30,equal_weight,none,True,rule_based,0,,,False,1,0.2,0.2,0,0
2019-08-30,static_6040,none,True,rule_based,0,,,False,1,0,0.6,0,0
2019-08-30,static_minvar,training_window_ledoit_wolf,True,Optimization terminated successfully,8,3.7910651e-05,73deb11a4da03784,False,1,1.254964e-17,0.4,0,1
2019-08-30,rolling_lw_minvar,rolling_ledoit_wolf,True,Optimization terminated successfully,10,2.4245469e-05,73a02708d9e2de9f,False,1,0,0.4,0,1
2019-08-30,ewma_scaled_minvar,ewma_vol_x_lw_correlation,True,Optimization terminated successfully,7,1.9629816e-05,0f7cfc342fcc18c6,False,1,0,0.4,0,1
2019-08-30,regime_minvar,a2_consumed,True,Optimization terminated successfully,10,3.6780971e-05,cec8d31f5d495ecc,False,1,0,0.4,1.110223e-16,1
2019-09-30,equal_weight,none,True,rule_based,0,,,False,1,0.2,0.2,0,0
2019-09-30,static_6040,none,True,rule_based,0,,,False,1,0,0.6,0,0
2019-09-30,static_minvar,training_window_ledoit_wolf,True,Optimization terminated successfully,8,3.7910651e-05,73deb11a4da03784,False,1,1.254964e-17,0.4,0,1
2019-09-30,rolling_lw_minvar,rolling_ledoit_wolf,True,Optimization terminated successfully,10,2.4181349e-05,a2ec4247de3a1ee1,False,1,4.273708e-18,0.4,1.110223e-16,1
2019-09-30,ewma_scaled_minvar,ewma_vol_x_lw_correlation,True,Optimization terminated successfully,5,1.316277e-05,1659a97754e5d4df,False,1,0,0.4,0,2
2019-09-30,regime_minvar,a2_consumed,True,Optimization terminated successfully,7,1.6453858e-05,df823e7d85234a19,False,1,0,0.4,0,2
2019-10-31,equal_weight,none,True,rule_based,0,,,False,1,0.2,0.2,0,0
2019-10-31,static_6040,none,True,rule_based,0,,,False,1,0,0.6,0,0
2019-10-31,static_minvar,training_window_ledoit_wolf,True,Optimization terminated successfully,8,3.7910651e-05,73deb11a4da03784,False,1,1.254964e-17,0.4,0,1
2019-10-31,rolling_lw_minvar,rolling_ledoit_wolf,True,Optimization terminated successfully,10,2.407866e-05,724e37270bc37de0,False,1,2.1338835e-17,0.4,1.110223e-16,1
2019-10-31,ewma_scaled_minvar,ewma_vol_x_lw_correlation,True,Optimization terminated successfully,7,9.2542866e-06,6f288d9f969ac9bf,False,1,0,0.4,0,1
2019-10-31,regime_minvar,a2_consumed,True,Optimization terminated successfully,7,1.6165093e-05,5f5119c2c02a2864,False,1,2.8134835e-17,0.4,0,2
2019-11-29,equal_weight,none,True,rule_based,0,,,False,1,0.2,0.2,0,0
2019-11-29,static_6040,none,True,rule_based,0,,,False,1,0,0.6,0,0
2019-11-29,static_minvar,training_window_ledoit_wolf,True,Optimization terminated successfully,8,3.7910651e-05,73deb11a4da03784,False,1,1.254964e-17,0.4,0,1
2019-11-29,rolling_lw_minvar,rolling_ledoit_wolf,True,Optimization terminated successfully,10,2.3989211e-05,9efaceb54c458157,False,1,2.7319129e-18,0.4,0,1
2019-11-29,ewma_scaled_minvar,ewma_vol_x_lw_correlation,True,Optimization terminated successfully,6,5.5678837e-06,4b65c5e2c16a04e6,False,1,4.4940422e-17,0.4,0,2
2019-11-29,regime_minvar,a2_consumed,True,Optimization terminated successfully,7,1.6089665e-05,2eff2729155c5a63,False,1,0,0.4,2.220446e-16,2
2019-12-31,equal_weight,none,True,rule_based,0,,,False,1,0.2,0.2,0,0
2019-12-31,static_6040,none,True,rule_based,0,,,False,1,0,0.6,0,0
2019-12-31,static_minvar,training_window_ledoit_wolf,True,Optimization terminated successfully,8,3.7910651e-05,73deb11a4da03784,False,1,1.254964e-17,0.4,0,1
2019-12-31,rolling_lw_minvar,rolling_ledoit_wolf,True,Optimization terminated successfully,10,2.3885461e-05,2d34ead8ac009190,False,1,0,0.4,0,1
2019-12-31,ewma_scaled_minvar,ewma_vol_x_lw_correlation,True,Optimization terminated successfully,6,4.589781e-06,44b52d30c39a4282,False,1,0,0.4,0,2
2019-12-31,regime_minvar,a2_consumed,True,Optimization terminated successfully,7,1.6007556e-05,5d5b8fa906e51c16,False,1,8.130034e-18,0.4,0,2
2020-01-31,equal_weight,none,True,rule_based,0,,,False,1,0.2,0.2,0,0
2020-01-31,static_6040,none,True,rule_based,0,,,False,1,0,0.6,0,0
2020-01-31,static_minvar,training_window_ledoit_wolf,True,Optimization terminated successfully,8,3.7910651e-05,73deb11a4da03784,False,1,1.254964e-17,0.4,0,1
2020-01-31,rolling_lw_minvar,rolling_ledoit_wolf,True,Optimization terminated successfully,10,2.3782953e-05,804bbe817476ae29,False,1,0,0.4,0,1
2020-01-31,ewma_scaled_minvar,ewma_vol_x_lw_correlation,True,Optimization terminated successfully,10,8.05944e-06,7f2b7eb6be54f2d7,False,1,8.0754169e-18,0.4,0,1
2020-01-31,regime_minvar,a2_consumed,True,Optimization terminated successfully,7,1.712885e-05,71cb24adc7fc90ba,False,1,2.449704e-17,0.4,2.220446e-16,1
2020-02-28,equal_weight,none,True,rule_based,0,,,False,1,0.2,0.2,0,0
2020-02-28,static_6040,none,True,rule_based,0,,,False,1,0,0.6,0,0
2020-02-28,static_minvar,training_window_ledoit_wolf,True,Optimization terminated successfully,8,3.7910651e-05,73deb11a4da03784,False,1,1.254964e-17,0.4,0,1
2020-02-28,rolling_lw_minvar,rolling_ledoit_wolf,True,Optimization terminated successfully,10,2.3807019e-05,e7e5d4dd9f3d7e76,False,1,1.688411e-17,0.4,0,1
2020-02-28,ewma_scaled_minvar,ewma_vol_x_lw_correlation,True,Optimization terminated successfully,10,3.2904967e-05,8fa9a6914a2a1583,False,1,5.2050253e-18,0.4,0,1
2020-02-28,regime_minvar,a2_consumed,True,Optimization terminated successfully,10,3.6394509e-05,0c14211ee7e4cd12,False,1,6.81798e-18,0.4,1.110223e-16,1
2020-03-31,equal_weight,none,True,rule_based,0,,,False,1,0.2,0.2,0,0
2020-03-31,static_6040,none,True,rule_based,0,,,False,1,0,0.6,0,0
2020-03-31,static_minvar,training_window_ledoit_wolf,True,Optimization terminated successfully,8,3.7910651e-05,73deb11a4da03784,False,1,1.254964e-17,0.4,0,1
2020-03-31,rolling_lw_minvar,rolling_ledoit_wolf,True,Optimization terminated successfully,10,2.5756315e-05,1549df604bcfb0f0,False,1,0,0.4,0,1
2020-03-31,ewma_scaled_minvar,ewma_vol_x_lw_correlation,True,Optimization terminated successfully,4,0.00015659657,89e146238fed4c5e,False,1,0,0.4,1.110223e-16,2
2020-03-31,regime_minvar,a2_consumed,True,Optimization terminated successfully,9,4.0328224e-05,05b15301243b785a,False,1,0,0.4,1.110223e-16,1
2020-04-30,equal_weight,none,True,rule_based,0,,,False,1,0.2,0.2,0,0
2020-04-30,static_6040,none,True,rule_based,0,,,False,1,0,0.6,0,0
2020-04-30,static_minvar,training_window_ledoit_wolf,True,Optimization terminated successfully,8,3.7910651e-05,73deb11a4da03784,False,1,1.254964e-17,0.4,0,1
2020-04-30,rolling_lw_minvar,rolling_ledoit_wolf,True,Optimization terminated successfully,10,2.608537e-05,440f613dff465121,False,1,0,0.4,0,1
2020-04-30,ewma_scaled_minvar,ewma_vol_x_lw_correlation,True,Optimization terminated successfully,4,7.6579398e-05,8ca1b50dadc10cbb,False,1,0,0.4,1.110223e-16,2
2020-04-30,regime_minvar,a2_consumed,True,Optimization terminated successfully,9,4.1055934e-05,a49c4a404596a91c,False,1,0,0.4,0,1
2020-05-29,equal_weight,none,True,rule_based,0,,,False,1,0.2,0.2,0,0
2020-05-29,static_6040,none,True,rule_based,0,,,False,1,0,0.6,0,0
2020-05-29,static_minvar,training_window_ledoit_wolf,True,Optimization terminated successfully,8,3.7910651e-05,73deb11a4da03784,False,1,1.254964e-17,0.4,0,1
2020-05-29,rolling_lw_minvar,rolling_ledoit_wolf,True,Optimization terminated successfully,10,2.6068668e-05,85846af2b3fce6ec,False,1,0,0.4,0,1
2020-05-29,ewma_scaled_minvar,ewma_vol_x_lw_correlation,True,Optimization terminated successfully,5,3.507948e-05,3567610c30386e63,False,1,1.2159134e-17,0.4,1.110223e-16,2
2020-05-29,regime_minvar,a2_consumed,True,Optimization terminated successfully,10,4.0791184e-05,1497f5295a05aa28,False,1,1.1992354e-17,0.4,0,1
2020-06-30,equal_weight,none,True,rule_based,0,,,False,1,0.2,0.2,0,0
2020-06-30,static_6040,none,True,rule_based,0,,,False,1,0,0.6,0,0
2020-06-30,static_minvar,training_window_ledoit_wolf,True,Optimization terminated successfully,8,3.7910651e-05,73deb11a4da03784,False,1,1.254964e-17,0.4,0,1
2020-06-30,rolling_lw_minvar,rolling_ledoit_wolf,True,Optimization terminated successfully,10,2.610115e-05,52f72fd0749063a3,False,1,3.4874199e-18,0.4,0,1
2020-06-30,ewma_scaled_minvar,ewma_vol_x_lw_correlation,True,Optimization terminated successfully,5,2.3465205e-05,8496be44b778688e,False,1,1.5788952e-17,0.4,0,2
2020-06-30,regime_minvar,a2_consumed,True,Optimization terminated successfully,10,4.0606356e-05,8a41583d4168c4a9,False,1,0,0.4,0,1
2020-07-31,equal_weight,none,True,rule_based,0,,,False,1,0.2,0.2,0,0
2020-07-31,static_6040,none,True,rule_based,0,,,False,1,0,0.6,0,0
2020-07-31,static_minvar,training_window_ledoit_wolf,True,Optimization terminated successfully,8,3.7910651e-05,73deb11a4da03784,False,1,1.254964e-17,0.4,0,1
2020-07-31,rolling_lw_minvar,rolling_ledoit_wolf,True,Optimization terminated successfully,10,2.6038049e-05,07f9de792f0aff05,False,1,5.6767751e-18,0.4,0,1
2020-07-31,ewma_scaled_minvar,ewma_vol_x_lw_correlation,True,Optimization terminated successfully,4,1.8585175e-05,d63b800b0fd825b6,False,1,0,0.4,0,1
2020-07-31,regime_minvar,a2_consumed,True,Optimization terminated successfully,10,4.0249887e-05,2c6dcce2f0102f1a,False,1,2.0346658e-18,0.4,0,1
2020-08-31,equal_weight,none,True,rule_based,0,,,False,1,0.2,0.2,0,0
2020-08-31,static_6040,none,True,rule_based,0,,,False,1,0,0.6,0,0
2020-08-31,static_minvar,training_window_ledoit_wolf,True,Optimization terminated successfully,8,3.7910651e-05,73deb11a4da03784,False,1,1.254964e-17,0.4,0,1
2020-08-31,rolling_lw_minvar,rolling_ledoit_wolf,True,Optimization terminated successfully,10,2.613963e-05,33b28214307b9bcd,False,1,3.5599696e-17,0.4,0,1
2020-08-31,ewma_scaled_minvar,ewma_vol_x_lw_correlation,True,Optimization terminated successfully,7,1.8179834e-05,f10ccef6cf4c5c56,False,1,0,0.4,4.4408921e-16,2
2020-08-31,regime_minvar,a2_consumed,True,Optimization terminated successfully,11,4.0498977e-05,2e10a803df0ddca0,False,1,2.018554e-17,0.4,0,1
2020-09-30,equal_weight,none,True,rule_based,0,,,False,1,0.2,0.2,0,0
2020-09-30,static_6040,none,True,rule_based,0,,,False,1,0,0.6,0,0
2020-09-30,static_minvar,training_window_ledoit_wolf,True,Optimization terminated successfully,8,3.7910651e-05,73deb11a4da03784,False,1,1.254964e-17,0.4,0,1
2020-09-30,rolling_lw_minvar,rolling_ledoit_wolf,True,Optimization terminated successfully,10,2.6228442e-05,8c253df0a2856cca,False,1,0,0.4,0,1
2020-09-30,ewma_scaled_minvar,ewma_vol_x_lw_correlation,True,Optimization terminated successfully,6,2.5529681e-05,5992dfefbe173aa9,False,1,0,0.4,0,1
2020-09-30,regime_minvar,a2_consumed,True,Optimization terminated successfully,11,4.1457949e-05,bfe3f292380459b6,False,1,2.3267069e-17,0.4,0,1
2020-10-30,equal_weight,none,True,rule_based,0,,,False,1,0.2,0.2,0,0
2020-10-30,static_6040,none,True,rule_based,0,,,False,1,0,0.6,0,0
2020-10-30,static_minvar,training_window_ledoit_wolf,True,Optimization terminated successfully,8,3.7910651e-05,73deb11a4da03784,False,1,1.254964e-17,0.4,0,1
2020-10-30,rolling_lw_minvar,rolling_ledoit_wolf,True,Optimization terminated successfully,10,2.6240854e-05,34e89ecdf95e1f15,False,1,2.5919982e-17,0.4,0,1
2020-10-30,ewma_scaled_minvar,ewma_vol_x_lw_correlation,True,Optimization terminated successfully,6,1.9806912e-05,9a6d9bd4a311a343,False,1,0,0.4,0,1
2020-10-30,regime_minvar,a2_consumed,True,Optimization terminated successfully,11,4.1298201e-05,9365c0f07d4de97d,False,1,0,0.4,2.220446e-16,1
2020-11-30,equal_weight,none,True,rule_based,0,,,False,1,0.2,0.2,0,0
2020-11-30,static_6040,none,True,rule_based,0,,,False,1,0,0.6,0,0
2020-11-30,static_minvar,training_window_ledoit_wolf,True,Optimization terminated successfully,8,3.7910651e-05,73deb11a4da03784,False,1,1.254964e-17,0.4,0,1
2020-11-30,rolling_lw_minvar,rolling_ledoit_wolf,True,Optimization terminated successfully,10,2.62716e-05,14acf25ccff79abe,False,1,1.3140015e-17,0.4,0,1
2020-11-30,ewma_scaled_minvar,ewma_vol_x_lw_correlation,True,Optimization terminated successfully,6,2.3036985e-05,9559e6820233dc7a,False,1,0,0.4,0,1
2020-11-30,regime_minvar,a2_consumed,True,Optimization terminated successfully,11,4.0981408e-05,cdfbf8ede015ca7c,False,1,1.0855521e-17,0.4,0,1
2020-12-31,equal_weight,none,True,rule_based,0,,,False,1,0.2,0.2,0,0
2020-12-31,static_6040,none,True,rule_based,0,,,False,1,0,0.6,0,0
2020-12-31,static_minvar,training_window_ledoit_wolf,True,Optimization terminated successfully,8,3.7910651e-05,73deb11a4da03784,False,1,1.254964e-17,0.4,0,1
2020-12-31,rolling_lw_minvar,rolling_ledoit_wolf,True,Optimization terminated successfully,10,2.6200368e-05,ab3bb7b9db05dc8b,False,1,0,0.4,0,1
2020-12-31,ewma_scaled_minvar,ewma_vol_x_lw_correlation,True,Optimization terminated successfully,6,1.1080051e-05,818fbc5569c2799b,False,1,3.6700244e-17,0.4,0,1
2020-12-31,regime_minvar,a2_consumed,True,Optimization terminated successfully,11,4.0906161e-05,e621a663a95e80a3,False,1,4.1378145e-17,0.4,0,1
2021-01-29,equal_weight,none,True,rule_based,0,,,False,1,0.2,0.2,0,0
2021-01-29,static_6040,none,True,rule_based,0,,,False,1,0,0.6,0,0
2021-01-29,static_minvar,training_window_ledoit_wolf,True,Optimization terminated successfully,8,3.7910651e-05,73deb11a4da03784,False,1,1.254964e-17,0.4,0,1
2021-01-29,rolling_lw_minvar,rolling_ledoit_wolf,True,Optimization terminated successfully,10,2.6192541e-05,14baba7b8dcc971b,False,1,0,0.4,0,1
2021-01-29,ewma_scaled_minvar,ewma_vol_x_lw_correlation,True,Optimization terminated successfully,6,1.8054534e-05,804165574a01ed1e,False,1,7.1188884e-18,0.4,2.220446e-16,1
2021-01-29,regime_minvar,a2_consumed,True,Optimization terminated successfully,11,4.0771758e-05,c9a91028e1fd5a55,False,1,0,0.4,0,1
2021-02-26,equal_weight,none,True,rule_based,0,,,False,1,0.2,0.2,0,0
2021-02-26,static_6040,none,True,rule_based,0,,,False,1,0,0.6,0,0
2021-02-26,static_minvar,training_window_ledoit_wolf,True,Optimization terminated successfully,8,3.7910651e-05,73deb11a4da03784,False,1,1.254964e-17,0.4,0,1
2021-02-26,rolling_lw_minvar,rolling_ledoit_wolf,True,Optimization terminated successfully,10,2.621543e-05,e9a71010dc1a41f4,False,1,0,0.4,2.220446e-16,1
2021-02-26,ewma_scaled_minvar,ewma_vol_x_lw_correlation,True,Optimization terminated successfully,4,1.9964752e-05,70e7b7f4c416b58a,False,1,0,0.4,0,2
2021-02-26,regime_minvar,a2_consumed,True,Optimization terminated successfully,11,4.0679143e-05,78afb2ca5fa95ac7,False,1,0,0.4,0,1
2021-03-31,equal_weight,none,True,rule_based,0,,,False,1,0.2,0.2,0,0
2021-03-31,static_6040,none,True,rule_based,0,,,False,1,0,0.6,0,0
2021-03-31,static_minvar,training_window_ledoit_wolf,True,Optimization terminated successfully,8,3.7910651e-05,73deb11a4da03784,False,1,1.254964e-17,0.4,0,1
2021-03-31,rolling_lw_minvar,rolling_ledoit_wolf,True,Optimization terminated successfully,10,2.6248066e-05,a03e20259f9bbf47,False,1,0,0.4,0,1
2021-03-31,ewma_scaled_minvar,ewma_vol_x_lw_correlation,True,Optimization terminated successfully,4,1.6403288e-05,d0c980b3235875bc,False,1,1.3877788e-17,0.4,0,1
2021-03-31,regime_minvar,a2_consumed,True,Optimization terminated successfully,7,2.165633e-05,2fcb97e27384a7ca,False,1,0,0.4,0,1
2021-04-30,equal_weight,none,True,rule_based,0,,,False,1,0.2,0.2,0,0
2021-04-30,static_6040,none,True,rule_based,0,,,False,1,0,0.6,0,0
2021-04-30,static_minvar,training_window_ledoit_wolf,True,Optimization terminated successfully,8,3.7910651e-05,73deb11a4da03784,False,1,1.254964e-17,0.4,0,1
2021-04-30,rolling_lw_minvar,rolling_ledoit_wolf,True,Optimization terminated successfully,10,2.620159e-05,4ba959171763b054,False,1,0,0.4,0,1
2021-04-30,ewma_scaled_minvar,ewma_vol_x_lw_correlation,True,Optimization terminated successfully,4,1.0267039e-05,189530754007badb,False,1,0,0.4,4.4408921e-16,1
2021-04-30,regime_minvar,a2_consumed,True,Optimization terminated successfully,5,1.66044e-05,1c945e9a76307431,False,1,0,0.4,0,2
2021-05-28,equal_weight,none,True,rule_based,0,,,False,1,0.2,0.2,0,0
2021-05-28,static_6040,none,True,rule_based,0,,,False,1,0,0.6,0,0
2021-05-28,static_minvar,training_window_ledoit_wolf,True,Optimization terminated successfully,8,3.7910651e-05,73deb11a4da03784,False,1,1.254964e-17,0.4,0,1
2021-05-28,rolling_lw_minvar,rolling_ledoit_wolf,True,Optimization terminated successfully,10,2.6186335e-05,a98d7f5aa047c3ef,False,1,0,0.4,0,1
2021-05-28,ewma_scaled_minvar,ewma_vol_x_lw_correlation,True,Optimization terminated successfully,4,9.9313961e-06,df9bf2767eaed95e,False,1,0,0.4,0,1
2021-05-28,regime_minvar,a2_consumed,True,Optimization terminated successfully,5,1.6676922e-05,fba42b5d57d6de58,False,1,0,0.4,1.110223e-16,2
2021-06-30,equal_weight,none,True,rule_based,0,,,False,1,0.2,0.2,0,0
2021-06-30,static_6040,none,True,rule_based,0,,,False,1,0,0.6,0,0
2021-06-30,static_minvar,training_window_ledoit_wolf,True,Optimization terminated successfully,8,3.7910651e-05,73deb11a4da03784,False,1,1.254964e-17,0.4,0,1
2021-06-30,rolling_lw_minvar,rolling_ledoit_wolf,True,Optimization terminated successfully,10,2.614271e-05,40546f876b4568e4,False,1,0,0.4,0,1
2021-06-30,ewma_scaled_minvar,ewma_vol_x_lw_correlation,True,Optimization terminated successfully,6,9.6696053e-06,4448ef0b2653dd1b,False,1,3.6212353e-17,0.4,2.220446e-16,2
2021-06-30,regime_minvar,a2_consumed,True,Optimization terminated successfully,5,1.6658476e-05,de6a01900e72137b,False,1,0,0.4,0,2
2021-07-30,equal_weight,none,True,rule_based,0,,,False,1,0.2,0.2,0,0
2021-07-30,static_6040,none,True,rule_based,0,,,False,1,0,0.6,0,0
2021-07-30,static_minvar,training_window_ledoit_wolf,True,Optimization terminated successfully,8,3.7910651e-05,73deb11a4da03784,False,1,1.254964e-17,0.4,0,1
2021-07-30,rolling_lw_minvar,rolling_ledoit_wolf,True,Optimization terminated successfully,10,2.6049343e-05,1d0e5ff6e02ec674,False,1,8.0907231e-18,0.4,1.110223e-16,1
2021-07-30,ewma_scaled_minvar,ewma_vol_x_lw_correlation,True,Optimization terminated successfully,10,8.847016e-06,df8a95f790a6c3d4,False,1,1.7645023e-17,0.4,1.110223e-16,1
2021-07-30,regime_minvar,a2_consumed,True,Optimization terminated successfully,5,1.6618711e-05,23ca1b43cbd670b2,False,1,0,0.4,1.110223e-16,2
2021-08-31,equal_weight,none,True,rule_based,0,,,False,1,0.2,0.2,0,0
2021-08-31,static_6040,none,True,rule_based,0,,,False,1,0,0.6,0,0
2021-08-31,static_minvar,training_window_ledoit_wolf,True,Optimization terminated successfully,8,3.7910651e-05,73deb11a4da03784,False,1,1.254964e-17,0.4,0,1
2021-08-31,rolling_lw_minvar,rolling_ledoit_wolf,True,Optimization terminated successfully,10,2.5997356e-05,0373866a90a00579,False,1,3.1425094e-17,0.4,0,1
2021-08-31,ewma_scaled_minvar,ewma_vol_x_lw_correlation,True,Optimization terminated successfully,7,8.1023296e-06,be67daf5e07ab8b4,False,1,1.5172054e-17,0.4,2.220446e-16,2
2021-08-31,regime_minvar,a2_consumed,True,Optimization terminated successfully,5,1.6668208e-05,f47b5289d2df9937,False,1,2.1684043e-18,0.4,0,2
2021-09-30,equal_weight,none,True,rule_based,0,,,False,1,0.2,0.2,0,0
2021-09-30,static_6040,none,True,rule_based,0,,,False,1,0,0.6,0,0
2021-09-30,static_minvar,training_window_ledoit_wolf,True,Optimization terminated successfully,8,3.7910651e-05,73deb11a4da03784,False,1,1.254964e-17,0.4,0,1
2021-09-30,rolling_lw_minvar,rolling_ledoit_wolf,True,Optimization terminated successfully,10,2.5953204e-05,c85ef485ad490610,False,1,3.5559403e-18,0.4,0,1
2021-09-30,ewma_scaled_minvar,ewma_vol_x_lw_correlation,True,Optimization terminated successfully,7,1.4182598e-05,30c63bc8398a5b50,False,1,0,0.4,0,1
2021-09-30,regime_minvar,a2_consumed,True,Optimization terminated successfully,11,4.0145714e-05,73da351daea5f937,False,1,0,0.4,0,1
2021-10-29,equal_weight,none,True,rule_based,0,,,False,1,0.2,0.2,0,0
2021-10-29,static_6040,none,True,rule_based,0,,,False,1,0,0.6,0,0
2021-10-29,static_minvar,training_window_ledoit_wolf,True,Optimization terminated successfully,8,3.7910651e-05,73deb11a4da03784,False,1,1.254964e-17,0.4,0,1
2021-10-29,rolling_lw_minvar,rolling_ledoit_wolf,True,Optimization terminated successfully,10,2.5877842e-05,70596bd6eeb4aa98,False,1,0,0.4,0,1
2021-10-29,ewma_scaled_minvar,ewma_vol_x_lw_correlation,True,Optimization terminated successfully,7,1.0257852e-05,c60241eaea91051b,False,1,0,0.4,2.220446e-16,1
2021-10-29,regime_minvar,a2_consumed,True,Optimization terminated successfully,5,1.6672413e-05,19dec90f3fe32af0,False,1,0,0.4,1.110223e-16,2
2021-11-30,equal_weight,none,True,rule_based,0,,,False,1,0.2,0.2,0,0
2021-11-30,static_6040,none,True,rule_based,0,,,False,1,0,0.6,0,0
2021-11-30,static_minvar,training_window_ledoit_wolf,True,Optimization terminated successfully,8,3.7910651e-05,73deb11a4da03784,False,1,1.254964e-17,0.4,0,1
2021-11-30,rolling_lw_minvar,rolling_ledoit_wolf,True,Optimization terminated successfully,10,2.5826325e-05,8f78a01751651371,False,1,0,0.4,0,1
2021-11-30,ewma_scaled_minvar,ewma_vol_x_lw_correlation,True,Optimization terminated successfully,7,1.4836804e-05,67d392cca98da9d5,False,1,0,0.4,0,1
2021-11-30,regime_minvar,a2_consumed,True,Optimization terminated successfully,10,3.9955274e-05,96d3ec946a51cfda,False,1,0,0.4,0,1
2021-12-31,equal_weight,none,True,rule_based,0,,,False,1,0.2,0.2,0,0
2021-12-31,static_6040,none,True,rule_based,0,,,False,1,0,0.6,0,0
2021-12-31,static_minvar,training_window_ledoit_wolf,True,Optimization terminated successfully,8,3.7910651e-05,73deb11a4da03784,False,1,1.254964e-17,0.4,0,1
2021-12-31,rolling_lw_minvar,rolling_ledoit_wolf,True,Optimization terminated successfully,10,2.5755998e-05,c19e2e261914df15,False,1,2.10849e-18,0.4,1.110223e-16,1
2021-12-31,ewma_scaled_minvar,ewma_vol_x_lw_correlation,True,Optimization terminated successfully,4,1.1483112e-05,ba95e452a709d570,False,1,0,0.4,0,1
2021-12-31,regime_minvar,a2_consumed,True,Optimization terminated successfully,7,1.9161648e-05,a2a7b9984f3dcfe6,False,1,3.9708905e-18,0.4,0,1
2022-01-31,equal_weight,none,True,rule_based,0,,,False,1,0.2,0.2,0,0
2022-01-31,static_6040,none,True,rule_based,0,,,False,1,0,0.6,0,0
2022-01-31,static_minvar,training_window_ledoit_wolf,True,Optimization terminated successfully,8,3.7910651e-05,73deb11a4da03784,False,1,1.254964e-17,0.4,0,1
2022-01-31,rolling_lw_minvar,rolling_ledoit_wolf,True,Optimization terminated successfully,10,2.5775143e-05,d64c541cfd5cc69b,False,1,0,0.4,0,1
2022-01-31,ewma_scaled_minvar,ewma_vol_x_lw_correlation,True,Optimization terminated successfully,4,1.7486892e-05,56ecc0d23983fd08,False,1,0,0.4,2.220446e-16,1
2022-01-31,regime_minvar,a2_consumed,True,Optimization terminated successfully,10,3.9900524e-05,90e3d65c83f2248d,False,1,2.3004482e-17,0.4,0,1
2022-02-28,equal_weight,none,True,rule_based,0,,,False,1,0.2,0.2,0,0
2022-02-28,static_6040,none,True,rule_based,0,,,False,1,0,0.6,0,0
2022-02-28,static_minvar,training_window_ledoit_wolf,True,Optimization terminated successfully,8,3.7910651e-05,73deb11a4da03784,False,1,1.254964e-17,0.4,0,1
2022-02-28,rolling_lw_minvar,rolling_ledoit_wolf,True,Optimization terminated successfully,10,2.5768877e-05,5722a4a0482d2216,False,1,1.4240662e-17,0.4,0,1
2022-02-28,ewma_scaled_minvar,ewma_vol_x_lw_correlation,True,Optimization terminated successfully,4,1.9685001e-05,97c6011ba7cd5f18,False,1,0,0.4,0,1
2022-02-28,regime_minvar,a2_consumed,True,Optimization terminated successfully,10,3.9730135e-05,2fceb0f9257851d2,False,1,6.947351e-18,0.4,0,1
2022-03-31,equal_weight,none,True,rule_based,0,,,False,1,0.2,0.2,0,0
2022-03-31,static_6040,none,True,rule_based,0,,,False,1,0,0.6,0,0
2022-03-31,static_minvar,training_window_ledoit_wolf,True,Optimization terminated successfully,8,3.7910651e-05,73deb11a4da03784,False,1,1.254964e-17,0.4,0,1
2022-03-31,rolling_lw_minvar,rolling_ledoit_wolf,True,Optimization terminated successfully,10,2.5752486e-05,0c656734e692582e,False,1,0,0.4,0,1
2022-03-31,ewma_scaled_minvar,ewma_vol_x_lw_correlation,True,Optimization terminated successfully,6,2.9939405e-05,165bf3838dd37a86,False,1,1.3037531e-17,0.4,1.110223e-16,1
2022-03-31,regime_minvar,a2_consumed,True,Optimization terminated successfully,10,3.9616529e-05,02c3b997e9619fb9,False,1,0,0.4,0,1
2022-04-29,equal_weight,none,True,rule_based,0,,,False,1,0.2,0.2,0,0
2022-04-29,static_6040,none,True,rule_based,0,,,False,1,0,0.6,0,0
2022-04-29,static_minvar,training_window_ledoit_wolf,True,Optimization terminated successfully,8,3.7910651e-05,73deb11a4da03784,False,1,1.254964e-17,0.4,0,1
2022-04-29,rolling_lw_minvar,rolling_ledoit_wolf,True,Optimization terminated successfully,10,2.5838543e-05,5575016ea0ecc20c,False,1,0,0.4,0,1
2022-04-29,ewma_scaled_minvar,ewma_vol_x_lw_correlation,True,Optimization terminated successfully,4,2.692373e-05,f1e2be4bee270c36,False,1,0,0.4,0,2
2022-04-29,regime_minvar,a2_consumed,True,Optimization terminated successfully,10,3.9654237e-05,72091eff7899e78e,False,1,3.91807e-18,0.4,0,1
2022-05-31,equal_weight,none,True,rule_based,0,,,False,1,0.2,0.2,0,0
2022-05-31,static_6040,none,True,rule_based,0,,,False,1,0,0.6,0,0
2022-05-31,static_minvar,training_window_ledoit_wolf,True,Optimization terminated successfully,8,3.7910651e-05,73deb11a4da03784,False,1,1.254964e-17,0.4,0,1
2022-05-31,rolling_lw_minvar,rolling_ledoit_wolf,True,Optimization terminated successfully,8,2.5956313e-05,153ec5f9b3d255ec,False,1,0,0.4,1.110223e-16,1
2022-05-31,ewma_scaled_minvar,ewma_vol_x_lw_correlation,True,Optimization terminated successfully,4,2.7468447e-05,aa8771f883d8f159,False,1,0,0.4,1.110223e-16,2
2022-05-31,regime_minvar,a2_consumed,True,Optimization terminated successfully,10,4.0136954e-05,35b8510a008831f3,False,1,1.163548e-17,0.4,0,1
2022-06-30,equal_weight,none,True,rule_based,0,,,False,1,0.2,0.2,0,0
2022-06-30,static_6040,none,True,rule_based,0,,,False,1,0,0.6,0,0
2022-06-30,static_minvar,training_window_ledoit_wolf,True,Optimization terminated successfully,8,3.7910651e-05,73deb11a4da03784,False,1,1.254964e-17,0.4,0,1
2022-06-30,rolling_lw_minvar,rolling_ledoit_wolf,True,Optimization terminated successfully,8,2.6203096e-05,c5c8dc1faac52dd3,False,1,0,0.4,0,1
2022-06-30,ewma_scaled_minvar,ewma_vol_x_lw_correlation,True,Optimization terminated successfully,4,2.9712683e-05,02539a113d5803f3,False,1,2.7441955e-17,0.4,0,2
2022-06-30,regime_minvar,a2_consumed,True,Optimization terminated successfully,10,4.051917e-05,596f263993ec6676,False,1,1.2164889e-17,0.4,0,1
2022-07-29,equal_weight,none,True,rule_based,0,,,False,1,0.2,0.2,0,0
2022-07-29,static_6040,none,True,rule_based,0,,,False,1,0,0.6,0,0
2022-07-29,static_minvar,training_window_ledoit_wolf,True,Optimization terminated successfully,8,3.7910651e-05,73deb11a4da03784,False,1,1.254964e-17,0.4,0,1
2022-07-29,rolling_lw_minvar,rolling_ledoit_wolf,True,Optimization terminated successfully,8,2.6253286e-05,4be6cbf8bff53587,False,1,0,0.4,1.110223e-16,1
2022-07-29,ewma_scaled_minvar,ewma_vol_x_lw_correlation,True,Optimization terminated successfully,6,2.504927e-05,73e531e04f2da2e6,False,1,0,0.4,0,1
2022-07-29,regime_minvar,a2_consumed,True,Optimization terminated successfully,10,4.0492254e-05,ccfc9a5ec2a04345,False,1,0,0.4,0,1
2022-08-31,equal_weight,none,True,rule_based,0,,,False,1,0.2,0.2,0,0
2022-08-31,static_6040,none,True,rule_based,0,,,False,1,0,0.6,0,0
2022-08-31,static_minvar,training_window_ledoit_wolf,True,Optimization terminated successfully,8,3.7910651e-05,73deb11a4da03784,False,1,1.254964e-17,0.4,0,1
2022-08-31,rolling_lw_minvar,rolling_ledoit_wolf,True,Optimization terminated successfully,8,2.636078e-05,5fc335c5ce6e0e79,False,1,0,0.4,0,1
2022-08-31,ewma_scaled_minvar,ewma_vol_x_lw_correlation,True,Optimization terminated successfully,4,2.0490326e-05,b739bee040bf5858,False,1,0,0.4,0,2
2022-08-31,regime_minvar,a2_consumed,True,Optimization terminated successfully,10,4.0577579e-05,d55af7dda8381eb3,False,1,2.1142339e-18,0.4,0,1
2022-09-30,equal_weight,none,True,rule_based,0,,,False,1,0.2,0.2,0,0
2022-09-30,static_6040,none,True,rule_based,0,,,False,1,0,0.6,0,0
2022-09-30,static_minvar,training_window_ledoit_wolf,True,Optimization terminated successfully,8,3.7910651e-05,73deb11a4da03784,False,1,1.254964e-17,0.4,0,1
2022-09-30,rolling_lw_minvar,rolling_ledoit_wolf,True,Optimization terminated successfully,8,2.6630041e-05,5d1aff18fbf30c19,False,1,0,0.4,0,1
2022-09-30,ewma_scaled_minvar,ewma_vol_x_lw_correlation,True,Optimization terminated successfully,8,3.1932165e-05,5948838202b2f533,False,1,0,0.4,0,1
2022-09-30,regime_minvar,a2_consumed,True,Optimization terminated successfully,10,4.1030991e-05,04de2e8026e77458,False,1,2.4965555e-17,0.4,1.110223e-16,1
2022-10-31,equal_weight,none,True,rule_based,0,,,False,1,0.2,0.2,0,0
2022-10-31,static_6040,none,True,rule_based,0,,,False,1,0,0.6,0,0
2022-10-31,static_minvar,training_window_ledoit_wolf,True,Optimization terminated successfully,8,3.7910651e-05,73deb11a4da03784,False,1,1.254964e-17,0.4,0,1
2022-10-31,rolling_lw_minvar,rolling_ledoit_wolf,True,Optimization terminated successfully,7,2.6892499e-05,9b2a5e9a67baab77,False,1,0,0.4,0,1
2022-10-31,ewma_scaled_minvar,ewma_vol_x_lw_correlation,True,Optimization terminated successfully,6,3.055046e-05,617c23b1f3baefd6,False,1,0,0.4,0,1
2022-10-31,regime_minvar,a2_consumed,True,Optimization terminated successfully,9,4.1448196e-05,302e6d1ebffd93b0,False,1,0,0.4,0,1
2022-11-30,equal_weight,none,True,rule_based,0,,,False,1,0.2,0.2,0,0
2022-11-30,static_6040,none,True,rule_based,0,,,False,1,0,0.6,0,0
2022-11-30,static_minvar,training_window_ledoit_wolf,True,Optimization terminated successfully,8,3.7910651e-05,73deb11a4da03784,False,1,1.254964e-17,0.4,0,1
2022-11-30,rolling_lw_minvar,rolling_ledoit_wolf,True,Optimization terminated successfully,7,2.7241264e-05,cdea56fba6bfa1b8,False,1,0,0.4,0,1
2022-11-30,ewma_scaled_minvar,ewma_vol_x_lw_correlation,True,Optimization terminated successfully,10,3.4344108e-05,aa73d7ba1730320f,False,1,1.9111849e-17,0.4,0,1
2022-11-30,regime_minvar,a2_consumed,True,Optimization terminated successfully,8,4.2091854e-05,29d94aaf04efb039,False,1,0,0.4,0,1
2022-12-30,equal_weight,none,True,rule_based,0,,,False,1,0.2,0.2,0,0
2022-12-30,static_6040,none,True,rule_based,0,,,False,1,0,0.6,0,0
2022-12-30,static_minvar,training_window_ledoit_wolf,True,Optimization terminated successfully,8,3.7910651e-05,73deb11a4da03784,False,1,1.254964e-17,0.4,0,1
2022-12-30,rolling_lw_minvar,rolling_ledoit_wolf,True,Optimization terminated successfully,7,2.7311452e-05,00e31eb97b15cc8c,False,1,0,0.4,0,1
2022-12-30,ewma_scaled_minvar,ewma_vol_x_lw_correlation,True,Optimization terminated successfully,7,2.6314265e-05,98250fe5bd9765af,False,1,0,0.4,0,1
2022-12-30,regime_minvar,a2_consumed,True,Optimization terminated successfully,8,4.2113133e-05,ff8e721d0ed2ba7e,False,1,0,0.4,2.220446e-16,1
2023-01-31,equal_weight,none,True,rule_based,0,,,False,1,0.2,0.2,0,0
2023-01-31,static_6040,none,True,rule_based,0,,,False,1,0,0.6,0,0
2023-01-31,static_minvar,training_window_ledoit_wolf,True,Optimization terminated successfully,8,3.7910651e-05,73deb11a4da03784,False,1,1.254964e-17,0.4,0,1
2023-01-31,rolling_lw_minvar,rolling_ledoit_wolf,True,Optimization terminated successfully,7,2.7339643e-05,c7a9f974e42c55fd,False,1,0,0.4,1.110223e-16,1
2023-01-31,ewma_scaled_minvar,ewma_vol_x_lw_correlation,True,Optimization terminated successfully,7,2.0812643e-05,f906c58b017e909c,False,1,0,0.4,0,1
2023-01-31,regime_minvar,a2_consumed,True,Optimization terminated successfully,8,4.2062316e-05,9942e82800e9e35d,False,1,1.2788503e-17,0.4,1.110223e-16,1
2023-02-28,equal_weight,none,True,rule_based,0,,,False,1,0.2,0.2,0,0
2023-02-28,static_6040,none,True,rule_based,0,,,False,1,0,0.6,0,0
2023-02-28,static_minvar,training_window_ledoit_wolf,True,Optimization terminated successfully,8,3.7910651e-05,73deb11a4da03784,False,1,1.254964e-17,0.4,0,1
2023-02-28,rolling_lw_minvar,rolling_ledoit_wolf,True,Optimization terminated successfully,7,2.7379633e-05,93119f591aed98c1,False,1,0,0.4,0,1
2023-02-28,ewma_scaled_minvar,ewma_vol_x_lw_correlation,True,Optimization terminated successfully,7,1.7539542e-05,6e4fed46fe1473e5,False,1,0,0.4,0,1
2023-02-28,regime_minvar,a2_consumed,True,Optimization terminated successfully,8,4.2047465e-05,c1add4e8792b704d,False,1,0,0.4,0,1
2023-03-31,equal_weight,none,True,rule_based,0,,,False,1,0.2,0.2,0,0
2023-03-31,static_6040,none,True,rule_based,0,,,False,1,0,0.6,0,0
2023-03-31,static_minvar,training_window_ledoit_wolf,True,Optimization terminated successfully,8,3.7910651e-05,73deb11a4da03784,False,1,1.254964e-17,0.4,0,1
2023-03-31,rolling_lw_minvar,rolling_ledoit_wolf,True,Optimization terminated successfully,7,2.7404173e-05,b6ab7cc08b03c606,False,1,0,0.4,0,1
2023-03-31,ewma_scaled_minvar,ewma_vol_x_lw_correlation,True,Optimization terminated successfully,7,2.8307183e-05,64fafc3a17d5ea54,False,1,1.3847295e-17,0.4,0,1
2023-03-31,regime_minvar,a2_consumed,True,Optimization terminated successfully,8,4.2056072e-05,47239632ed5925b8,False,1,1.4399348e-17,0.4,0,1
2023-04-28,equal_weight,none,True,rule_based,0,,,False,1,0.2,0.2,0,0
2023-04-28,static_6040,none,True,rule_based,0,,,False,1,0,0.6,0,0
2023-04-28,static_minvar,training_window_ledoit_wolf,True,Optimization terminated successfully,8,3.7910651e-05,73deb11a4da03784,False,1,1.254964e-17,0.4,0,1
2023-04-28,rolling_lw_minvar,rolling_ledoit_wolf,True,Optimization terminated successfully,7,2.7359021e-05,d983a5b37282dc02,False,1,8.8904578e-18,0.4,0,1
2023-04-28,ewma_scaled_minvar,ewma_vol_x_lw_correlation,True,Optimization terminated successfully,6,1.9246012e-05,a9dfaba54d308d60,False,1,5.1336973e-17,0.4,1.110223e-16,1
2023-04-28,regime_minvar,a2_consumed,True,Optimization terminated successfully,8,4.1419269e-05,c43feb8e56bd2eb3,False,1,1.2217815e-17,0.4,2.220446e-16,1
2023-05-31,equal_weight,none,True,rule_based,0,,,False,1,0.2,0.2,0,0
2023-05-31,static_6040,none,True,rule_based,0,,,False,1,0,0.6,0,0
2023-05-31,static_minvar,training_window_ledoit_wolf,True,Optimization terminated successfully,8,3.7910651e-05,73deb11a4da03784,False,1,1.254964e-17,0.4,0,1
2023-05-31,rolling_lw_minvar,rolling_ledoit_wolf,True,Optimization terminated successfully,7,2.7295891e-05,93eecee3c360dd9a,False,1,0,0.4,0,1
2023-05-31,ewma_scaled_minvar,ewma_vol_x_lw_correlation,True,Optimization terminated successfully,6,1.5214995e-05,c89d8aac8052155a,False,1,0,0.4,0,1
2023-05-31,regime_minvar,a2_consumed,True,Optimization terminated successfully,8,4.1326166e-05,cea02867afb1dd8a,False,1,0,0.4,2.220446e-16,1
2023-06-30,equal_weight,none,True,rule_based,0,,,False,1,0.2,0.2,0,0
2023-06-30,static_6040,none,True,rule_based,0,,,False,1,0,0.6,0,0
2023-06-30,static_minvar,training_window_ledoit_wolf,True,Optimization terminated successfully,8,3.7910651e-05,73deb11a4da03784,False,1,1.254964e-17,0.4,0,1
2023-06-30,rolling_lw_minvar,rolling_ledoit_wolf,True,Optimization terminated successfully,7,2.7252651e-05,dbe21ff231fb41df,False,1,0,0.4,0,1
2023-06-30,ewma_scaled_minvar,ewma_vol_x_lw_correlation,True,Optimization terminated successfully,4,1.2277848e-05,dc4bf34ae7004e55,False,1,6.9388939e-18,0.4,0,1
2023-06-30,regime_minvar,a2_consumed,True,Optimization terminated successfully,7,1.7027302e-05,0b221e6cf50415f7,False,1,0,0.4,0,1
2023-07-31,equal_weight,none,True,rule_based,0,,,False,1,0.2,0.2,0,0
2023-07-31,static_6040,none,True,rule_based,0,,,False,1,0,0.6,0,0
2023-07-31,static_minvar,training_window_ledoit_wolf,True,Optimization terminated successfully,8,3.7910651e-05,73deb11a4da03784,False,1,1.254964e-17,0.4,0,1
2023-07-31,rolling_lw_minvar,rolling_ledoit_wolf,True,Optimization terminated successfully,7,2.7242081e-05,0a53930d206694f0,False,1,0,0.4,0,1
2023-07-31,ewma_scaled_minvar,ewma_vol_x_lw_correlation,True,Optimization terminated successfully,4,1.0173507e-05,c5d4987b540d5956,False,1,0,0.4,0,2
2023-07-31,regime_minvar,a2_consumed,True,Optimization terminated successfully,7,1.7075459e-05,da2418a4e3d62572,False,1,0,0.4,0,1
2023-08-31,equal_weight,none,True,rule_based,0,,,False,1,0.2,0.2,0,0
2023-08-31,static_6040,none,True,rule_based,0,,,False,1,0,0.6,0,0
2023-08-31,static_minvar,training_window_ledoit_wolf,True,Optimization terminated successfully,8,3.7910651e-05,73deb11a4da03784,False,1,1.254964e-17,0.4,0,1
2023-08-31,rolling_lw_minvar,rolling_ledoit_wolf,True,Optimization terminated successfully,7,2.7213362e-05,a41770bed986610c,False,1,2.9165038e-17,0.4,0,1
2023-08-31,ewma_scaled_minvar,ewma_vol_x_lw_correlation,True,Optimization terminated successfully,8,1.0052955e-05,b63275ecdb2c70a4,False,1,0,0.4,0,1
2023-08-31,regime_minvar,a2_consumed,True,Optimization terminated successfully,5,1.6854785e-05,f924d95345911ef7,False,1,0,0.4,1.110223e-16,2
2023-09-29,equal_weight,none,True,rule_based,0,,,False,1,0.2,0.2,0,0
2023-09-29,static_6040,none,True,rule_based,0,,,False,1,0,0.6,0,0
2023-09-29,static_minvar,training_window_ledoit_wolf,True,Optimization terminated successfully,8,3.7910651e-05,73deb11a4da03784,False,1,1.254964e-17,0.4,0,1
2023-09-29,rolling_lw_minvar,rolling_ledoit_wolf,True,Optimization terminated successfully,7,2.716958e-05,e10c3932e83e2e46,False,1,2.0654051e-17,0.4,0,1
2023-09-29,ewma_scaled_minvar,ewma_vol_x_lw_correlation,True,Optimization terminated successfully,7,1.0288944e-05,e659713e298d9228,False,1,0,0.4,0,1
2023-09-29,regime_minvar,a2_consumed,True,Optimization terminated successfully,7,1.7695689e-05,1908fb728234b2a2,False,1,0,0.4,0,1
2023-10-31,equal_weight,none,True,rule_based,0,,,False,1,0.2,0.2,0,0
2023-10-31,static_6040,none,True,rule_based,0,,,False,1,0,0.6,0,0
2023-10-31,static_minvar,training_window_ledoit_wolf,True,Optimization terminated successfully,8,3.7910651e-05,73deb11a4da03784,False,1,1.254964e-17,0.4,0,1
2023-10-31,rolling_lw_minvar,rolling_ledoit_wolf,True,Optimization terminated successfully,7,2.7159231e-05,3b1c44907145087e,False,1,0,0.4,0,1
2023-10-31,ewma_scaled_minvar,ewma_vol_x_lw_correlation,True,Optimization terminated successfully,6,1.7189896e-05,c7ebc17ef1bcd2fc,False,1,3.8977068e-17,0.4,1.110223e-16,1
2023-10-31,regime_minvar,a2_consumed,True,Optimization terminated successfully,8,4.1379168e-05,5ab632b90f701b32,False,1,8.7463563e-18,0.4,1.110223e-16,1
2023-11-30,equal_weight,none,True,rule_based,0,,,False,1,0.2,0.2,0,0
2023-11-30,static_6040,none,True,rule_based,0,,,False,1,0,0.6,0,0
2023-11-30,static_minvar,training_window_ledoit_wolf,True,Optimization terminated successfully,8,3.7910651e-05,73deb11a4da03784,False,1,1.254964e-17,0.4,0,1
2023-11-30,rolling_lw_minvar,rolling_ledoit_wolf,True,Optimization terminated successfully,7,2.7156319e-05,25dcf23d74ef58c6,False,1,0,0.4,0,1
2023-11-30,ewma_scaled_minvar,ewma_vol_x_lw_correlation,True,Optimization terminated successfully,7,1.4240574e-05,63edf5f8743f86e5,False,1,2.2022857e-19,0.4,0,1
2023-11-30,regime_minvar,a2_consumed,True,Optimization terminated successfully,7,1.7033065e-05,a4603bd400143b1c,False,1,0,0.4,0,1
2023-12-29,equal_weight,none,True,rule_based,0,,,False,1,0.2,0.2,0,0
2023-12-29,static_6040,none,True,rule_based,0,,,False,1,0,0.6,0,0
2023-12-29,static_minvar,training_window_ledoit_wolf,True,Optimization terminated successfully,8,3.7910651e-05,73deb11a4da03784,False,1,1.254964e-17,0.4,0,1
2023-12-29,rolling_lw_minvar,rolling_ledoit_wolf,True,Optimization terminated successfully,7,2.7182871e-05,8254f41f199c202c,False,1,0,0.4,0,1
2023-12-29,ewma_scaled_minvar,ewma_vol_x_lw_correlation,True,Optimization terminated successfully,7,1.2754119e-05,0b0ab0ba1c358dc2,False,1,0,0.4,0,2
2023-12-29,regime_minvar,a2_consumed,True,Optimization terminated successfully,5,1.7108392e-05,20d6f80e7959ece2,False,1,0,0.4,0,2
2024-01-31,equal_weight,none,True,rule_based,0,,,False,1,0.2,0.2,0,0
2024-01-31,static_6040,none,True,rule_based,0,,,False,1,0,0.6,0,0
2024-01-31,static_minvar,training_window_ledoit_wolf,True,Optimization terminated successfully,8,3.7910651e-05,73deb11a4da03784,False,1,1.254964e-17,0.4,0,1
2024-01-31,rolling_lw_minvar,rolling_ledoit_wolf,True,Optimization terminated successfully,7,2.7125646e-05,4dc38e9019644b08,False,1,0,0.4,0,1
2024-01-31,ewma_scaled_minvar,ewma_vol_x_lw_correlation,True,Optimization terminated successfully,6,1.1054899e-05,6932072a533af751,False,1,0,0.4,0,1
2024-01-31,regime_minvar,a2_consumed,True,Optimization terminated successfully,5,1.7128899e-05,2db54eceabe6329e,False,1,0,0.4,1.110223e-16,2
2024-02-29,equal_weight,none,True,rule_based,0,,,False,1,0.2,0.2,0,0
2024-02-29,static_6040,none,True,rule_based,0,,,False,1,0,0.6,0,0
2024-02-29,static_minvar,training_window_ledoit_wolf,True,Optimization terminated successfully,8,3.7910651e-05,73deb11a4da03784,False,1,1.254964e-17,0.4,0,1
2024-02-29,rolling_lw_minvar,rolling_ledoit_wolf,True,Optimization terminated successfully,7,2.7110379e-05,49c9159140f8f92b,False,1,0,0.4,0,1
2024-02-29,ewma_scaled_minvar,ewma_vol_x_lw_correlation,True,Optimization terminated successfully,4,1.0288307e-05,fca8884d502c01be,False,1,0,0.4,2.220446e-16,1
2024-02-29,regime_minvar,a2_consumed,True,Optimization terminated successfully,5,1.7150713e-05,5268b2a9b6da5c99,False,1,0,0.4,1.110223e-16,2
2024-03-28,equal_weight,none,True,rule_based,0,,,False,1,0.2,0.2,0,0
2024-03-28,static_6040,none,True,rule_based,0,,,False,1,0,0.6,0,0
2024-03-28,static_minvar,training_window_ledoit_wolf,True,Optimization terminated successfully,8,3.7910651e-05,73deb11a4da03784,False,1,1.254964e-17,0.4,0,1
2024-03-28,rolling_lw_minvar,rolling_ledoit_wolf,True,Optimization terminated successfully,7,2.7061435e-05,5ab6b364700ea5fb,False,1,6.5594231e-18,0.4,2.220446e-16,1
2024-03-28,ewma_scaled_minvar,ewma_vol_x_lw_correlation,True,Optimization terminated successfully,5,9.6852325e-06,418b00b014885fdc,False,1,9.97466e-18,0.4,0,2
2024-03-28,regime_minvar,a2_consumed,True,Optimization terminated successfully,5,1.7093596e-05,51d158b5e94c45b7,False,1,0,0.4,2.220446e-16,2
2024-04-30,equal_weight,none,True,rule_based,0,,,False,1,0.2,0.2,0,0
2024-04-30,static_6040,none,True,rule_based,0,,,False,1,0,0.6,0,0
2024-04-30,static_minvar,training_window_ledoit_wolf,True,Optimization terminated successfully,8,3.7910651e-05,73deb11a4da03784,False,1,1.254964e-17,0.4,0,1
2024-04-30,rolling_lw_minvar,rolling_ledoit_wolf,True,Optimization terminated successfully,7,2.7050129e-05,5d052f954680601e,False,1,0,0.4,0,1
2024-04-30,ewma_scaled_minvar,ewma_vol_x_lw_correlation,True,Optimization terminated successfully,5,1.6922068e-05,34e89e9e357350b9,False,1,0,0.4,2.220446e-16,2
2024-04-30,regime_minvar,a2_consumed,True,Optimization terminated successfully,5,1.7189282e-05,97fbe4fe610f2fa2,False,1,0,0.4,0,2
2024-05-31,equal_weight,none,True,rule_based,0,,,False,1,0.2,0.2,0,0
2024-05-31,static_6040,none,True,rule_based,0,,,False,1,0,0.6,0,0
2024-05-31,static_minvar,training_window_ledoit_wolf,True,Optimization terminated successfully,8,3.7910651e-05,73deb11a4da03784,False,1,1.254964e-17,0.4,0,1
2024-05-31,rolling_lw_minvar,rolling_ledoit_wolf,True,Optimization terminated successfully,7,2.7034461e-05,2c21ffe091f54cd1,False,1,7.6436253e-18,0.4,0,1
2024-05-31,ewma_scaled_minvar,ewma_vol_x_lw_correlation,True,Optimization terminated successfully,6,1.2924991e-05,a77b8745a26ab753,False,1,0,0.4,1.110223e-16,2
2024-05-31,regime_minvar,a2_consumed,True,Optimization terminated successfully,5,1.7134759e-05,31cf6632475894a2,False,1,0,0.4,0,2
2024-06-28,equal_weight,none,True,rule_based,0,,,False,1,0.2,0.2,0,0
2024-06-28,static_6040,none,True,rule_based,0,,,False,1,0,0.6,0,0
2024-06-28,static_minvar,training_window_ledoit_wolf,True,Optimization terminated successfully,8,3.7910651e-05,73deb11a4da03784,False,1,1.254964e-17,0.4,0,1
2024-06-28,rolling_lw_minvar,rolling_ledoit_wolf,True,Optimization terminated successfully,7,2.703041e-05,766e5e7e62f49a29,False,1,1.1926224e-18,0.4,0,1
2024-06-28,ewma_scaled_minvar,ewma_vol_x_lw_correlation,True,Optimization terminated successfully,5,9.9721421e-06,b17bab3260d0d3b0,False,1,0.0022982854,0.4,1.110223e-16,2
2024-06-28,regime_minvar,a2_consumed,True,Optimization terminated successfully,5,1.7145665e-05,d06577c06931ee17,False,1,0,0.4,1.110223e-16,2
2024-07-31,equal_weight,none,True,rule_based,0,,,False,1,0.2,0.2,0,0
2024-07-31,static_6040,none,True,rule_based,0,,,False,1,0,0.6,0,0
2024-07-31,static_minvar,training_window_ledoit_wolf,True,Optimization terminated successfully,8,3.7910651e-05,73deb11a4da03784,False,1,1.254964e-17,0.4,0,1
2024-07-31,rolling_lw_minvar,rolling_ledoit_wolf,True,Optimization terminated successfully,7,2.7063747e-05,e32f80444cb688bf,False,1,1.6642503e-17,0.4,1.110223e-16,1
2024-07-31,ewma_scaled_minvar,ewma_vol_x_lw_correlation,True,Optimization terminated successfully,4,1.8343368e-05,95e6fbc38c34b936,False,1,0,0.4,0,2
2024-07-31,regime_minvar,a2_consumed,True,Optimization terminated successfully,7,1.7528949e-05,8fa02ef99ace2527,False,1,0,0.4,0,1
2024-08-30,equal_weight,none,True,rule_based,0,,,False,1,0.2,0.2,0,0
2024-08-30,static_6040,none,True,rule_based,0,,,False,1,0,0.6,0,0
2024-08-30,static_minvar,training_window_ledoit_wolf,True,Optimization terminated successfully,8,3.7910651e-05,73deb11a4da03784,False,1,1.254964e-17,0.4,0,1
2024-08-30,rolling_lw_minvar,rolling_ledoit_wolf,True,Optimization terminated successfully,7,2.7070256e-05,d7163067dc895d18,False,1,0,0.4,0,1
2024-08-30,ewma_scaled_minvar,ewma_vol_x_lw_correlation,True,Optimization terminated successfully,4,1.8706653e-05,c80979738b8178d8,False,1,0,0.4,0,1
2024-08-30,regime_minvar,a2_consumed,True,Optimization terminated successfully,7,3.8713206e-05,b8bce3f2c7370477,False,1,0,0.4,2.220446e-16,1
2024-09-30,equal_weight,none,True,rule_based,0,,,False,1,0.2,0.2,0,0
2024-09-30,static_6040,none,True,rule_based,0,,,False,1,0,0.6,0,0
2024-09-30,static_minvar,training_window_ledoit_wolf,True,Optimization terminated successfully,8,3.7910651e-05,73deb11a4da03784,False,1,1.254964e-17,0.4,0,1
2024-09-30,rolling_lw_minvar,rolling_ledoit_wolf,True,Optimization terminated successfully,7,2.7036805e-05,871db48ee3f69e3e,False,1,0,0.4,0,1
2024-09-30,ewma_scaled_minvar,ewma_vol_x_lw_correlation,True,Optimization terminated successfully,4,1.4226974e-05,34bf6407746b6304,False,1,0,0.4,2.220446e-16,1
2024-09-30,regime_minvar,a2_consumed,True,Optimization terminated successfully,5,1.7318402e-05,85ac4a7f2d3b2b22,False,1,0,0.4,0,2
2024-10-31,equal_weight,none,True,rule_based,0,,,False,1,0.2,0.2,0,0
2024-10-31,static_6040,none,True,rule_based,0,,,False,1,0,0.6,0,0
2024-10-31,static_minvar,training_window_ledoit_wolf,True,Optimization terminated successfully,8,3.7910651e-05,73deb11a4da03784,False,1,1.254964e-17,0.4,0,1
2024-10-31,rolling_lw_minvar,rolling_ledoit_wolf,True,Optimization terminated successfully,7,2.6978798e-05,ae87cb312ff3ab05,False,1,9.8120297e-18,0.4,1.110223e-16,1
2024-10-31,ewma_scaled_minvar,ewma_vol_x_lw_correlation,True,Optimization terminated successfully,6,1.2636908e-05,d7f5334bc8850776,False,1,0,0.4,0,1
2024-10-31,regime_minvar,a2_consumed,True,Optimization terminated successfully,7,4.0449976e-05,c12b2ff26b74bf9a,False,1,0,0.4,0,1
2024-11-29,equal_weight,none,True,rule_based,0,,,False,1,0.2,0.2,0,0
2024-11-29,static_6040,none,True,rule_based,0,,,False,1,0,0.6,0,0
2024-11-29,static_minvar,training_window_ledoit_wolf,True,Optimization terminated successfully,8,3.7910651e-05,73deb11a4da03784,False,1,1.254964e-17,0.4,0,1
2024-11-29,rolling_lw_minvar,rolling_ledoit_wolf,True,Optimization terminated successfully,7,2.6961407e-05,dfc33ecb066d65b1,False,1,0,0.4,0,1
2024-11-29,ewma_scaled_minvar,ewma_vol_x_lw_correlation,True,Optimization terminated successfully,5,1.5675349e-05,14c2229d90cba203,False,1,1.6588293e-17,0.4,0,2
2024-11-29,regime_minvar,a2_consumed,True,Optimization terminated successfully,5,1.7382408e-05,8eec4ed4e3a7db00,False,1,0,0.4,0,2
2024-12-31,equal_weight,none,True,rule_based,0,,,False,1,0.2,0.2,0,0
2024-12-31,static_6040,none,True,rule_based,0,,,False,1,0,0.6,0,0
2024-12-31,static_minvar,training_window_ledoit_wolf,True,Optimization terminated successfully,8,3.7910651e-05,73deb11a4da03784,False,1,1.254964e-17,0.4,0,1
2024-12-31,rolling_lw_minvar,rolling_ledoit_wolf,True,Optimization terminated successfully,7,2.6973526e-05,abe08bd60724e3b4,False,1,0,0.4,1.110223e-16,1
2024-12-31,ewma_scaled_minvar,ewma_vol_x_lw_correlation,True,Optimization terminated successfully,6,1.7225166e-05,ced41a99c0684aad,False,1,1.8094318e-17,0.4,0,1
2024-12-31,regime_minvar,a2_consumed,True,Optimization terminated successfully,7,1.7514089e-05,dfa8508fb1b974e3,False,1,0,0.4,0,1
2025-01-31,equal_weight,none,True,rule_based,0,,,False,1,0.2,0.2,0,0
2025-01-31,static_6040,none,True,rule_based,0,,,False,1,0,0.6,0,0
2025-01-31,static_minvar,training_window_ledoit_wolf,True,Optimization terminated successfully,8,3.7910651e-05,73deb11a4da03784,False,1,1.254964e-17,0.4,0,1
2025-01-31,rolling_lw_minvar,rolling_ledoit_wolf,True,Optimization terminated successfully,7,2.6946436e-05,04e236f6029907f9,False,1,1.5504091e-17,0.4,0,1
2025-01-31,ewma_scaled_minvar,ewma_vol_x_lw_correlation,True,Optimization terminated successfully,6,1.5304714e-05,45484fd387772661,False,1,0,0.4,0,1
2025-01-31,regime_minvar,a2_consumed,True,Optimization terminated successfully,7,1.7512564e-05,73823f9fceb42c50,False,1,0,0.4,0,1
2025-02-28,equal_weight,none,True,rule_based,0,,,False,1,0.2,0.2,0,0
2025-02-28,static_6040,none,True,rule_based,0,,,False,1,0,0.6,0,0
2025-02-28,static_minvar,training_window_ledoit_wolf,True,Optimization terminated successfully,8,3.7910651e-05,73deb11a4da03784,False,1,1.254964e-17,0.4,0,1
2025-02-28,rolling_lw_minvar,rolling_ledoit_wolf,True,Optimization terminated successfully,7,2.6921036e-05,c1cc2f76f1488967,False,1,1.7726706e-17,0.4,0,1
2025-02-28,ewma_scaled_minvar,ewma_vol_x_lw_correlation,True,Optimization terminated successfully,6,1.6788639e-05,ec92fe8d7a6bd20a,False,1,0,0.4,2.220446e-16,1
2025-02-28,regime_minvar,a2_consumed,True,Optimization terminated successfully,7,3.669767e-05,b408a6d9f1fa565d,False,1,0,0.4,0,1
2025-03-31,equal_weight,none,True,rule_based,0,,,False,1,0.2,0.2,0,0
2025-03-31,static_6040,none,True,rule_based,0,,,False,1,0,0.6,0,0
2025-03-31,static_minvar,training_window_ledoit_wolf,True,Optimization terminated successfully,8,3.7910651e-05,73deb11a4da03784,False,1,1.254964e-17,0.4,0,1
2025-03-31,rolling_lw_minvar,rolling_ledoit_wolf,True,Optimization terminated successfully,7,2.687313e-05,40aa5d4f88abebaf,False,1,0,0.4,0,1
2025-03-31,ewma_scaled_minvar,ewma_vol_x_lw_correlation,True,Optimization terminated successfully,7,2.0641509e-05,e4b588ee2de7a430,False,1,0,0.4,0,1
2025-03-31,regime_minvar,a2_consumed,True,Optimization terminated successfully,7,4.0037962e-05,c338ba4dca42baf2,False,1,0,0.4,0,1
2025-04-30,equal_weight,none,True,rule_based,0,,,False,1,0.2,0.2,0,0
2025-04-30,static_6040,none,True,rule_based,0,,,False,1,0,0.6,0,0
2025-04-30,static_minvar,training_window_ledoit_wolf,True,Optimization terminated successfully,8,3.7910651e-05,73deb11a4da03784,False,1,1.254964e-17,0.4,0,1
2025-04-30,rolling_lw_minvar,rolling_ledoit_wolf,True,Optimization terminated successfully,7,2.7353905e-05,0c09033bf673550c,False,1,5.3668008e-18,0.4,2.220446e-16,1
2025-04-30,ewma_scaled_minvar,ewma_vol_x_lw_correlation,True,Optimization terminated successfully,10,6.644135e-05,06e00fd0d2ed292e,False,1,0,0.4,0,1
2025-04-30,regime_minvar,a2_consumed,True,Optimization terminated successfully,7,4.135813e-05,5ea655a0bbfaae02,False,1,0,0.4,0,1
2025-05-30,equal_weight,none,True,rule_based,0,,,False,1,0.2,0.2,0,0
2025-05-30,static_6040,none,True,rule_based,0,,,False,1,0,0.6,0,0
2025-05-30,static_minvar,training_window_ledoit_wolf,True,Optimization terminated successfully,8,3.7910651e-05,73deb11a4da03784,False,1,1.254964e-17,0.4,0,1
2025-05-30,rolling_lw_minvar,rolling_ledoit_wolf,True,Optimization terminated successfully,7,2.732721e-05,96e28237a5eaf980,False,1,8.998878e-18,0.4,1.110223e-16,1
2025-05-30,ewma_scaled_minvar,ewma_vol_x_lw_correlation,True,Optimization terminated successfully,10,4.6435708e-05,f759a0629f952763,False,1,1.1483727e-17,0.4,0,1
2025-05-30,regime_minvar,a2_consumed,True,Optimization terminated successfully,7,3.4246696e-05,e23a7f65a616b42b,False,1,0,0.4,0,1
2025-06-30,equal_weight,none,True,rule_based,0,,,False,1,0.2,0.2,0,0
2025-06-30,static_6040,none,True,rule_based,0,,,False,1,0,0.6,0,0
2025-06-30,static_minvar,training_window_ledoit_wolf,True,Optimization terminated successfully,8,3.7910651e-05,73deb11a4da03784,False,1,1.254964e-17,0.4,0,1
2025-06-30,rolling_lw_minvar,rolling_ledoit_wolf,True,Optimization terminated successfully,7,2.7276414e-05,3d4d76f95e36a87c,False,1,0,0.4,2.220446e-16,1
2025-06-30,ewma_scaled_minvar,ewma_vol_x_lw_correlation,True,Optimization terminated successfully,7,2.3499599e-05,5b81d9559a146c6d,False,1,0,0.4,0,1
2025-06-30,regime_minvar,a2_consumed,True,Optimization terminated successfully,7,1.7683048e-05,1cbab64cde538143,False,1,0,0.4,0,1
2025-07-31,equal_weight,none,True,rule_based,0,,,False,1,0.2,0.2,0,0
2025-07-31,static_6040,none,True,rule_based,0,,,False,1,0,0.6,0,0
2025-07-31,static_minvar,training_window_ledoit_wolf,True,Optimization terminated successfully,8,3.7910651e-05,73deb11a4da03784,False,1,1.254964e-17,0.4,0,1
2025-07-31,rolling_lw_minvar,rolling_ledoit_wolf,True,Optimization terminated successfully,7,2.7204247e-05,7e9505f11dcdbc04,False,1,0,0.4,0,1
2025-07-31,ewma_scaled_minvar,ewma_vol_x_lw_correlation,True,Optimization terminated successfully,7,1.0656668e-05,6674cf017da3b5bb,False,1,0,0.4,1.110223e-16,2
2025-07-31,regime_minvar,a2_consumed,True,Optimization terminated successfully,7,1.7649525e-05,dc62007bf3d67cba,False,1,0,0.4,2.220446e-16,1
2025-08-29,equal_weight,none,True,rule_based,0,,,False,1,0.2,0.2,0,0
2025-08-29,static_6040,none,True,rule_based,0,,,False,1,0,0.6,0,0
2025-08-29,static_minvar,training_window_ledoit_wolf,True,Optimization terminated successfully,8,3.7910651e-05,73deb11a4da03784,False,1,1.254964e-17,0.4,0,1
2025-08-29,rolling_lw_minvar,rolling_ledoit_wolf,True,Optimization terminated successfully,7,2.7152076e-05,e049a69ce670c0d3,False,1,0,0.4,1.110223e-16,1
2025-08-29,ewma_scaled_minvar,ewma_vol_x_lw_correlation,True,Optimization terminated successfully,5,1.0368077e-05,b487e027bdb98b82,False,1,0,0.4,2.220446e-16,2
2025-08-29,regime_minvar,a2_consumed,True,Optimization terminated successfully,7,1.755799e-05,70f5c7fcd35afe4a,False,1,3.8595056e-18,0.4,1.110223e-16,1
2025-09-30,equal_weight,none,True,rule_based,0,,,False,1,0.2,0.2,0,0
2025-09-30,static_6040,none,True,rule_based,0,,,False,1,0,0.6,0,0
2025-09-30,static_minvar,training_window_ledoit_wolf,True,Optimization terminated successfully,8,3.7910651e-05,73deb11a4da03784,False,1,1.254964e-17,0.4,0,1
2025-09-30,rolling_lw_minvar,rolling_ledoit_wolf,True,Optimization terminated successfully,7,2.7096068e-05,9982e5f8d8a96618,False,1,1.2143064e-17,0.4,2.220446e-16,1
2025-09-30,ewma_scaled_minvar,ewma_vol_x_lw_correlation,True,Optimization terminated successfully,7,7.9907488e-06,06754e1f35c4efc4,False,1,0,0.4,2.220446e-16,2
2025-09-30,regime_minvar,a2_consumed,True,Optimization terminated successfully,7,1.7547245e-05,858be6997c377fe9,False,1,0,0.4,0,1
2025-10-31,equal_weight,none,True,rule_based,0,,,False,1,0.2,0.2,0,0
2025-10-31,static_6040,none,True,rule_based,0,,,False,1,0,0.6,0,0
2025-10-31,static_minvar,training_window_ledoit_wolf,True,Optimization terminated successfully,8,3.7910651e-05,73deb11a4da03784,False,1,1.254964e-17,0.4,0,1
2025-10-31,rolling_lw_minvar,rolling_ledoit_wolf,True,Optimization terminated successfully,7,2.7156514e-05,a0fe1217ed2fd523,False,1,0,0.4,2.220446e-16,1
2025-10-31,ewma_scaled_minvar,ewma_vol_x_lw_correlation,True,Optimization terminated successfully,5,2.0186096e-05,6ffebb7ba89138bf,False,1,0,0.4,0,2
2025-10-31,regime_minvar,a2_consumed,True,Optimization terminated successfully,7,1.7616387e-05,b5d91a87bb8afd74,False,1,0,0.4,0,1
2025-11-28,equal_weight,none,True,rule_based,0,,,False,1,0.2,0.2,0,0
2025-11-28,static_6040,none,True,rule_based,0,,,False,1,0,0.6,0,0
2025-11-28,static_minvar,training_window_ledoit_wolf,True,Optimization terminated successfully,8,3.7910651e-05,73deb11a4da03784,False,1,1.254964e-17,0.4,0,1
2025-11-28,rolling_lw_minvar,rolling_ledoit_wolf,True,Optimization terminated successfully,7,2.7168684e-05,8f747db397323773,False,1,4.9331199e-18,0.4,0,1
2025-11-28,ewma_scaled_minvar,ewma_vol_x_lw_correlation,True,Optimization terminated successfully,6,2.1908756e-05,b1c66087c76adc3a,False,1,0,0.4,1.110223e-16,2
2025-11-28,regime_minvar,a2_consumed,True,Optimization terminated successfully,7,2.2245616e-05,a671c6aba4b75bc8,False,1,0,0.4,2.220446e-16,1
2025-12-31,equal_weight,none,True,rule_based,0,,,False,1,0.2,0.2,0,0
2025-12-31,static_6040,none,True,rule_based,0,,,False,1,0,0.6,0,0
2025-12-31,static_minvar,training_window_ledoit_wolf,True,Optimization terminated successfully,8,3.7910651e-05,73deb11a4da03784,False,1,1.254964e-17,0.4,0,1
2025-12-31,rolling_lw_minvar,rolling_ledoit_wolf,True,Optimization terminated successfully,7,2.7128384e-05,df67b28243322f90,False,1,0,0.4,0,1
2025-12-31,ewma_scaled_minvar,ewma_vol_x_lw_correlation,True,Optimization terminated successfully,6,1.438201e-05,1773aa23bfe209b0,False,1,0,0.4,1.110223e-16,2
2025-12-31,regime_minvar,a2_consumed,True,Optimization terminated successfully,7,1.7716774e-05,39378b42432c675f,False,1,0,0.4,1.110223e-16,1
2026-01-30,equal_weight,none,True,rule_based,0,,,False,1,0.2,0.2,0,0
2026-01-30,static_6040,none,True,rule_based,0,,,False,1,0,0.6,0,0
2026-01-30,static_minvar,training_window_ledoit_wolf,True,Optimization terminated successfully,8,3.7910651e-05,73deb11a4da03784,False,1,1.254964e-17,0.4,0,1
2026-01-30,rolling_lw_minvar,rolling_ledoit_wolf,True,Optimization terminated successfully,7,2.7320843e-05,4f9e1d492f16d898,False,1,0,0.4,0,1
2026-01-30,ewma_scaled_minvar,ewma_vol_x_lw_correlation,True,Optimization terminated successfully,8,1.6350522e-05,7cc8a399c830512e,False,1,2.9210355e-17,0.4,1.110223e-16,2
2026-01-30,regime_minvar,a2_consumed,True,Optimization terminated successfully,5,1.7862921e-05,3b4503cfd079be69,False,1,0,0.4,0,2
2026-02-27,equal_weight,none,True,rule_based,0,,,False,1,0.2,0.2,0,0
2026-02-27,static_6040,none,True,rule_based,0,,,False,1,0,0.6,0,0
2026-02-27,static_minvar,training_window_ledoit_wolf,True,Optimization terminated successfully,8,3.7910651e-05,73deb11a4da03784,False,1,1.254964e-17,0.4,0,1
2026-02-27,rolling_lw_minvar,rolling_ledoit_wolf,True,Optimization terminated successfully,7,2.744162e-05,38f97d288a0deea8,False,1,0,0.4,0,1
2026-02-27,ewma_scaled_minvar,ewma_vol_x_lw_correlation,True,Optimization terminated successfully,7,2.0995947e-05,e5f0f7678fc81c4d,False,1,0,0.4,0,2
2026-02-27,regime_minvar,a2_consumed,True,Optimization terminated successfully,5,1.8002979e-05,60fbeee7036ca87b,False,1,0,0.4,0,2
2026-03-31,equal_weight,none,True,rule_based,0,,,False,1,0.2,0.2,0,0
2026-03-31,static_6040,none,True,rule_based,0,,,False,1,0,0.6,0,0
2026-03-31,static_minvar,training_window_ledoit_wolf,True,Optimization terminated successfully,8,3.7910651e-05,73deb11a4da03784,False,1,1.254964e-17,0.4,0,1
2026-03-31,rolling_lw_minvar,rolling_ledoit_wolf,True,Optimization terminated successfully,7,2.7741936e-05,282eb5d38d642a20,False,1,9.486769e-19,0.4,0,1
2026-03-31,ewma_scaled_minvar,ewma_vol_x_lw_correlation,True,Optimization terminated successfully,6,4.332555e-05,a877616238826878,False,1,0,0.4,0,2
2026-03-31,regime_minvar,a2_consumed,True,Optimization terminated successfully,7,4.2172699e-05,cbcc4fc1ecb8da53,False,1,0,0.4,0,1
2026-04-30,equal_weight,none,True,rule_based,0,,,False,1,0.2,0.2,0,0
2026-04-30,static_6040,none,True,rule_based,0,,,False,1,0,0.6,0,0
2026-04-30,static_minvar,training_window_ledoit_wolf,True,Optimization terminated successfully,8,3.7910651e-05,73deb11a4da03784,False,1,1.254964e-17,0.4,0,1
2026-04-30,rolling_lw_minvar,rolling_ledoit_wolf,True,Optimization terminated successfully,7,2.7786563e-05,fbc1017b98b53bde,False,1,0,0.4,0,1
2026-04-30,ewma_scaled_minvar,ewma_vol_x_lw_correlation,True,Optimization terminated successfully,11,2.5885869e-05,8f4cb25c3965341f,False,1,0.0073424677,0.4,2.220446e-16,2
2026-04-30,regime_minvar,a2_consumed,True,Optimization terminated successfully,5,1.8242012e-05,b1f62deef6fc33fb,False,1,0,0.4,0,2
2026-05-29,equal_weight,none,True,rule_based,0,,,False,1,0.2,0.2,0,0
2026-05-29,static_6040,none,True,rule_based,0,,,False,1,0,0.6,0,0
2026-05-29,static_minvar,training_window_ledoit_wolf,True,Optimization terminated successfully,8,3.7910651e-05,73deb11a4da03784,False,1,1.254964e-17,0.4,0,1
2026-05-29,rolling_lw_minvar,rolling_ledoit_wolf,True,Optimization terminated successfully,7,2.7827362e-05,3b1bc1a824c86d23,False,1,0,0.4,0,1
2026-05-29,ewma_scaled_minvar,ewma_vol_x_lw_correlation,True,Optimization terminated successfully,5,1.6825816e-05,4b3c1c7571ab01d6,False,1,0,0.4,2.220446e-16,2
2026-05-29,regime_minvar,a2_consumed,True,Optimization terminated successfully,5,1.8189819e-05,17c837fee2e9934c,False,1,0,0.4,0,2
2026-06-30,equal_weight,none,True,rule_based,0,,,False,1,0.2,0.2,0,0
2026-06-30,static_6040,none,True,rule_based,0,,,False,1,0,0.6,0,0
2026-06-30,static_minvar,training_window_ledoit_wolf,True,Optimization terminated successfully,8,3.7910651e-05,73deb11a4da03784,False,1,1.254964e-17,0.4,0,1
2026-06-30,rolling_lw_minvar,rolling_ledoit_wolf,True,Optimization terminated successfully,7,2.8019792e-05,3df6e57e0c4524fe,False,1,0,0.4,2.220446e-16,1
2026-06-30,ewma_scaled_minvar,ewma_vol_x_lw_correlation,True,Optimization terminated successfully,7,2.8509634e-05,b805eeae7e223a3a,False,1,5.3386369e-18,0.4,2.220446e-16,2
2026-06-30,regime_minvar,a2_consumed,True,Optimization terminated successfully,5,1.9050681e-05,0d0a37d293663639,False,1,1.3877788e-17,0.4,0,2
2026-07-31,equal_weight,none,True,rule_based,0,,,False,1,0.2,0.2,0,0
2026-07-31,static_6040,none,True,rule_based,0,,,False,1,0,0.6,0,0
2026-07-31,static_minvar,training_window_ledoit_wolf,True,Optimization terminated successfully,8,3.7910651e-05,73deb11a4da03784,False,1,1.254964e-17,0.4,0,1
2026-07-31,rolling_lw_minvar,rolling_ledoit_wolf,True,Optimization terminated successfully,7,2.8039637e-05,8376bc4a01fd445d,False,1,0,0.4,0,1
2026-07-31,ewma_scaled_minvar,ewma_vol_x_lw_correlation,True,Optimization terminated successfully,8,2.10216e-05,d5f7c2c5f698838e,False,1,0,0.4,0,2
2026-07-31,regime_minvar,a2_consumed,True,Optimization terminated successfully,5,1.8869385e-05,477041b0a8286d24,False,1,0,0.4,1.110223e-16,2
