date,window_start,observations,fallback_used,fallback_reason,estimator,state,effective_sample_size,shrinkage_intensity,p_bar_high_state,between_state_relative_norm,covariance_consumed,min_eigenvalue_before,min_eigenvalue_after,max_eigenvalue,covariance_condition_number,correlation_condition_number,psd_correction_used,psd_correction_magnitude
2009-12-31,2004-12-20,1268,True,absorbing_transition,sample,-1,,,1,,False,1.7686765e-05,1.7686765e-05,0.00075374528,42.616346,37.998006,False,0
2009-12-31,2004-12-20,1268,True,absorbing_transition,ewma,-1,,,1,,False,5.4857813e-06,5.4857813e-06,0.00028089472,51.204141,36.501544,False,0
2009-12-31,2004-12-20,1268,True,absorbing_transition,ledoit_wolf,-1,,0.014184926,1,,True,2.0329901e-05,2.0329901e-05,0.00074537523,36.663987,32.941773,False,0
2009-12-31,2004-12-20,1268,True,absorbing_transition,state_0_raw,0,726.01602,,1,,False,6.5642727e-06,6.5642727e-06,0.00025030268,38.131061,28.552594,False,0
2009-12-31,2004-12-20,1268,True,absorbing_transition,state_0_shrunk,0,726.01602,0.92366568,1,,False,8.1490062e-06,8.1490062e-06,0.000285836,35.076179,27.912118,False,0
2009-12-31,2004-12-20,1268,True,absorbing_transition,state_1_raw,1,542.66449,,1,,False,2.8784964e-05,2.8784964e-05,0.0014403737,50.039099,46.484424,False,0
2009-12-31,2004-12-20,1268,True,absorbing_transition,state_1_shrunk,1,542.66449,0.90044212,1,,False,2.8002505e-05,2.8002505e-05,0.0013710826,48.962857,45.415351,False,0
2009-12-31,2004-12-20,1268,True,absorbing_transition,regime_mixture,-1,,,1,5.0651295e-19,False,2.8002505e-05,2.8002505e-05,0.0013710826,48.962857,45.415351,False,0
2009-12-31,2004-12-20,1268,True,absorbing_transition,consumed,-1,,,1,,True,2.0329901e-05,2.0329901e-05,0.00074537523,36.663987,32.941773,False,0
2010-01-29,2004-12-20,1287,False,,sample,-1,,,0.98253335,,False,1.7563664e-05,1.7563664e-05,0.0007488458,42.636082,38.054946,False,0
2010-01-29,2004-12-20,1287,False,,ewma,-1,,,0.98253335,,False,7.4144149e-06,7.4144149e-06,0.0004072173,54.922378,48.707699,False,0
2010-01-29,2004-12-20,1287,False,,ledoit_wolf,-1,,0.01396298,0.98253335,,False,2.0149356e-05,2.0149356e-05,0.00074066035,36.758513,33.054675,False,0
2010-01-29,2004-12-20,1287,False,,state_0_raw,0,673.08234,,0.98253335,,False,5.8829161e-06,5.8829161e-06,0.00022135823,37.627297,26.189418,False,0
2010-01-29,2004-12-20,1287,False,,state_0_shrunk,0,673.08234,0.91815381,0.98253335,,False,7.8900564e-06,7.8900564e-06,0.00026077105,33.050593,25.544154,False,0
2010-01-29,2004-12-20,1287,False,,state_1_raw,1,615.26191,,0.98253335,,False,2.6665555e-05,2.6665555e-05,0.0013371178,50.144008,46.667271,False,0
2010-01-29,2004-12-20,1287,False,,state_1_shrunk,1,615.26191,0.91114559,0.98253335,,False,2.6129097e-05,2.6129097e-05,0.001284058,49.142839,45.667047,False,0
2010-01-29,2004-12-20,1287,False,,regime_mixture,-1,,,0.98253335,2.9614842e-05,True,2.586318e-05,2.586318e-05,0.0012660193,48.950643,45.456388,False,0
2010-01-29,2004-12-20,1287,False,,consumed,-1,,,0.98253335,,True,2.586318e-05,2.586318e-05,0.0012660193,48.950643,45.456388,False,0
2010-02-26,2004-12-20,1306,False,,sample,-1,,,0.98306531,,False,1.7468923e-05,1.7468923e-05,0.00074343339,42.557484,38.243012,False,0
2010-02-26,2004-12-20,1306,False,,ewma,-1,,,0.98306531,,False,4.8098852e-06,4.8098852e-06,0.0004114413,85.540772,79.688463,False,0
2010-02-26,2004-12-20,1306,False,,ledoit_wolf,-1,,0.013797997,0.98306531,,False,2.0007932e-05,2.0007932e-05,0.00073540735,36.755791,33.248784,False,0
2010-02-26,2004-12-20,1306,False,,state_0_raw,0,673.12359,,0.98306531,,False,5.8839896e-06,5.8839896e-06,0.00022137407,37.623125,26.191888,False,0
2010-02-26,2004-12-20,1306,False,,state_0_shrunk,0,673.12359,0.91815841,0.98306531,,False,7.8690216e-06,7.8690216e-06,0.00026046592,33.100166,25.569203,False,0
2010-02-26,2004-12-20,1306,False,,state_1_raw,1,634.16806,,0.98306531,,False,2.6166249e-05,2.6166249e-05,0.0013082656,49.99821,46.889851,False,0
2010-02-26,2004-12-20,1306,False,,state_1_shrunk,1,634.16806,0.9135656,0.98306531,,False,2.5678653e-05,2.5678653e-05,0.0012586929,49.017093,45.904058,False,0
2010-02-26,2004-12-20,1306,False,,regime_mixture,-1,,,0.98306531,2.4451598e-05,True,2.5430077e-05,2.5430077e-05,0.0012416315,48.825312,45.694014,False,0
2010-02-26,2004-12-20,1306,False,,consumed,-1,,,0.98306531,,True,2.5430077e-05,2.5430077e-05,0.0012416315,48.825312,45.694014,False,0
2010-03-31,2004-12-20,1329,False,,sample,-1,,,0.98366797,,False,1.7318955e-05,1.7318955e-05,0.00073307275,42.327771,38.143934,False,0
2010-03-31,2004-12-20,1329,False,,ewma,-1,,,0.98366797,,False,2.968128e-06,2.968128e-06,0.00019589949,66.001024,43.966892,False,0
2010-03-31,2004-12-20,1329,False,,ledoit_wolf,-1,,0.013724068,0.98366797,,False,1.9810957e-05,1.9810957e-05,0.00072521053,36.606536,33.18782,False,0
2010-03-31,2004-12-20,1329,False,,state_0_raw,0,673.19881,,0.98366797,,False,5.8864338e-06,5.8864338e-06,0.00022140545,37.612833,26.195609,False,0
2010-03-31,2004-12-20,1329,False,,state_0_shrunk,0,673.19881,0.91816681,0.98366797,,False,7.8345684e-06,7.8345684e-06,0.00025970247,33.14828,25.578398,False,0
2010-03-31,2004-12-20,1329,False,,state_1_raw,1,657.018,,0.98366797,,False,2.564448e-05,2.564448e-05,0.0012678557,49.439711,46.652144,False,0
2010-03-31,2004-12-20,1329,False,,state_1_shrunk,1,657.018,0.91632009,0.98366797,,False,2.5200619e-05,2.5200619e-05,0.0012223923,48.506439,45.698412,False,0
2010-03-31,2004-12-20,1329,False,,regime_mixture,-1,,,0.98366797,1.74144e-05,True,2.4967786e-05,2.4967786e-05,0.0012065187,48.323014,45.49332,False,0
2010-03-31,2004-12-20,1329,False,,consumed,-1,,,0.98366797,,True,2.4967786e-05,2.4967786e-05,0.0012065187,48.323014,45.49332,False,0
2010-04-30,2004-12-20,1350,False,,sample,-1,,,0.97539335,,False,1.7201851e-05,1.7201851e-05,0.00072668439,42.244546,38.076469,False,0
2010-04-30,2004-12-20,1350,False,,ewma,-1,,,0.97539335,,False,3.4653735e-06,3.4653735e-06,0.00035299345,101.86303,83.391082,False,0
2010-04-30,2004-12-20,1350,False,,ledoit_wolf,-1,,0.013553655,0.97539335,,False,1.9640455e-05,1.9640455e-05,0.00071898849,36.607527,33.190677,False,0
2010-04-30,2004-12-20,1350,False,,state_0_raw,0,915.8672,,0.97539335,,False,8.6689875e-06,8.6689875e-06,0.00030992258,35.750724,28.934697,False,0
2010-04-30,2004-12-20,1350,False,,state_0_shrunk,0,915.8672,0.93851622,0.97539335,,False,9.5757279e-06,9.5757279e-06,0.0003347323,34.95633,28.97824,False,0
2010-04-30,2004-12-20,1350,False,,state_1_raw,1,435.96856,,0.97539335,,False,2.6736326e-05,2.6736326e-05,0.001608589,60.164926,55.575295,False,0
2010-04-30,2004-12-20,1350,False,,state_1_shrunk,1,435.96856,0.87902459,0.97539335,,False,2.6266411e-05,2.6266411e-05,0.0015008783,57.140595,52.924244,False,0
2010-04-30,2004-12-20,1350,False,,regime_mixture,-1,,,0.97539335,2.8343737e-06,True,2.6050111e-05,2.6050111e-05,0.0014720889,56.509889,52.382895,False,0
2010-04-30,2004-12-20,1350,False,,consumed,-1,,,0.97539335,,True,2.6050111e-05,2.6050111e-05,0.0014720889,56.509889,52.382895,False,0
2010-05-28,2004-12-20,1370,False,,sample,-1,,,0.97647351,,False,1.7115987e-05,1.7115987e-05,0.00073917534,43.186254,38.990772,False,0
2010-05-28,2004-12-20,1370,False,,ewma,-1,,,0.97647351,,False,5.2575673e-06,5.2575673e-06,0.0011423424,217.27585,183.05545,False,0
2010-05-28,2004-12-20,1370,False,,ledoit_wolf,-1,,0.012851038,0.97647351,,False,1.9457884e-05,1.9457884e-05,0.00073171775,37.605207,34.136153,False,0
2010-05-28,2004-12-20,1370,False,,state_0_raw,0,915.65643,,0.97647351,,False,8.6704442e-06,8.6704442e-06,0.0003099989,35.75352,28.937447,False,0
2010-05-28,2004-12-20,1370,False,,state_0_shrunk,0,915.65643,0.93850294,0.97647351,,False,9.5597323e-06,9.5597323e-06,0.00033558298,35.103805,29.105274,False,0
2010-05-28,2004-12-20,1370,False,,state_1_raw,1,456.24581,,0.97647351,,False,2.6138986e-05,2.6138986e-05,0.0016064264,61.457102,56.735702,False,0
2010-05-28,2004-12-20,1370,False,,state_1_shrunk,1,456.24581,0.8837763,0.97647351,,False,2.5718645e-05,2.5718645e-05,0.001504684,58.505569,54.142053,False,0
2010-05-28,2004-12-20,1370,False,,regime_mixture,-1,,,0.97647351,3.8727988e-06,True,2.5519986e-05,2.5519986e-05,0.0014770914,57.879789,53.602736,False,0
2010-05-28,2004-12-20,1370,False,,consumed,-1,,,0.97647351,,True,2.5519986e-05,2.5519986e-05,0.0014770914,57.879789,53.602736,False,0
2010-06-30,2004-12-20,1392,False,,sample,-1,,,0.97747797,,False,1.702256e-05,1.702256e-05,0.00074256531,43.622423,39.402588,False,0
2010-06-30,2004-12-20,1392,False,,ewma,-1,,,0.97747797,,False,6.2250387e-06,6.2250387e-06,0.00090645543,145.61442,117.75249,False,0
2010-06-30,2004-12-20,1392,False,,ledoit_wolf,-1,,0.012392119,0.97747797,,False,1.9286308e-05,1.9286308e-05,0.00073532328,38.1267,34.616913,False,0
2010-06-30,2004-12-20,1392,False,,state_0_raw,0,915.94422,,0.97747797,,False,8.668653e-06,8.668653e-06,0.00030995992,35.756411,28.94014,False,0
2010-06-30,2004-12-20,1392,False,,state_0_shrunk,0,915.94422,0.93852108,0.97747797,,False,9.5427399e-06,9.5427399e-06,0.00033574769,35.183573,29.169038,False,0
2010-06-30,2004-12-20,1392,False,,state_1_raw,1,477.8995,,0.97747797,,False,2.5693307e-05,2.5693307e-05,0.0015772179,61.386333,56.915124,False,0
2010-06-30,2004-12-20,1392,False,,state_1_shrunk,1,477.8995,0.888455,0.97747797,,False,2.5320517e-05,2.5320517e-05,0.0014832345,58.578366,54.440168,False,0
2010-06-30,2004-12-20,1392,False,,regime_mixture,-1,,,0.97747797,6.3398101e-06,True,2.5138264e-05,2.5138264e-05,0.0014573066,57.97165,53.916323,False,0
2010-06-30,2004-12-20,1392,False,,consumed,-1,,,0.97747797,,True,2.5138264e-05,2.5138264e-05,0.0014573066,57.97165,53.916323,False,0
2010-07-30,2004-12-20,1413,False,,sample,-1,,,0.97845078,,False,1.6909589e-05,1.6909589e-05,0.00074127853,43.837763,39.529363,False,0
2010-07-30,2004-12-20,1413,False,,ewma,-1,,,0.97845078,,False,3.818498e-06,3.818498e-06,0.00071106036,186.21468,157.04092,False,0
2010-07-30,2004-12-20,1413,False,,ledoit_wolf,-1,,0.01210095,0.97845078,,False,1.9116309e-05,1.9116309e-05,0.00073421326,38.40769,34.799465,False,0
2010-07-30,2004-12-20,1413,False,,state_0_raw,0,916.06098,,0.97845078,,False,8.6678529e-06,8.6678529e-06,0.00030993844,35.757233,28.940636,False,0
2010-07-30,2004-12-20,1413,False,,state_0_shrunk,0,916.06098,0.93852843,0.97845078,,False,9.5316197e-06,9.5316197e-06,0.00033566829,35.216291,29.188374,False,0
2010-07-30,2004-12-20,1413,False,,state_1_raw,1,498.77108,,0.97845078,,False,2.4783599e-05,2.4783599e-05,0.0015386396,62.082976,57.37988,False,0
2010-07-30,2004-12-20,1413,False,,state_1_shrunk,1,498.77108,0.8926215,0.97845078,,False,2.4491223e-05,2.4491223e-05,0.0014521938,59.294458,54.917805,False,0
2010-07-30,2004-12-20,1413,False,,regime_mixture,-1,,,0.97845078,2.9143806e-06,True,2.4334683e-05,2.4334683e-05,0.0014280556,58.683963,54.388852,False,0
2010-07-30,2004-12-20,1413,False,,consumed,-1,,,0.97845078,,True,2.4334683e-05,2.4334683e-05,0.0014280556,58.683963,54.388852,False,0
2010-08-31,2004-12-20,1435,False,,sample,-1,,,0.97936845,,False,1.6932083e-05,1.6932083e-05,0.00073755575,43.559658,39.590353,False,0
2010-08-31,2004-12-20,1435,False,,ewma,-1,,,0.97936845,,False,5.9155616e-06,5.9155616e-06,0.00054459346,92.06116,78.789148,False,0
2010-08-31,2004-12-20,1435,False,,ledoit_wolf,-1,,0.01186541,0.97936845,,False,1.9079692e-05,1.9079692e-05,0.00073065664,38.294991,34.931722,False,0
2010-08-31,2004-12-20,1435,False,,state_0_raw,0,915.74579,,0.97936845,,False,8.669711e-06,8.669711e-06,0.0003099291,35.748493,28.932324,False,0
2010-08-31,2004-12-20,1435,False,,state_0_shrunk,0,915.74579,0.93850857,0.97936845,,False,9.5231604e-06,9.5231604e-06,0.00033544937,35.224585,29.196983,False,0
2010-08-31,2004-12-20,1435,False,,state_1_raw,1,521.10421,,0.97936845,,False,2.4027897e-05,2.4027897e-05,0.0014937841,62.168742,57.425254,False,0
2010-08-31,2004-12-20,1435,False,,state_1_shrunk,1,521.10421,0.8967483,0.97936845,,False,2.3805707e-05,2.3805707e-05,0.0014149272,59.43647,55.017938,False,0
2010-08-31,2004-12-20,1435,False,,regime_mixture,-1,,,0.97936845,5.4037252e-06,True,2.3672246e-05,2.3672246e-05,0.0013925819,58.827619,54.492231,False,0
2010-08-31,2004-12-20,1435,False,,consumed,-1,,,0.97936845,,True,2.3672246e-05,2.3672246e-05,0.0013925819,58.827619,54.492231,False,0
2010-09-30,2004-12-20,1456,False,,sample,-1,,,0.98043192,,False,1.6914438e-05,1.6914438e-05,0.00073345839,43.36286,39.795332,False,0
2010-09-30,2004-12-20,1456,False,,ewma,-1,,,0.98043192,,False,3.2334376e-06,3.2334376e-06,0.00041415266,128.08432,106.57075,False,0
2010-09-30,2004-12-20,1456,False,,ledoit_wolf,-1,,0.011677764,0.98043192,,False,1.9012728e-05,1.9012728e-05,0.00072670266,38.221904,35.158835,False,0
2010-09-30,2004-12-20,1456,False,,state_0_raw,0,907.06511,,0.98043192,,False,8.6508409e-06,8.6508409e-06,0.00030686553,35.472335,28.57038,False,0
2010-09-30,2004-12-20,1456,False,,state_0_shrunk,0,907.06511,0.93795661,0.98043192,,False,9.4887194e-06,9.4887194e-06,0.00033256162,35.048104,28.914144,False,0
2010-09-30,2004-12-20,1456,False,,state_1_raw,1,550.83283,,0.98043192,,False,2.3342127e-05,2.3342127e-05,0.001440314,61.704488,57.24288,False,0
2010-09-30,2004-12-20,1456,False,,state_1_shrunk,1,550.83283,0.90177345,0.98043192,,False,2.3178842e-05,2.3178842e-05,0.0013701637,59.112692,54.967937,False,0
2010-09-30,2004-12-20,1456,False,,regime_mixture,-1,,,0.98043192,3.5424885e-06,True,2.3065005e-05,2.3065005e-05,0.0013497922,58.521217,54.46179,False,0
2010-09-30,2004-12-20,1456,False,,consumed,-1,,,0.98043192,,True,2.3065005e-05,2.3065005e-05,0.0013497922,58.521217,54.46179,False,0
2010-10-29,2004-12-20,1477,False,,sample,-1,,,0.98127813,,False,1.6896241e-05,1.6896241e-05,0.00072581398,42.957126,39.726257,False,0
2010-10-29,2004-12-20,1477,False,,ewma,-1,,,0.98127813,,False,3.7424107e-06,3.7424107e-06,0.00023939425,63.967925,49.565493,False,0
2010-10-29,2004-12-20,1477,False,,ledoit_wolf,-1,,0.011611243,0.98127813,,False,1.896253e-05,1.896253e-05,0.00071917446,37.926081,35.125753,False,0
2010-10-29,2004-12-20,1477,False,,state_0_raw,0,905.57918,,0.98127813,,False,8.6467304e-06,8.6467304e-06,0.00030694439,35.498318,28.553515,False,0
2010-10-29,2004-12-20,1477,False,,state_0_shrunk,0,905.57918,0.93786113,0.98127813,,False,9.471597e-06,9.471597e-06,0.00033222023,35.075418,28.900033,False,0
2010-10-29,2004-12-20,1477,False,,state_1_raw,1,575.60902,,0.98127813,,False,2.2835728e-05,2.2835728e-05,0.001389322,60.839836,56.283127,False,0
2010-10-29,2004-12-20,1477,False,,state_1_shrunk,1,575.60902,0.90560235,0.98127813,,False,2.2695648e-05,2.2695648e-05,0.001326011,58.425784,54.182943,False,0
2010-10-29,2004-12-20,1477,False,,regime_mixture,-1,,,0.98127813,4.0795021e-06,True,2.2590736e-05,2.2590736e-05,0.001307342,57.870714,53.712667,False,0
2010-10-29,2004-12-20,1477,False,,consumed,-1,,,0.98127813,,True,2.2590736e-05,2.2590736e-05,0.001307342,57.870714,53.712667,False,0
2010-11-30,2004-12-20,1498,False,,sample,-1,,,0.98215435,,False,1.6987835e-05,1.6987835e-05,0.00072025236,42.398125,39.665027,False,0
2010-11-30,2004-12-20,1498,False,,ewma,-1,,,0.98215435,,False,5.6530376e-06,5.6530376e-06,0.00033435672,59.146382,49.18797,False,0
2010-11-30,2004-12-20,1498,False,,ledoit_wolf,-1,,0.011483578,0.98215435,,False,1.9015951e-05,1.9015951e-05,0.0007137404,37.533773,35.117066,False,0
2010-11-30,2004-12-20,1498,False,,state_0_raw,0,898.52296,,0.98215435,,False,8.6020483e-06,8.6020483e-06,0.00030676432,35.661777,28.642917,False,0
2010-11-30,2004-12-20,1498,False,,state_0_shrunk,0,898.52296,0.93740369,0.98215435,,False,9.4194086e-06,9.4194086e-06,0.00033191471,35.237319,28.990766,False,0
2010-11-30,2004-12-20,1498,False,,state_1_raw,1,604.47401,,0.98215435,,False,2.2647575e-05,2.2647575e-05,0.0013389779,59.122351,55.093575,False,0
2010-11-30,2004-12-20,1498,False,,state_1_shrunk,1,604.47401,0.90970301,0.98215435,,False,2.2521421e-05,2.2521421e-05,0.0012824758,56.944711,53.190652,False,0
2010-11-30,2004-12-20,1498,False,,regime_mixture,-1,,,0.98215435,4.3453428e-06,True,2.2422891e-05,2.2422891e-05,0.0012654545,56.435831,52.759555,False,0
2010-11-30,2004-12-20,1498,False,,consumed,-1,,,0.98215435,,True,2.2422891e-05,2.2422891e-05,0.0012654545,56.435831,52.759555,False,0
2010-12-31,2004-12-20,1520,False,,sample,-1,,,0.98267898,,False,1.706507e-05,1.706507e-05,0.00071153452,41.695378,39.550716,False,0
2010-12-31,2004-12-20,1520,False,,ewma,-1,,,0.98267898,,False,3.0675923e-06,3.0675923e-06,0.00013291806,43.329768,35.779311,False,0
2010-12-31,2004-12-20,1520,False,,ledoit_wolf,-1,,0.011452711,0.98267898,,False,1.9063231e-05,1.9063231e-05,0.00070512747,36.988876,35.034291,False,0
2010-12-31,2004-12-20,1520,False,,state_0_raw,0,902.33106,,0.98267898,,False,8.6291655e-06,8.6291655e-06,0.00030704586,35.582335,28.587366,False,0
2010-12-31,2004-12-20,1520,False,,state_0_shrunk,0,902.33106,0.93765139,0.98267898,,False,9.4366509e-06,9.4366509e-06,0.00033154287,35.133531,28.92384,False,0
2010-12-31,2004-12-20,1520,False,,state_1_raw,1,622.96194,,0.98267898,,False,2.1980417e-05,2.1980417e-05,0.0013013984,59.207174,55.250443,False,0
2010-12-31,2004-12-20,1520,False,,state_1_shrunk,1,622.96194,0.91214737,0.98267898,,False,2.1904356e-05,2.1904356e-05,0.0012489704,57.019273,53.333124,False,0
2010-12-31,2004-12-20,1520,False,,regime_mixture,-1,,,0.98267898,4.2654921e-06,True,2.1822726e-05,2.1822726e-05,0.0012330227,56.501775,52.893022,False,0
2010-12-31,2004-12-20,1520,False,,consumed,-1,,,0.98267898,,True,2.1822726e-05,2.1822726e-05,0.0012330227,56.501775,52.893022,False,0
2011-01-31,2004-12-20,1540,False,,sample,-1,,,0.98312467,,False,1.7019674e-05,1.7019674e-05,0.00070528491,41.439389,39.282232,False,0
2011-01-31,2004-12-20,1540,False,,ewma,-1,,,0.98312467,,False,4.9847662e-06,4.9847662e-06,0.00024272508,48.693373,40.632117,False,0
2011-01-31,2004-12-20,1540,False,,ledoit_wolf,-1,,0.011372169,0.98312467,,False,1.8987908e-05,1.8987908e-05,0.00069898424,36.812071,34.841421,False,0
2011-01-31,2004-12-20,1540,False,,state_0_raw,0,905.33774,,0.98312467,,False,8.6460411e-06,8.6460411e-06,0.00030697318,35.504479,28.554024,False,0
2011-01-31,2004-12-20,1540,False,,state_0_shrunk,0,905.33774,0.93784559,0.98312467,,False,9.4451834e-06,9.4451834e-06,0.00033101901,35.046329,28.87458,False,0
2011-01-31,2004-12-20,1540,False,,state_1_raw,1,639.01062,,0.98312467,,False,2.1660366e-05,2.1660366e-05,0.001273298,58.784695,54.762708,False,0
2011-01-31,2004-12-20,1540,False,,state_1_shrunk,1,639.01062,0.91416439,0.98312467,,False,2.1605253e-05,2.1605253e-05,0.0012239592,56.651001,52.892335,False,0
2011-01-31,2004-12-20,1540,False,,regime_mixture,-1,,,0.98312467,2.9198405e-06,True,2.1531709e-05,2.1531709e-05,0.0012088354,56.1421,52.459087,False,0
2011-01-31,2004-12-20,1540,False,,consumed,-1,,,0.98312467,,True,2.1531709e-05,2.1531709e-05,0.0012088354,56.1421,52.459087,False,0
2011-02-28,2004-12-20,1559,False,,sample,-1,,,0.98357527,,False,1.6897946e-05,1.6897946e-05,0.00069993634,41.421387,39.2703,False,0
2011-02-28,2004-12-20,1559,False,,ewma,-1,,,0.98357527,,False,3.9509619e-06,3.9509619e-06,0.00027739146,70.208588,55.111523,False,0
2011-02-28,2004-12-20,1559,False,,ledoit_wolf,-1,,0.011280217,0.98357527,,False,1.8834618e-05,1.8834618e-05,0.00069373501,36.832974,34.863004,False,0
2011-02-28,2004-12-20,1559,False,,state_0_raw,0,906.19721,,0.98357527,,False,8.6499304e-06,8.6499304e-06,0.00030690509,35.480642,28.55232,False,0
2011-02-28,2004-12-20,1559,False,,state_0_shrunk,0,906.19721,0.93790088,0.98357527,,False,9.436086e-06,9.436086e-06,0.00033061182,35.036965,28.877427,False,0
2011-02-28,2004-12-20,1559,False,,state_1_raw,1,656.09646,,0.98357527,,False,2.120996e-05,2.120996e-05,0.001246152,58.75315,54.646906,False,0
2011-02-28,2004-12-20,1559,False,,state_1_shrunk,1,656.09646,0.9162124,0.98357527,,False,2.117854e-05,2.117854e-05,0.0011998261,56.652916,52.811217,False,0
2011-02-28,2004-12-20,1559,False,,regime_mixture,-1,,,0.98357527,3.7386444e-06,True,2.1114044e-05,2.1114044e-05,0.0011854963,56.147287,52.382088,False,0
2011-02-28,2004-12-20,1559,False,,consumed,-1,,,0.98357527,,True,2.1114044e-05,2.1114044e-05,0.0011854963,56.147287,52.382088,False,0
2011-03-31,2004-12-20,1582,False,,sample,-1,,,0.98411382,,False,1.6738525e-05,1.6738525e-05,0.00069500173,41.521087,39.39855,False,0
2011-03-31,2004-12-20,1582,False,,ewma,-1,,,0.98411382,,False,4.7382019e-06,4.7382019e-06,0.00029151472,61.524336,59.348491,False,0
2011-03-31,2004-12-20,1582,False,,ledoit_wolf,-1,,0.011123735,0.98411382,,False,1.8634751e-05,1.8634751e-05,0.00068892917,36.97013,35.016606,False,0
2011-03-31,2004-12-20,1582,False,,state_0_raw,0,906.54047,,0.98411382,,False,8.6508576e-06,8.6508576e-06,0.0003068786,35.473778,28.556007,False,0
2011-03-31,2004-12-20,1582,False,,state_0_shrunk,0,906.54047,0.93792293,0.98411382,,False,9.4224745e-06,9.4224745e-06,0.00033028158,35.052531,28.88867,False,0
2011-03-31,2004-12-20,1582,False,,state_1_raw,1,678.17501,,0.98411382,,False,2.0693201e-05,2.0693201e-05,0.0012169672,58.810002,54.787499,False,0
2011-03-31,2004-12-20,1582,False,,state_1_shrunk,1,678.17501,0.91871846,0.98411382,,False,2.0682501e-05,2.0682501e-05,0.0011740095,56.763419,52.996053,False,0
2011-03-31,2004-12-20,1582,False,,regime_mixture,-1,,,0.98411382,3.376989e-06,True,2.062672e-05,2.062672e-05,0.0011605547,56.264625,52.571945,False,0
2011-03-31,2004-12-20,1582,False,,consumed,-1,,,0.98411382,,True,2.062672e-05,2.062672e-05,0.0011605547,56.264625,52.571945,False,0
2011-04-29,2004-12-20,1602,False,,sample,-1,,,0.9845593,,False,1.660013e-05,1.660013e-05,0.00068799575,41.445202,39.362554,False,0
2011-04-29,2004-12-20,1602,False,,ewma,-1,,,0.9845593,,False,3.8124922e-06,3.8124922e-06,0.00017922166,47.009057,40.388374,False,0
2011-04-29,2004-12-20,1602,False,,ledoit_wolf,-1,,0.011082929,0.9845593,,False,1.8471457e-05,1.8471457e-05,0.00068201159,36.922458,35.000333,False,0
2011-04-29,2004-12-20,1602,False,,state_0_raw,0,906.70708,,0.9845593,,False,8.651155e-06,8.651155e-06,0.00030686908,35.471458,28.559306,False,0
2011-04-29,2004-12-20,1602,False,,state_0_shrunk,0,906.70708,0.93793363,0.9845593,,False,9.4104854e-06,9.4104854e-06,0.00032984451,35.050743,28.889153,False,0
2011-04-29,2004-12-20,1602,False,,state_1_raw,1,697.69131,,0.9845593,,False,2.0285369e-05,2.0285369e-05,0.0011862615,58.478677,54.463309,False,0
2011-04-29,2004-12-20,1602,False,,state_1_shrunk,1,697.69131,0.92081208,0.9845593,,False,2.0289381e-05,2.0289381e-05,0.0011462947,56.497274,52.732612,False,0
2011-04-29,2004-12-20,1602,False,,regime_mixture,-1,,,0.9845593,4.6122165e-06,True,2.0239816e-05,2.0239816e-05,0.0011336388,56.010328,52.31965,False,0
2011-04-29,2004-12-20,1602,False,,consumed,-1,,,0.9845593,,True,2.0239816e-05,2.0239816e-05,0.0011336388,56.010328,52.31965,False,0
2011-05-31,2004-12-20,1623,False,,sample,-1,,,0.98500591,,False,1.6465778e-05,1.6465778e-05,0.00068219355,41.430993,39.275503,False,0
2011-05-31,2004-12-20,1623,False,,ewma,-1,,,0.98500591,,False,3.2546519e-06,3.2546519e-06,0.00023768335,73.028806,50.479912,False,0
2011-05-31,2004-12-20,1623,False,,ledoit_wolf,-1,,0.010990281,0.98500591,,False,1.8306906e-05,1.8306906e-05,0.00067631247,36.943024,34.957039,False,0
2011-05-31,2004-12-20,1623,False,,state_0_raw,0,906.75384,,0.98500591,,False,8.6512307e-06,8.6512307e-06,0.00030686859,35.471091,28.560537,False,0
2011-05-31,2004-12-20,1623,False,,state_0_shrunk,0,906.75384,0.93793663,0.98500591,,False,9.3974838e-06,9.3974838e-06,0.0003294985,35.062417,28.888786,False,0
2011-05-31,2004-12-20,1623,False,,state_1_raw,1,718.55184,,0.98500591,,False,1.9911601e-05,1.9911601e-05,0.0011586131,58.187846,54.134519,False,0
2011-05-31,2004-12-20,1623,False,,state_1_shrunk,1,718.55184,0.92293384,0.98500591,,False,1.9930452e-05,1.9930452e-05,0.0011214101,56.266162,52.457014,False,0
2011-05-31,2004-12-20,1623,False,,regime_mixture,-1,,,0.98500591,3.5944593e-06,True,1.9887377e-05,1.9887377e-05,0.0011094891,55.788609,52.052255,False,0
2011-05-31,2004-12-20,1623,False,,consumed,-1,,,0.98500591,,True,1.9887377e-05,1.9887377e-05,0.0011094891,55.788609,52.052255,False,0
2011-06-30,2004-12-20,1645,False,,sample,-1,,,0.98544535,,False,1.63382e-05,1.63382e-05,0.00067857399,41.532971,39.406376,False,0
2011-06-30,2004-12-20,1645,False,,ewma,-1,,,0.98544535,,False,3.2388718e-06,3.2388718e-06,0.00033986606,104.93347,83.226743,False,0
2011-06-30,2004-12-20,1645,False,,ledoit_wolf,-1,,0.010821604,0.98544535,,False,1.8140146e-05,1.8140146e-05,0.00067281126,37.089628,35.126225,False,0
2011-06-30,2004-12-20,1645,False,,state_0_raw,0,906.8583,,0.98544535,,False,8.6512161e-06,8.6512161e-06,0.00030687317,35.47168,28.563834,False,0
2011-06-30,2004-12-20,1645,False,,state_0_shrunk,0,906.8583,0.93794334,0.98544535,,False,9.3831512e-06,9.3831512e-06,0.00032928643,35.093373,28.91076,False,0
2011-06-30,2004-12-20,1645,False,,state_1_raw,1,740.30988,,0.98544535,,False,1.9642851e-05,1.9642851e-05,0.0011365627,57.861392,53.985667,False,0
2011-06-30,2004-12-20,1645,False,,state_1_shrunk,1,740.30988,0.92502904,0.98544535,,False,1.9666621e-05,1.9666621e-05,0.0011017629,56.021972,52.376128,False,0
2011-06-30,2004-12-20,1645,False,,regime_mixture,-1,,,0.98544535,2.5339186e-06,True,1.9627108e-05,1.9627108e-05,0.0010904747,55.559623,51.983411,False,0
2011-06-30,2004-12-20,1645,False,,consumed,-1,,,0.98544535,,True,1.9627108e-05,1.9627108e-05,0.0010904747,55.559623,51.983411,False,0
2011-07-29,2004-12-20,1665,False,,sample,-1,,,0.9858226,,False,1.6175507e-05,1.6175507e-05,0.00067481185,41.718127,39.385322,False,0
2011-07-29,2004-12-20,1665,False,,ewma,-1,,,0.9858226,,False,2.480701e-06,2.480701e-06,0.00036543853,147.31261,110.99623,False,0
2011-07-29,2004-12-20,1665,False,,ledoit_wolf,-1,,0.010692647,0.9858226,,False,1.7946516e-05,1.7946516e-05,0.00066914894,37.28573,35.155881,False,0
2011-07-29,2004-12-20,1665,False,,state_0_raw,0,906.96512,,0.9858226,,False,8.6511503e-06,8.6511503e-06,0.00030687921,35.472648,28.567621,False,0
2011-07-29,2004-12-20,1665,False,,state_0_shrunk,0,906.96512,0.93795019,0.9858226,,False,9.3690697e-06,9.3690697e-06,0.00032906019,35.12197,28.924245,False,0
2011-07-29,2004-12-20,1665,False,,state_1_raw,1,760.06766,,0.9858226,,False,1.9572067e-05,1.9572067e-05,0.0011164606,57.043574,53.421431,False,0
2011-07-29,2004-12-20,1665,False,,state_1_shrunk,1,760.06766,0.92683531,0.9858226,,False,1.9588503e-05,1.9588503e-05,0.0010837026,55.323401,51.900676,False,0
2011-07-29,2004-12-20,1665,False,,regime_mixture,-1,,,0.9858226,3.1866268e-06,True,1.954789e-05,1.954789e-05,0.0010729598,54.888778,51.527013,False,0
2011-07-29,2004-12-20,1665,False,,consumed,-1,,,0.9858226,,True,1.954789e-05,1.954789e-05,0.0010729598,54.888778,51.527013,False,0
2011-08-31,2004-12-20,1688,False,,sample,-1,,,0.98623514,,False,1.6031529e-05,1.6031529e-05,0.0007075086,44.132321,41.608877,False,0
2011-08-31,2004-12-20,1688,False,,ewma,-1,,,0.98623514,,False,4.5261898e-06,4.5261898e-06,0.0021472181,474.3986,425.51573,False,0
2011-08-31,2004-12-20,1688,False,,ledoit_wolf,-1,,0.01006765,0.98623514,,False,1.7773872e-05,1.7773872e-05,0.00070188388,39.489644,37.195011,False,0
2011-08-31,2004-12-20,1688,False,,state_0_raw,0,906.99891,,0.98623514,,False,8.6510449e-06,8.6510449e-06,0.00030686668,35.471632,28.568576,False,0
2011-08-31,2004-12-20,1688,False,,state_0_shrunk,0,906.99891,0.93795236,0.98623514,,False,9.358028e-06,9.358028e-06,0.00033098888,35.369512,29.160959,False,0
2011-08-31,2004-12-20,1688,False,,state_1_raw,1,782.90558,,0.98623514,,False,1.9420948e-05,1.9420948e-05,0.0011747114,60.486822,56.771039,False,0
2011-08-31,2004-12-20,1688,False,,state_1_shrunk,1,782.90558,0.92881765,0.98623514,,False,1.9433531e-05,1.9433531e-05,0.0011410243,58.714205,55.18648,False,0
2011-08-31,2004-12-20,1688,False,,regime_mixture,-1,,,0.98623514,3.7433591e-06,True,1.9393027e-05,1.9393027e-05,0.0011298263,58.259411,54.789964,False,0
2011-08-31,2004-12-20,1688,False,,consumed,-1,,,0.98623514,,True,1.9393027e-05,1.9393027e-05,0.0011298263,58.259411,54.789964,False,0
2011-09-30,2004-12-20,1709,False,,sample,-1,,,0.98658997,,False,1.5980953e-05,1.5980953e-05,0.00071236758,44.576039,42.124475,False,0
2011-09-30,2004-12-20,1709,False,,ewma,-1,,,0.98658997,,False,9.4556219e-06,9.4556219e-06,0.0013679357,144.66904,124.83984,False,0
2011-09-30,2004-12-20,1709,False,,ledoit_wolf,-1,,0.00974678,0.98658997,,False,1.7684989e-05,1.7684989e-05,0.00070688058,39.970654,37.736823,False,0
2011-09-30,2004-12-20,1709,False,,state_0_raw,0,906.70693,,0.98658997,,False,8.6510554e-06,8.6510554e-06,0.00030686663,35.471583,28.559492,False,0
2011-09-30,2004-12-20,1709,False,,state_0_shrunk,0,906.70693,0.93793362,0.98658997,,False,9.3522461e-06,9.3522461e-06,0.00033128755,35.423314,29.206164,False,0
2011-09-30,2004-12-20,1709,False,,state_1_raw,1,804.68034,,0.98658997,,False,1.9396497e-05,1.9396497e-05,0.0011723806,60.442907,57.01698,False,0
2011-09-30,2004-12-20,1709,False,,state_1_shrunk,1,804.68034,0.9306102,0.98658997,,False,1.9398641e-05,1.9398641e-05,0.0011400504,58.769602,55.515567,False,0
2011-09-30,2004-12-20,1709,False,,regime_mixture,-1,,,0.98658997,2.7706142e-06,True,1.9356227e-05,1.9356227e-05,0.0011291567,58.335582,55.135763,False,0
2011-09-30,2004-12-20,1709,False,,consumed,-1,,,0.98658997,,True,1.9356227e-05,1.9356227e-05,0.0011291567,58.335582,55.135763,False,0
2011-10-31,2004-12-20,1730,False,,sample,-1,,,0.98695631,,False,1.5934032e-05,1.5934032e-05,0.00072129227,45.267403,42.564973,False,0
2011-10-31,2004-12-20,1730,False,,ewma,-1,,,0.98695631,,False,7.3949551e-06,7.3949551e-06,0.0013812356,186.7808,128.07573,False,0
2011-10-31,2004-12-20,1730,False,,ledoit_wolf,-1,,0.0093551481,0.98695631,,False,1.7587233e-05,1.7587233e-05,0.00071594283,40.708099,38.249854,False,0
2011-10-31,2004-12-20,1730,False,,state_0_raw,0,906.18622,,0.98695631,,False,8.649321e-06,8.649321e-06,0.00030691427,35.484204,28.55449,False,0
2011-10-31,2004-12-20,1730,False,,state_0_shrunk,0,906.18622,0.93790017,0.98695631,,False,9.3425292e-06,9.3425292e-06,0.00033190368,35.526106,29.267301,False,0
2011-10-31,2004-12-20,1730,False,,state_1_raw,1,827.23097,,0.98695631,,False,1.9326767e-05,1.9326767e-05,0.0011782203,60.963137,57.389295,False,0
2011-10-31,2004-12-20,1730,False,,state_1_shrunk,1,827.23097,0.93237387,0.98695631,,False,1.9321492e-05,1.9321492e-05,0.001146931,59.360371,55.945151,False,0
2011-10-31,2004-12-20,1730,False,,regime_mixture,-1,,,0.98695631,2.7726329e-06,True,1.9278434e-05,1.9278434e-05,0.0011362537,58.939107,55.574102,False,0
2011-10-31,2004-12-20,1730,False,,consumed,-1,,,0.98695631,,True,1.9278434e-05,1.9278434e-05,0.0011362537,58.939107,55.574102,False,0
2011-11-30,2004-12-20,1751,False,,sample,-1,,,0.98739107,,False,1.5803272e-05,1.5803272e-05,0.00072916238,46.139964,43.310721,False,0
2011-11-30,2004-12-20,1751,False,,ewma,-1,,,0.98739107,,False,3.8383241e-06,3.8383241e-06,0.0015535886,404.75703,274.7271,False,0
2011-11-30,2004-12-20,1751,False,,ledoit_wolf,-1,,0.009002111,0.98739107,,False,1.7408358e-05,1.7408358e-05,0.00072394199,41.585885,39.017796,False,0
2011-11-30,2004-12-20,1751,False,,state_0_raw,0,899.29798,,0.98739107,,False,8.6089293e-06,8.6089293e-06,0.00030692394,35.651814,28.635359,False,0
2011-11-30,2004-12-20,1751,False,,state_0_shrunk,0,899.29798,0.93745426,0.98739107,,False,9.2907013e-06,9.2907013e-06,0.00033261835,35.80121,29.441586,False,0
2011-11-30,2004-12-20,1751,False,,state_1_raw,1,856.52181,,0.98739107,,False,1.9219865e-05,1.9219865e-05,0.0011751022,61.139979,57.590954,False,0
2011-11-30,2004-12-20,1751,False,,state_1_shrunk,1,856.52181,0.93453511,0.98739107,,False,1.9202989e-05,1.9202989e-05,0.0011455432,59.654423,56.246749,False,0
2011-11-30,2004-12-20,1751,False,,regime_mixture,-1,,,0.98739107,2.9383259e-06,True,1.9157675e-05,1.9157675e-05,0.0011352514,59.258304,55.896015,False,0
2011-11-30,2004-12-20,1751,False,,consumed,-1,,,0.98739107,,True,1.9157675e-05,1.9157675e-05,0.0011352514,59.258304,55.896015,False,0
2011-12-30,2004-12-20,1772,False,,sample,-1,,,0.84257322,,False,1.5694888e-05,1.5694888e-05,0.0007266762,46.300185,43.515412,False,0
2011-12-30,2004-12-20,1772,False,,ewma,-1,,,0.84257322,,False,4.0905292e-06,4.0905292e-06,0.00084022083,205.40639,160.83491,False,0
2011-12-30,2004-12-20,1772,False,,ledoit_wolf,-1,,0.0088705286,0.84257322,,False,1.7273426e-05,1.7273426e-05,0.00072155029,41.772275,39.239887,False,0
2011-12-30,2004-12-20,1772,False,,state_0_raw,0,893.82641,,0.84257322,,False,8.5575579e-06,8.5575579e-06,0.00030564771,35.716698,28.690231,False,0
2011-12-30,2004-12-20,1772,False,,state_0_shrunk,0,893.82641,0.93709547,0.84257322,,False,9.2334893e-06,9.2334893e-06,0.00033143982,35.895403,29.523351,False,0
2011-12-30,2004-12-20,1772,False,,state_1_raw,1,882.24946,,0.84257322,,False,1.9155246e-05,1.9155246e-05,0.0011555535,60.325695,56.965057,False,0
2011-12-30,2004-12-20,1772,False,,state_1_shrunk,1,882.24946,0.9363226,0.84257322,,False,1.9124728e-05,1.9124728e-05,0.0011278959,58.975787,55.737517,False,0
2011-12-30,2004-12-20,1772,False,,regime_mixture,-1,,,0.84257322,2.1099591e-05,True,1.8400237e-05,1.8400237e-05,0.0010020377,54.457871,51.67347,False,0
2011-12-30,2004-12-20,1772,False,,consumed,-1,,,0.84257322,,True,1.8400237e-05,1.8400237e-05,0.0010020377,54.457871,51.67347,False,0
2012-01-31,2004-12-20,1792,False,,sample,-1,,,0.97394948,,False,1.5551665e-05,1.5551665e-05,0.00072003149,46.29932,43.482825,False,0
2012-01-31,2004-12-20,1792,False,,ewma,-1,,,0.97394948,,False,3.0615031e-06,3.0615031e-06,0.00034002545,111.06487,84.601389,False,0
2012-01-31,2004-12-20,1792,False,,ledoit_wolf,-1,,0.0088474906,0.97394948,,False,1.7113426e-05,1.7113426e-05,0.00071497073,41.778351,39.218863,False,0
2012-01-31,2004-12-20,1792,False,,state_0_raw,0,920.81091,,0.97394948,,False,8.5013315e-06,8.5013315e-06,0.00030500421,35.877228,28.820287,False,0
2012-01-31,2004-12-20,1792,False,,state_0_shrunk,0,920.81091,0.93882613,0.97394948,,False,9.1553931e-06,9.1553931e-06,0.0003296892,36.010382,29.609652,False,0
2012-01-31,2004-12-20,1792,False,,state_1_raw,1,880.0266,,0.97394948,,False,1.8934643e-05,1.8934643e-05,0.0011570669,61.108462,57.619765,False,0
2012-01-31,2004-12-20,1792,False,,state_1_shrunk,1,880.0266,0.93617202,0.97394948,,False,1.8914595e-05,1.8914595e-05,0.0011288251,59.680111,56.325986,False,0
2012-01-31,2004-12-20,1792,False,,regime_mixture,-1,,,0.97394948,3.635408e-06,True,1.8818938e-05,1.8818938e-05,0.0011079186,58.872537,55.609589,False,0
2012-01-31,2004-12-20,1792,False,,consumed,-1,,,0.97394948,,True,1.8818938e-05,1.8818938e-05,0.0011079186,58.872537,55.609589,False,0
2012-02-29,2004-12-20,1812,False,,sample,-1,,,0.98811563,,False,1.5429396e-05,1.5429396e-05,0.00071397539,46.273709,43.411153,False,0
2012-02-29,2004-12-20,1812,False,,ewma,-1,,,0.98811563,,False,2.2837076e-06,2.2837076e-06,0.00031077711,136.08446,55.652934,False,0
2012-02-29,2004-12-20,1812,False,,ledoit_wolf,-1,,0.0088201867,0.98811563,,False,1.6977256e-05,1.6977256e-05,0.00070897983,41.760566,39.157956,False,0
2012-02-29,2004-12-20,1812,False,,state_0_raw,0,889.81512,,0.98811563,,False,8.5294637e-06,8.5294637e-06,0.00030454556,35.705124,28.621549,False,0
2012-02-29,2004-12-20,1812,False,,state_0_shrunk,0,889.81512,0.93682981,0.98811563,,False,9.1884788e-06,9.1884788e-06,0.00032973211,35.885387,29.444664,False,0
2012-02-29,2004-12-20,1812,False,,state_1_raw,1,924.90799,,0.98811563,,False,1.8557033e-05,1.8557033e-05,0.0011099926,59.815198,56.45527,False,0
2012-02-29,2004-12-20,1812,False,,state_1_shrunk,1,924.90799,0.9390806,0.98811563,,False,1.853974e-05,1.853974e-05,0.0010855436,58.552255,55.301952,False,0
2012-02-29,2004-12-20,1812,False,,regime_mixture,-1,,,0.98811563,2.5088045e-06,True,1.8496169e-05,1.8496169e-05,0.0010765244,58.202559,54.98891,False,0
2012-02-29,2004-12-20,1812,False,,consumed,-1,,,0.98811563,,True,1.8496169e-05,1.8496169e-05,0.0010765244,58.202559,54.98891,False,0
2012-03-30,2004-12-20,1834,True,absorbing_transition,sample,-1,,,1,,False,1.5294609e-05,1.5294609e-05,0.00070782917,46.279651,43.42161,False,0
2012-03-30,2004-12-20,1834,True,absorbing_transition,ewma,-1,,,1,,False,3.2413811e-06,3.2413811e-06,0.00023265386,71.77615,45.369967,False,0
2012-03-30,2004-12-20,1834,True,absorbing_transition,ledoit_wolf,-1,,0.0087715494,1,,True,1.6822153e-05,1.6822153e-05,0.00070290782,41.784652,39.182704,False,0
2012-03-30,2004-12-20,1834,True,absorbing_transition,state_0_raw,0,727.57992,,1,,False,6.5832167e-06,6.5832167e-06,0.00025172204,38.236936,28.684469,False,0
2012-03-30,2004-12-20,1834,True,absorbing_transition,state_0_shrunk,0,727.57992,0.92381726,1,,False,7.691897e-06,7.691897e-06,0.00028406631,36.930592,29.188868,False,0
2012-03-30,2004-12-20,1834,True,absorbing_transition,state_1_raw,1,1107.7736,,1,,False,1.9486335e-05,1.9486335e-05,0.0010134184,52.006615,50.73233,False,0
2012-03-30,2004-12-20,1834,True,absorbing_transition,state_1_shrunk,1,1107.7736,0.94862018,1,,False,1.9366786e-05,1.9366786e-05,0.00099744122,51.502671,50.175094,False,0
2012-03-30,2004-12-20,1834,True,absorbing_transition,regime_mixture,-1,,,1,1.7686758e-23,False,1.9366786e-05,1.9366786e-05,0.00099744122,51.502671,50.175094,False,0
2012-03-30,2004-12-20,1834,True,absorbing_transition,consumed,-1,,,1,,True,1.6822153e-05,1.6822153e-05,0.00070290782,41.784652,39.182704,False,0
2012-04-30,2004-12-20,1854,True,absorbing_transition,sample,-1,,,1,,False,1.5185831e-05,1.5185831e-05,0.00070381957,46.347123,43.516191,False,0
2012-04-30,2004-12-20,1854,True,absorbing_transition,ewma,-1,,,1,,False,2.6303959e-06,2.6303959e-06,0.00028592771,108.7014,84.329917,False,0
2012-04-30,2004-12-20,1854,True,absorbing_transition,ledoit_wolf,-1,,0.0086874756,1,,True,1.6690146e-05,1.6690146e-05,0.00069897319,41.879394,39.299247,False,0
2012-04-30,2004-12-20,1854,True,absorbing_transition,state_0_raw,0,727.49461,,1,,False,6.5818847e-06,6.5818847e-06,0.00025163358,38.231234,28.677153,False,0
2012-04-30,2004-12-20,1854,True,absorbing_transition,state_0_shrunk,0,727.49461,0.923809,1,,False,7.6760898e-06,7.6760898e-06,0.00028370276,36.959281,29.19978,False,0
2012-04-30,2004-12-20,1854,True,absorbing_transition,state_1_raw,1,1127.8291,,1,,False,1.9267065e-05,1.9267065e-05,0.0010013754,51.97343,50.7454,False,0
2012-04-30,2004-12-20,1854,True,absorbing_transition,state_1_shrunk,1,1127.8291,0.94948768,1,,False,1.915289e-05,1.915289e-05,0.00098607809,51.484558,50.20179,False,0
2012-04-30,2004-12-20,1854,True,absorbing_transition,regime_mixture,-1,,,1,1.5807604e-25,False,1.915289e-05,1.915289e-05,0.00098607809,51.484558,50.20179,False,0
2012-04-30,2004-12-20,1854,True,absorbing_transition,consumed,-1,,,1,,True,1.6690146e-05,1.6690146e-05,0.00069897319,41.879394,39.299247,False,0
2012-05-31,2004-12-20,1876,True,absorbing_transition,sample,-1,,,1,,False,1.5063232e-05,1.5063232e-05,0.00069907688,46.409488,43.513283,False,0
2012-05-31,2004-12-20,1876,True,absorbing_transition,ewma,-1,,,1,,False,2.3636456e-06,2.3636456e-06,0.00029808608,126.11285,84.294,False,0
2012-05-31,2004-12-20,1876,True,absorbing_transition,ledoit_wolf,-1,,0.0086070857,1,,True,1.6544322e-05,1.6544322e-05,0.00069430913,41.966612,39.33136,False,0
2012-05-31,2004-12-20,1876,True,absorbing_transition,state_0_raw,0,727.12175,,1,,False,6.5771647e-06,6.5771647e-06,0.00025128869,38.206234,28.649301,False,0
2012-05-31,2004-12-20,1876,True,absorbing_transition,state_0_shrunk,0,727.12175,0.92377291,1,,False,7.6590348e-06,7.6590348e-06,0.00028303221,36.95403,29.176792,False,0
2012-05-31,2004-12-20,1876,True,absorbing_transition,state_1_raw,1,1150.0226,,1,,False,1.9047622e-05,1.9047622e-05,0.00098797349,51.868599,50.628663,False,0
2012-05-31,2004-12-20,1876,True,absorbing_transition,state_1_shrunk,1,1150.0226,0.95041415,1,,False,1.8937995e-05,1.8937995e-05,0.00097339027,51.398804,50.101123,False,0
2012-05-31,2004-12-20,1876,True,absorbing_transition,regime_mixture,-1,,,1,7.1329927e-23,False,1.8937995e-05,1.8937995e-05,0.00097339027,51.398804,50.101123,False,0
2012-05-31,2004-12-20,1876,True,absorbing_transition,consumed,-1,,,1,,True,1.6544322e-05,1.6544322e-05,0.00069430913,41.966612,39.33136,False,0
2012-06-29,2004-12-20,1897,False,,sample,-1,,,0.020611207,,False,1.4965814e-05,1.4965814e-05,0.00069826512,46.657343,43.849194,False,0
2012-06-29,2004-12-20,1897,False,,ewma,-1,,,0.020611207,,False,3.3227011e-06,3.3227011e-06,0.00056039499,168.65645,165.64861,False,0
2012-06-29,2004-12-20,1897,False,,ledoit_wolf,-1,,0.008458097,0.020611207,,False,1.6419923e-05,1.6419923e-05,0.00069358267,42.240313,39.675456,False,0
2012-06-29,2004-12-20,1897,False,,state_0_raw,0,1041.3043,,0.020611207,,False,8.0008893e-06,8.0008893e-06,0.00030624488,38.276355,30.954387,False,0
2012-06-29,2004-12-20,1897,False,,state_0_shrunk,0,1041.3043,0.94551915,0.020611207,,False,8.5720046e-06,8.5720046e-06,0.00032702167,38.149964,31.488385,False,0
2012-06-29,2004-12-20,1897,False,,state_1_raw,1,860.07604,,0.020611207,,False,1.9062747e-05,1.9062747e-05,0.0011761613,61.699463,58.154426,False,0
2012-06-29,2004-12-20,1897,False,,state_1_shrunk,1,860.07604,0.934788,0.020611207,,False,1.8999548e-05,1.8999548e-05,0.0011446633,60.246868,56.852323,False,0
2012-06-29,2004-12-20,1897,False,,regime_mixture,-1,,,0.020611207,6.9718978e-06,True,8.9441708e-06,8.9441708e-06,0.0003435978,38.415836,32.144579,False,0
2012-06-29,2004-12-20,1897,False,,consumed,-1,,,0.020611207,,True,8.9441708e-06,8.9441708e-06,0.0003435978,38.415836,32.144579,False,0
2012-07-31,2004-12-20,1918,False,,sample,-1,,,0.020146618,,False,1.4856991e-05,1.4856991e-05,0.00069351205,46.679173,43.867383,False,0
2012-07-31,2004-12-20,1918,False,,ewma,-1,,,0.020146618,,False,3.8166033e-06,3.8166033e-06,0.00037746061,98.899619,83.71465,False,0
2012-07-31,2004-12-20,1918,False,,ledoit_wolf,-1,,0.0083936994,0.020146618,,False,1.6290098e-05,1.6290098e-05,0.00068889787,42.289363,39.718993,False,0
2012-07-31,2004-12-20,1918,False,,state_0_raw,0,1065.8043,,0.020146618,,False,7.930792e-06,7.930792e-06,0.00030679988,38.684646,31.263764,False,0
2012-07-31,2004-12-20,1918,False,,state_0_shrunk,0,1065.8043,0.94670477,0.020146618,,False,8.4817095e-06,8.4817095e-06,0.00032682768,38.533232,31.765785,False,0
2012-07-31,2004-12-20,1918,False,,state_1_raw,1,857.33514,,0.020146618,,False,1.9059543e-05,1.9059543e-05,0.0011779359,61.802946,58.211355,False,0
2012-07-31,2004-12-20,1918,False,,state_1_shrunk,1,857.33514,0.93459315,0.020146618,,False,1.8990444e-05,1.8990444e-05,0.0011459189,60.341871,56.906845,False,0
2012-07-31,2004-12-20,1918,False,,regime_mixture,-1,,,0.020146618,7.4191837e-06,True,8.8466934e-06,8.8466934e-06,0.00034303818,38.775863,32.402041,False,0
2012-07-31,2004-12-20,1918,False,,consumed,-1,,,0.020146618,,True,8.8466934e-06,8.8466934e-06,0.00034303818,38.775863,32.402041,False,0
2012-08-31,2004-12-20,1941,False,,sample,-1,,,0.019724797,,False,1.4738758e-05,1.4738758e-05,0.00068678077,46.596923,43.738432,False,0
2012-08-31,2004-12-20,1941,False,,ewma,-1,,,0.019724797,,False,2.9040463e-06,2.9040463e-06,0.00016936873,58.321634,49.817248,False,0
2012-08-31,2004-12-20,1941,False,,ledoit_wolf,-1,,0.0083675135,0.019724797,,False,1.6153986e-05,1.6153986e-05,0.00068222934,42.232879,39.619652,False,0
2012-08-31,2004-12-20,1941,False,,state_0_raw,0,1088.8238,,0.019724797,,False,7.8910902e-06,7.8910902e-06,0.00030304761,38.403769,30.982718,False,0
2012-08-31,2004-12-20,1941,False,,state_0_shrunk,0,1088.8238,0.94777267,0.019724797,,False,8.4254509e-06,8.4254509e-06,0.00032251752,38.278963,31.493539,False,0
2012-08-31,2004-12-20,1941,False,,state_1_raw,1,857.29281,,0.019724797,,False,1.9059037e-05,1.9059037e-05,0.0011779778,61.806784,58.214381,False,0
2012-08-31,2004-12-20,1941,False,,state_1_shrunk,1,857.29281,0.93459013,0.019724797,,False,1.8979057e-05,1.8979057e-05,0.0011455197,60.357041,56.917612,False,0
2012-08-31,2004-12-20,1941,False,,regime_mixture,-1,,,0.019724797,6.6228837e-06,True,8.783725e-06,8.783725e-06,0.0003384578,38.532377,32.134885,False,0
2012-08-31,2004-12-20,1941,False,,consumed,-1,,,0.019724797,,True,8.783725e-06,8.783725e-06,0.0003384578,38.532377,32.134885,False,0
2012-09-28,2004-12-20,1960,False,,sample,-1,,,0.019412316,,False,1.4654192e-05,1.4654192e-05,0.00068195711,46.536659,43.737108,False,0
2012-09-28,2004-12-20,1960,False,,ewma,-1,,,0.019412316,,False,3.1163518e-06,3.1163518e-06,0.00020215496,64.869108,59.601146,False,0
2012-09-28,2004-12-20,1960,False,,ledoit_wolf,-1,,0.0083301639,0.019412316,,False,1.6053512e-05,1.6053512e-05,0.00067746007,42.200117,39.633978,False,0
2012-09-28,2004-12-20,1960,False,,state_0_raw,0,1106.4893,,0.019412316,,False,7.87344e-06,7.87344e-06,0.00030069046,38.190481,30.888213,False,0
2012-09-28,2004-12-20,1960,False,,state_0_shrunk,0,1106.4893,0.94856361,0.019412316,,False,8.3948274e-06,8.3948274e-06,0.00031973034,38.086589,31.407424,False,0
2012-09-28,2004-12-20,1960,False,,state_1_raw,1,858.50348,,0.019412316,,False,1.9058626e-05,1.9058626e-05,0.0011773889,61.777218,58.201716,False,0
2012-09-28,2004-12-20,1960,False,,state_1_shrunk,1,858.50348,0.93467635,0.019412316,,False,1.8969847e-05,1.8969847e-05,0.0011446994,60.343103,56.91946,False,0
2012-09-28,2004-12-20,1960,False,,regime_mixture,-1,,,0.019412316,6.1508591e-06,True,8.7474255e-06,8.7474255e-06,0.00033544346,38.347679,32.053994,False,0
2012-09-28,2004-12-20,1960,False,,consumed,-1,,,0.019412316,,True,8.7474255e-06,8.7474255e-06,0.00033544346,38.347679,32.053994,False,0
2012-10-31,2004-12-20,1981,False,,sample,-1,,,0.019077288,,False,1.4548368e-05,1.4548368e-05,0.00067634587,46.489468,43.675047,False,0
2012-10-31,2004-12-20,1981,False,,ewma,-1,,,0.019077288,,False,4.3009215e-06,4.3009215e-06,0.00018180424,42.270998,38.882418,False,0
2012-10-31,2004-12-20,1981,False,,ledoit_wolf,-1,,0.0082985136,0.019077288,,False,1.5931169e-05,1.5931169e-05,0.00067190544,42.175527,39.596142,False,0
2012-10-31,2004-12-20,1981,False,,state_0_raw,0,1125.8952,,0.019077288,,False,7.8195886e-06,7.8195886e-06,0.00029758409,38.056233,30.709661,False,0
2012-10-31,2004-12-20,1981,False,,state_0_shrunk,0,1125.8952,0.94940531,0.019077288,,False,8.3263799e-06,8.3263799e-06,0.00031618132,37.973444,31.239779,False,0
2012-10-31,2004-12-20,1981,False,,state_1_raw,1,859.4964,,0.019077288,,False,1.9062167e-05,1.9062167e-05,0.0011766897,61.729061,58.173851,False,0
2012-10-31,2004-12-20,1981,False,,state_1_shrunk,1,859.4964,0.93474689,0.019077288,,False,1.8966079e-05,1.8966079e-05,0.0011437177,60.303328,56.900203,False,0
2012-10-31,2004-12-20,1981,False,,regime_mixture,-1,,,0.019077288,6.6971817e-06,True,8.6724058e-06,8.6724058e-06,0.00033166211,38.24338,31.893502,False,0
2012-10-31,2004-12-20,1981,False,,consumed,-1,,,0.019077288,,True,8.6724058e-06,8.6724058e-06,0.00033166211,38.24338,31.893502,False,0
2012-11-30,2004-12-20,2002,False,,sample,-1,,,0.018721778,,False,1.4423456e-05,1.4423456e-05,0.00067255505,46.629258,43.781814,False,0
2012-11-30,2004-12-20,2002,False,,ewma,-1,,,0.018721778,,False,3.1646585e-06,3.1646585e-06,0.00024864989,78.570842,67.993901,False,0
2012-11-30,2004-12-20,2002,False,,ledoit_wolf,-1,,0.0082231432,0.018721778,,False,1.5785998e-05,1.5785998e-05,0.00066817965,42.327361,39.717982,False,0
2012-11-30,2004-12-20,2002,False,,state_0_raw,0,1147.5839,,0.018721778,,False,7.737034e-06,7.737034e-06,0.00029817222,38.53831,31.103998,False,0
2012-11-30,2004-12-20,2002,False,,state_0_shrunk,0,1147.5839,0.95031401,0.018721778,,False,8.2275558e-06,8.2275558e-06,0.00031622177,38.434473,31.604406,False,0
2012-11-30,2004-12-20,2002,False,,state_1_raw,1,859.05443,,0.018721778,,False,1.9061084e-05,1.9061084e-05,0.0011770461,61.751267,58.186608,False,0
2012-11-30,2004-12-20,2002,False,,state_1_shrunk,1,859.05443,0.93471551,0.018721778,,False,1.8956037e-05,1.8956037e-05,0.0011437904,60.339112,56.927065,False,0
2012-11-30,2004-12-20,2002,False,,regime_mixture,-1,,,0.018721778,6.9291883e-06,True,8.5667867e-06,8.5667867e-06,0.00033140909,38.685343,32.238799,False,0
2012-11-30,2004-12-20,2002,False,,consumed,-1,,,0.018721778,,True,8.5667867e-06,8.5667867e-06,0.00033140909,38.685343,32.238799,False,0
2012-12-31,2004-12-20,2022,False,,sample,-1,,,0.018618258,,False,1.4349752e-05,1.4349752e-05,0.00066764557,46.526627,43.679986,False,0
2012-12-31,2004-12-20,2022,False,,ewma,-1,,,0.018618258,,False,3.2554809e-06,3.2554809e-06,0.00023380068,71.817554,43.96182,False,0
2012-12-31,2004-12-20,2022,False,,ledoit_wolf,-1,,0.0081872069,0.018618258,,False,1.569626e-05,1.569626e-05,0.00066332296,42.259936,39.651322,False,0
2012-12-31,2004-12-20,2022,False,,state_0_raw,0,1166.941,,0.018618258,,False,7.7029653e-06,7.7029653e-06,0.00029588419,38.411726,30.958222,False,0
2012-12-31,2004-12-20,2022,False,,state_0_shrunk,0,1166.941,0.95109789,0.018618258,,False,8.1804552e-06,8.1804552e-06,0.00031353241,38.327013,31.463393,False,0
2012-12-31,2004-12-20,2022,False,,state_1_raw,1,859.38589,,0.018618258,,False,1.9063605e-05,1.9063605e-05,0.0011767903,61.729686,58.173333,False,0
2012-12-31,2004-12-20,2022,False,,state_1_shrunk,1,859.38589,0.93473905,0.018618258,,False,1.8953563e-05,1.8953563e-05,0.0011432464,60.318282,56.916002,False,0
2012-12-31,2004-12-20,2022,False,,regime_mixture,-1,,,0.018618258,8.2840453e-06,True,8.5177218e-06,8.5177218e-06,0.00032867966,38.587743,32.106935,False,0
2012-12-31,2004-12-20,2022,False,,consumed,-1,,,0.018618258,,True,8.5177218e-06,8.5177218e-06,0.00032867966,38.587743,32.106935,False,0
2013-01-31,2004-12-20,2043,False,,sample,-1,,,0.018079487,,False,1.424131e-05,1.424131e-05,0.00066231609,46.506682,43.668527,False,0
2013-01-31,2004-12-20,2043,False,,ewma,-1,,,0.018079487,,False,3.4627622e-06,3.4627622e-06,0.0001308611,37.790958,28.625565,False,0
2013-01-31,2004-12-20,2043,False,,ledoit_wolf,-1,,0.0081613946,0.018079487,,False,1.5573182e-05,1.5573182e-05,0.00065804414,42.254957,39.653555,False,0
2013-01-31,2004-12-20,2043,False,,state_0_raw,0,1188.9303,,0.018079487,,False,7.6195782e-06,7.6195782e-06,0.00029359224,38.531298,31.052944,False,0
2013-01-31,2004-12-20,2043,False,,state_0_shrunk,0,1188.9303,0.95195889,0.018079487,,False,8.0848726e-06,8.0848726e-06,0.00031078605,38.440439,31.544885,False,0
2013-01-31,2004-12-20,2043,False,,state_1_raw,1,858.68519,,0.018079487,,False,1.9057419e-05,1.9057419e-05,0.0011773268,61.777875,58.205822,False,0
2013-01-31,2004-12-20,2043,False,,state_1_shrunk,1,858.68519,0.93468927,0.018079487,,False,1.8942514e-05,1.8942514e-05,0.0011433768,60.360352,56.946774,False,0
2013-01-31,2004-12-20,2043,False,,regime_mixture,-1,,,0.018079487,1.0284262e-05,True,8.414022e-06,8.414022e-06,0.00032554195,38.690408,32.17432,False,0
2013-01-31,2004-12-20,2043,False,,consumed,-1,,,0.018079487,,True,8.414022e-06,8.414022e-06,0.00032554195,38.690408,32.17432,False,0
2013-02-28,2004-12-20,2062,False,,sample,-1,,,0.017815548,,False,1.4140087e-05,1.4140087e-05,0.00065835579,46.559528,43.750245,False,0
2013-02-28,2004-12-20,2062,False,,ewma,-1,,,0.017815548,,False,3.0085904e-06,3.0085904e-06,0.00021330787,70.899604,67.542318,False,0
2013-02-28,2004-12-20,2062,False,,ledoit_wolf,-1,,0.0081138972,0.017815548,,False,1.545689e-05,1.545689e-05,0.0006541356,42.320002,39.742914,False,0
2013-02-28,2004-12-20,2062,False,,state_0_raw,0,1206.7521,,0.017815548,,False,7.545687e-06,7.545687e-06,0.00029227641,38.734235,31.283569,False,0
2013-02-28,2004-12-20,2062,False,,state_0_shrunk,0,1206.7521,0.95263477,0.017815548,,False,8.0004194e-06,8.0004194e-06,0.00030911505,38.637355,31.761024,False,0
2013-02-28,2004-12-20,2062,False,,state_1_raw,1,859.31117,,0.017815548,,False,1.9059087e-05,1.9059087e-05,0.0011768397,61.746908,58.18943,False,0
2013-02-28,2004-12-20,2062,False,,state_1_shrunk,1,859.31117,0.93473374,0.017815548,,False,1.8936178e-05,1.8936178e-05,0.0011426898,60.344267,56.945252,False,0
2013-02-28,2004-12-20,2062,False,,regime_mixture,-1,,,0.017815548,1.1755393e-05,True,8.3251447e-06,8.3251447e-06,0.00032367829,38.879599,32.381347,False,0
2013-02-28,2004-12-20,2062,False,,consumed,-1,,,0.017815548,,True,8.3251447e-06,8.3251447e-06,0.00032367829,38.879599,32.381347,False,0
2013-03-28,2004-12-20,2082,False,,sample,-1,,,0.017533536,,False,1.4027071e-05,1.4027071e-05,0.00065275206,46.535164,43.729902,False,0
2013-03-28,2004-12-20,2082,False,,ewma,-1,,,0.017533536,,False,2.5471341e-06,2.5471341e-06,0.00011571289,45.428658,47.444948,False,0
2013-03-28,2004-12-20,2082,False,,ledoit_wolf,-1,,0.0081032386,0.017533536,,False,1.533112e-05,1.533112e-05,0.00064857607,42.304546,39.729926,False,0
2013-03-28,2004-12-20,2082,False,,state_0_raw,0,1226.42,,0.017533536,,False,7.4778009e-06,7.4778009e-06,0.00028854407,38.586755,31.201105,False,0
2013-03-28,2004-12-20,2082,False,,state_0_shrunk,0,1226.42,0.95335893,0.017533536,,False,7.922039e-06,7.922039e-06,0.00030505216,38.506773,31.681138,False,0
2013-03-28,2004-12-20,2082,False,,state_1_raw,1,859.38193,,0.017533536,,False,1.9056747e-05,1.9056747e-05,0.0011767661,61.750629,58.195387,False,0
2013-03-28,2004-12-20,2082,False,,state_1_shrunk,1,859.38193,0.93473877,0.017533536,,False,1.8924619e-05,1.8924619e-05,0.0011422618,60.358509,56.960694,False,0
2013-03-28,2004-12-20,2082,False,,regime_mixture,-1,,,0.017533536,1.2788552e-05,True,8.2423729e-06,8.2423729e-06,0.00031945675,38.757862,32.304817,False,0
2013-03-28,2004-12-20,2082,False,,consumed,-1,,,0.017533536,,True,8.2423729e-06,8.2423729e-06,0.00031945675,38.757862,32.304817,False,0
2013-04-30,2004-12-20,2104,False,,sample,-1,,,0.01723074,,False,1.3926866e-05,1.3926866e-05,0.00064957494,46.641861,43.821889,False,0
2013-04-30,2004-12-20,2104,False,,ewma,-1,,,0.01723074,,False,2.4821629e-06,2.4821629e-06,0.00051953736,209.30832,99.78347,False,0
2013-04-30,2004-12-20,2104,False,,ledoit_wolf,-1,,0.0081105891,0.01723074,,False,1.5234486e-05,1.5234486e-05,0.00064542741,42.366209,39.777952,False,0
2013-04-30,2004-12-20,2104,False,,state_0_raw,0,1248.2956,,0.01723074,,False,7.4024346e-06,7.4024346e-06,0.00029050294,39.244243,31.649391,False,0
2013-04-30,2004-12-20,2104,False,,state_0_shrunk,0,1248.2956,0.95413881,0.01723074,,False,7.8375389e-06,7.8375389e-06,0.00030641097,39.095305,32.084939,False,0
2013-04-30,2004-12-20,2104,False,,state_1_raw,1,859.39284,,0.01723074,,False,1.9055361e-05,1.9055361e-05,0.0011767428,61.753898,58.199146,False,0
2013-04-30,2004-12-20,2104,False,,state_1_shrunk,1,859.39284,0.93473954,0.01723074,,False,1.8917016e-05,1.8917016e-05,0.0011420273,60.370373,56.972055,False,0
2013-04-30,2004-12-20,2104,False,,regime_mixture,-1,,,0.01723074,1.5001194e-05,True,8.1543394e-06,8.1543394e-06,0.00032045385,39.298567,32.681085,False,0
2013-04-30,2004-12-20,2104,False,,consumed,-1,,,0.01723074,,True,8.1543394e-06,8.1543394e-06,0.00032045385,39.298567,32.681085,False,0
2013-05-31,2004-12-20,2126,False,,sample,-1,,,0.016943098,,False,1.3852398e-05,1.3852398e-05,0.0006445823,46.53218,43.767851,False,0
2013-05-31,2004-12-20,2126,False,,ewma,-1,,,0.016943098,,False,3.5916871e-06,3.5916871e-06,0.00029506673,82.152682,44.325562,False,0
2013-05-31,2004-12-20,2126,False,,ledoit_wolf,-1,,0.0080759668,0.016943098,,False,1.5147078e-05,1.5147078e-05,0.00064048894,42.284653,39.741501,False,0
2013-05-31,2004-12-20,2126,False,,state_0_raw,0,1270.1846,,0.016943098,,False,7.4071939e-06,7.4071939e-06,0.00028836057,38.929799,31.59858,False,0
2013-05-31,2004-12-20,2126,False,,state_0_shrunk,0,1270.1846,0.95489348,0.016943098,,False,7.8325164e-06,7.8325164e-06,0.00030387935,38.797154,32.02971,False,0
2013-05-31,2004-12-20,2126,False,,state_1_raw,1,859.37293,,0.016943098,,False,1.9053272e-05,1.9053272e-05,0.0011767486,61.760975,58.206006,False,0
2013-05-31,2004-12-20,2126,False,,state_1_shrunk,1,859.37293,0.93473813,0.016943098,,False,1.8906277e-05,1.8906277e-05,0.0011417099,60.387874,56.985954,False,0
2013-05-31,2004-12-20,2126,False,,regime_mixture,-1,,,0.016943098,1.8504171e-05,True,8.1455077e-06,8.1455077e-06,0.00031772087,39.005656,32.62267,False,0
2013-05-31,2004-12-20,2126,False,,consumed,-1,,,0.016943098,,True,8.1455077e-06,8.1455077e-06,0.00031772087,39.005656,32.62267,False,0
2013-06-28,2004-12-20,2146,False,,sample,-1,,,0.017143859,,False,1.3806758e-05,1.3806758e-05,0.00064171997,46.478686,43.772812,False,0
2013-06-28,2004-12-20,2146,False,,ewma,-1,,,0.017143859,,False,3.5762639e-06,3.5762639e-06,0.00041058567,114.80855,80.52785,False,0
2013-06-28,2004-12-20,2146,False,,ledoit_wolf,-1,,0.0080226736,0.017143859,,False,1.5091867e-05,1.5091867e-05,0.00063767729,42.253042,39.756853,False,0
2013-06-28,2004-12-20,2146,False,,state_0_raw,0,1290.4226,,0.017143859,,False,7.5213567e-06,7.5213567e-06,0.00028940803,38.478168,31.584593,False,0
2013-06-28,2004-12-20,2146,False,,state_0_shrunk,0,1290.4226,0.95556946,0.017143859,,False,7.9301393e-06,7.9301393e-06,0.000304503,38.39819,32.024791,False,0
2013-06-28,2004-12-20,2146,False,,state_1_raw,1,859.25865,,0.017143859,,False,1.9053522e-05,1.9053522e-05,0.0011768565,61.765824,58.207774,False,0
2013-06-28,2004-12-20,2146,False,,state_1_shrunk,1,859.25865,0.93473001,0.017143859,,False,1.8899032e-05,1.8899032e-05,0.0011416212,60.406333,56.996162,False,0
2013-06-28,2004-12-20,2146,False,,regime_mixture,-1,,,0.017143859,2.3415776e-05,True,8.2416717e-06,8.2416717e-06,0.00031847474,38.642008,32.638564,False,0
2013-06-28,2004-12-20,2146,False,,consumed,-1,,,0.017143859,,True,8.2416717e-06,8.2416717e-06,0.00031847474,38.642008,32.638564,False,0
2013-07-31,2004-12-20,2168,False,,sample,-1,,,0.016737108,,False,1.3737715e-05,1.3737715e-05,0.00063612583,46.305068,43.647051,False,0
2013-07-31,2004-12-20,2168,False,,ewma,-1,,,0.016737108,,False,3.7034365e-06,3.7034365e-06,0.0002291387,61.871912,32.292468,False,0
2013-07-31,2004-12-20,2168,False,,ledoit_wolf,-1,,0.0080125634,0.016737108,,False,1.5012366e-05,1.5012366e-05,0.00063212878,42.107204,39.652557,False,0
2013-07-31,2004-12-20,2168,False,,state_0_raw,0,1312.7041,,0.016737108,,False,7.5023233e-06,7.5023233e-06,0.00028632402,38.164714,31.429763,False,0
2013-07-31,2004-12-20,2168,False,,state_0_shrunk,0,1312.7041,0.95629065,0.016737108,,False,7.9026591e-06,7.9026591e-06,0.0003010484,38.09457,31.870108,False,0
2013-07-31,2004-12-20,2168,False,,state_1_raw,1,859.05694,,0.016737108,,False,1.9049184e-05,1.9049184e-05,0.0011770164,61.788285,58.224714,False,0
2013-07-31,2004-12-20,2168,False,,state_1_shrunk,1,859.05694,0.93471569,0.016737108,,False,1.8890141e-05,1.8890141e-05,0.0011413994,60.423023,57.007004,False,0
2013-07-31,2004-12-20,2168,False,,regime_mixture,-1,,,0.016737108,2.2547957e-05,True,8.208871e-06,8.208871e-06,0.0003147217,38.339219,32.480265,False,0
2013-07-31,2004-12-20,2168,False,,consumed,-1,,,0.016737108,,True,8.208871e-06,8.208871e-06,0.0003147217,38.339219,32.480265,False,0
2013-08-30,2004-12-20,2190,False,,sample,-1,,,0.05615565,,False,1.3657402e-05,1.3657402e-05,0.00063161163,46.246835,43.542271,False,0
2013-08-30,2004-12-20,2190,False,,ewma,-1,,,0.05615565,,False,4.6051466e-06,4.6051466e-06,0.00019223196,41.742853,29.452476,False,0
2013-08-30,2004-12-20,2190,False,,ledoit_wolf,-1,,0.0079724935,0.05615565,,False,1.4917788e-05,1.4917788e-05,0.00062766545,42.074969,39.577951,False,0
2013-08-30,2004-12-20,2190,False,,state_0_raw,0,1334.0178,,0.05615565,,False,7.4769445e-06,7.4769445e-06,0.00028432439,38.026816,31.314582,False,0
2013-08-30,2004-12-20,2190,False,,state_0_shrunk,0,1334.0178,0.95695894,0.05615565,,False,7.8683447e-06,7.8683447e-06,0.00029873745,37.967001,31.750076,False,0
2013-08-30,2004-12-20,2190,False,,state_1_raw,1,860.15915,,0.05615565,,False,1.9047e-05,1.9047e-05,0.0011764283,61.764495,58.207794,False,0
2013-08-30,2004-12-20,2190,False,,state_1_shrunk,1,860.15915,0.93479389,0.05615565,,False,1.8880077e-05,1.8880077e-05,0.0011406027,60.413033,56.997723,False,0
2013-08-30,2004-12-20,2190,False,,regime_mixture,-1,,,0.05615565,5.8371577e-05,True,8.8678226e-06,8.8678226e-06,0.0003449663,38.900902,33.756095,False,0
2013-08-30,2004-12-20,2190,False,,consumed,-1,,,0.05615565,,True,8.8678226e-06,8.8678226e-06,0.0003449663,38.900902,33.756095,False,0
2013-09-30,2004-12-20,2210,False,,sample,-1,,,0.05562737,,False,1.3591783e-05,1.3591783e-05,0.00062670203,46.10889,43.415257,False,0
2013-09-30,2004-12-20,2210,False,,ewma,-1,,,0.05562737,,False,4.7622034e-06,4.7622034e-06,0.00022076803,46.35838,19.901469,False,0
2013-09-30,2004-12-20,2210,False,,ledoit_wolf,-1,,0.007963614,0.05562737,,False,1.4844403e-05,1.4844403e-05,0.00062279686,41.954997,39.467601,False,0
2013-09-30,2004-12-20,2210,False,,state_0_raw,0,1486.063,,0.05562737,,False,5.8902265e-06,5.8902265e-06,0.00023376887,39.687586,30.195342,False,0
2013-09-30,2004-12-20,2210,False,,state_0_shrunk,0,1486.063,0.96119175,0.05562737,,False,6.338277e-06,6.338277e-06,0.00024769713,39.079568,30.554681,False,0
2013-09-30,2004-12-20,2210,False,,state_1_raw,1,755.7022,,0.05562737,,False,2.4853064e-05,2.4853064e-05,0.0014250419,57.33868,55.021152,False,0
2013-09-30,2004-12-20,2210,False,,state_1_shrunk,1,755.7022,0.92644374,0.05562737,,False,2.4297933e-05,2.4297933e-05,0.001365933,56.216016,54.252644,False,0
2013-09-30,2004-12-20,2210,False,,regime_mixture,-1,,,0.05562737,0.00090799708,True,7.7797883e-06,7.7797883e-06,0.00030632446,39.374396,33.080816,False,0
2013-09-30,2004-12-20,2210,False,,consumed,-1,,,0.05562737,,True,7.7797883e-06,7.7797883e-06,0.00030632446,39.374396,33.080816,False,0
2013-10-31,2004-12-20,2233,False,,sample,-1,,,0.05611709,,False,1.3500913e-05,1.3500913e-05,0.00062250923,46.108677,43.414562,False,0
2013-10-31,2004-12-20,2233,False,,ewma,-1,,,0.05611709,,False,3.9046527e-06,3.9046527e-06,0.00015935136,40.810635,32.64269,False,0
2013-10-31,2004-12-20,2233,False,,ledoit_wolf,-1,,0.0079132414,0.05611709,,False,1.4738937e-05,1.4738937e-05,0.00061865745,41.974361,39.484717,False,0
2013-10-31,2004-12-20,2233,False,,state_0_raw,0,1478.5503,,0.05611709,,False,5.8873063e-06,5.8873063e-06,0.0002278949,38.709537,29.463362,False,0
2013-10-31,2004-12-20,2233,False,,state_0_shrunk,0,1478.5503,0.96100225,0.05611709,,False,6.333593e-06,6.333593e-06,0.00024209927,38.224633,29.893569,False,0
2013-10-31,2004-12-20,2233,False,,state_1_raw,1,783.38191,,0.05611709,,False,2.4383875e-05,2.4383875e-05,0.001387634,56.907856,55.132835,False,0
2013-10-31,2004-12-20,2233,False,,state_1_shrunk,1,783.38191,0.92885785,0.05611709,,False,2.3869836e-05,2.3869836e-05,0.0013328523,55.838351,54.375061,False,0
2013-10-31,2004-12-20,2233,False,,regime_mixture,-1,,,0.05611709,0.00080811708,True,7.7372574e-06,7.7372574e-06,0.00030031489,38.814127,32.561048,False,0
2013-10-31,2004-12-20,2233,False,,consumed,-1,,,0.05611709,,True,7.7372574e-06,7.7372574e-06,0.00030031489,38.814127,32.561048,False,0
2013-11-29,2004-12-20,2253,False,,sample,-1,,,0.054776797,,False,1.3452598e-05,1.3452598e-05,0.00061820999,45.954693,43.255406,False,0
2013-11-29,2004-12-20,2253,False,,ewma,-1,,,0.054776797,,False,4.5560313e-06,4.5560313e-06,0.00012780899,28.052703,26.069676,False,0
2013-11-29,2004-12-20,2253,False,,ledoit_wolf,-1,,0.0078888831,0.054776797,,False,1.4678744e-05,1.4678744e-05,0.00061439897,41.856372,39.360863,False,0
2013-11-29,2004-12-20,2253,False,,state_0_raw,0,1443.2435,,0.054776797,,False,5.8319115e-06,5.8319115e-06,0.00022124786,37.937452,28.597008,False,0
2013-11-29,2004-12-20,2253,False,,state_0_shrunk,0,1443.2435,0.96008631,0.054776797,,False,6.294558e-06,6.294558e-06,0.00023583113,37.465876,29.091089,False,0
2013-11-29,2004-12-20,2253,False,,state_1_raw,1,832.19035,,0.054776797,,False,2.3724713e-05,2.3724713e-05,0.0013230292,55.765865,54.75447,False,0
2013-11-29,2004-12-20,2253,False,,state_1_shrunk,1,832.19035,0.93274978,0.054776797,,False,2.3243648e-05,2.3243648e-05,0.0012753132,54.867171,54.031035,False,0
2013-11-29,2004-12-20,2253,False,,regime_mixture,-1,,,0.054776797,0.00075264638,True,7.6102787e-06,7.6102787e-06,0.00028994454,38.09907,31.714219,False,0
2013-11-29,2004-12-20,2253,False,,consumed,-1,,,0.054776797,,True,7.6102787e-06,7.6102787e-06,0.00028994454,38.09907,31.714219,False,0
2013-12-31,2004-12-20,2274,False,,sample,-1,,,0.054598498,,False,1.3375219e-05,1.3375219e-05,0.00061363765,45.878698,43.125768,False,0
2013-12-31,2004-12-20,2274,False,,ewma,-1,,,0.054598498,,False,3.9440902e-06,3.9440902e-06,0.00014675477,37.208777,25.405436,False,0
2013-12-31,2004-12-20,2274,False,,ledoit_wolf,-1,,0.0078661071,0.054598498,,False,1.4590623e-05,1.4590623e-05,0.00060986944,41.798726,39.256105,False,0
2013-12-31,2004-12-20,2274,False,,state_0_raw,0,1462.1522,,0.054598498,,False,5.8357348e-06,5.8357348e-06,0.00021991047,37.683425,28.359342,False,0
2013-12-31,2004-12-20,2274,False,,state_0_shrunk,0,1462.1522,0.96058213,0.054598498,,False,6.2869771e-06,6.2869771e-06,0.00023415286,37.244108,28.864106,False,0
2013-12-31,2004-12-20,2274,False,,state_1_raw,1,833.73982,,0.054598498,,False,2.369616e-05,2.369616e-05,0.001320944,55.745068,54.73799,False,0
2013-12-31,2004-12-20,2274,False,,state_1_shrunk,1,833.73982,0.93286637,0.054598498,,False,2.3210746e-05,2.3210746e-05,0.0012731459,54.85157,54.014765,False,0
2013-12-31,2004-12-20,2274,False,,regime_mixture,-1,,,0.054598498,0.0007662955,True,7.5916765e-06,7.5916765e-06,0.00028796925,37.932234,31.527089,False,0
2013-12-31,2004-12-20,2274,False,,consumed,-1,,,0.054598498,,True,7.5916765e-06,7.5916765e-06,0.00028796925,37.932234,31.527089,False,0
2014-01-31,2004-12-20,2295,False,,sample,-1,,,0.053813238,,False,1.3287464e-05,1.3287464e-05,0.00061027256,45.928444,43.166774,False,0
2014-01-31,2004-12-20,2295,False,,ewma,-1,,,0.053813238,,False,3.5533088e-06,3.5533088e-06,0.00027784499,78.193314,62.991112,False,0
2014-01-31,2004-12-20,2295,False,,ledoit_wolf,-1,,0.0078129626,0.053813238,,False,1.4488904e-05,1.4488904e-05,0.00060655168,41.863185,39.312557,False,0
2014-01-31,2004-12-20,2295,False,,state_0_raw,0,1486.573,,0.053813238,,False,5.8209193e-06,5.8209193e-06,0.00022022394,37.833188,28.667983,False,0
2014-01-31,2004-12-20,2295,False,,state_0_shrunk,0,1486.573,0.96120455,0.053813238,,False,6.2589834e-06,6.2589834e-06,0.0002342264,37.422436,29.148661,False,0
2014-01-31,2004-12-20,2295,False,,state_1_raw,1,831.40976,,0.053813238,,False,2.3740186e-05,2.3740186e-05,0.0013235795,55.752701,54.841651,False,0
2014-01-31,2004-12-20,2295,False,,state_1_shrunk,1,831.40976,0.93269089,0.053813238,,False,2.3237393e-05,2.3237393e-05,0.0012752595,54.879631,54.116875,False,0
2014-01-31,2004-12-20,2295,False,,regime_mixture,-1,,,0.053813238,0.00071390912,True,7.5475915e-06,7.5475915e-06,0.00028764965,38.111449,31.75048,False,0
2014-01-31,2004-12-20,2295,False,,consumed,-1,,,0.053813238,,True,7.5475915e-06,7.5475915e-06,0.00028764965,38.111449,31.75048,False,0
2014-02-28,2004-12-20,2314,False,,sample,-1,,,0.052956513,,False,1.3200997e-05,1.3200997e-05,0.00060717094,45.994324,43.161823,False,0
2014-02-28,2004-12-20,2314,False,,ewma,-1,,,0.052956513,,False,2.693238e-06,2.693238e-06,0.00018308359,67.978988,49.648848,False,0
2014-02-28,2004-12-20,2314,False,,ledoit_wolf,-1,,0.0077707215,0.052956513,,False,1.4389821e-05,1.4389821e-05,0.0006034895,41.938637,39.324725,False,0
2014-02-28,2004-12-20,2314,False,,state_0_raw,0,1506.1949,,0.052956513,,False,5.8070799e-06,5.8070799e-06,0.00022033377,37.942266,28.757031,False,0
2014-02-28,2004-12-20,2314,False,,state_0_shrunk,0,1506.1949,0.96169059,0.052956513,,False,6.2335764e-06,6.2335764e-06,0.00023407318,37.550382,29.228229,False,0
2014-02-28,2004-12-20,2314,False,,state_1_raw,1,830.64415,,0.052956513,,False,2.3757313e-05,2.3757313e-05,0.0013243616,55.745428,54.85201,False,0
2014-02-28,2004-12-20,2314,False,,state_1_shrunk,1,830.64415,0.93263303,0.052956513,,False,2.3244582e-05,2.3244582e-05,0.0012757405,54.883351,54.130797,False,0
2014-02-28,2004-12-20,2314,False,,regime_mixture,-1,,,0.052956513,0.00072629262,True,7.4978598e-06,7.4978598e-06,0.00028671061,38.238993,31.794413,False,0
2014-02-28,2004-12-20,2314,False,,consumed,-1,,,0.052956513,,True,7.4978598e-06,7.4978598e-06,0.00028671061,38.238993,31.794413,False,0
2014-03-31,2004-12-20,2335,False,,sample,-1,,,0.052999122,,False,1.3134586e-05,1.3134586e-05,0.00060330738,45.932728,43.04336,False,0
2014-03-31,2004-12-20,2335,False,,ewma,-1,,,0.052999122,,False,3.2902511e-06,3.2902511e-06,0.00018397525,55.915261,40.591065,False,0
2014-03-31,2004-12-20,2335,False,,ledoit_wolf,-1,,0.0077352327,0.052999122,,False,1.4311345e-05,1.4311345e-05,0.00059966822,41.901597,39.236667,False,0
2014-03-31,2004-12-20,2335,False,,state_0_raw,0,1521.3315,,0.052999122,,False,5.7726444e-06,5.7726444e-06,0.00021870325,37.886146,28.648452,False,0
2014-03-31,2004-12-20,2335,False,,state_0_shrunk,0,1521.3315,0.96205729,0.052999122,,False,6.1927578e-06,6.1927578e-06,0.0002322585,37.504857,29.116045,False,0
2014-03-31,2004-12-20,2335,False,,state_1_raw,1,835.34762,,0.052999122,,False,2.3681587e-05,2.3681587e-05,0.0013188466,55.6908,54.709521,False,0
2014-03-31,2004-12-20,2335,False,,state_1_shrunk,1,835.34762,0.93298692,0.052999122,,False,2.3178426e-05,2.3178426e-05,0.0012705967,54.818078,53.997333,False,0
2014-03-31,2004-12-20,2335,False,,regime_mixture,-1,,,0.052999122,0.00071217033,True,7.4554141e-06,7.4554141e-06,0.00028484974,38.207098,31.69101,False,0
2014-03-31,2004-12-20,2335,False,,consumed,-1,,,0.052999122,,True,7.4554141e-06,7.4554141e-06,0.00028484974,38.207098,31.69101,False,0
2014-04-30,2004-12-20,2356,False,,sample,-1,,,0.052491572,,False,1.3129888e-05,1.3129888e-05,0.00060107894,45.779442,42.886573,False,0
2014-04-30,2004-12-20,2356,False,,ewma,-1,,,0.052491572,,False,4.017571e-06,4.017571e-06,0.00027156313,67.593861,49.456117,False,0
2014-04-30,2004-12-20,2356,False,,ledoit_wolf,-1,,0.0076605193,0.052491572,,False,1.4289947e-05,1.4289947e-05,0.00059748736,41.811727,39.140882,False,0
2014-04-30,2004-12-20,2356,False,,state_0_raw,0,1541.2109,,0.052491572,,False,5.7879417e-06,5.7879417e-06,0.00022005817,38.020107,28.758524,False,0
2014-04-30,2004-12-20,2356,False,,state_0_shrunk,0,1541.2109,0.96252836,0.052491572,,False,6.2037978e-06,6.2037978e-06,0.00023340456,37.622851,29.193875,False,0
2014-04-30,2004-12-20,2356,False,,state_1_raw,1,836.30005,,0.052491572,,False,2.367276e-05,2.367276e-05,0.0013175912,55.658537,54.686878,False,0
2014-04-30,2004-12-20,2356,False,,state_1_shrunk,1,836.30005,0.93305813,0.052491572,,False,2.3164772e-05,2.3164772e-05,0.0012693317,54.79578,53.970848,False,0
2014-04-30,2004-12-20,2356,False,,regime_mixture,-1,,,0.052491572,0.0006807848,True,7.4684875e-06,7.4684875e-06,0.00028555143,38.234171,31.682929,False,0
2014-04-30,2004-12-20,2356,False,,consumed,-1,,,0.052491572,,True,7.4684875e-06,7.4684875e-06,0.00028555143,38.234171,31.682929,False,0
2014-05-30,2004-12-20,2377,False,,sample,-1,,,0.051850058,,False,1.3098931e-05,1.3098931e-05,0.00059717606,45.58968,42.645321,False,0
2014-05-30,2004-12-20,2377,False,,ewma,-1,,,0.051850058,,False,3.1464975e-06,3.1464975e-06,0.00019015518,60.43392,38.293355,False,0
2014-05-30,2004-12-20,2377,False,,ledoit_wolf,-1,,0.0076299384,0.051850058,,False,1.4246796e-05,1.4246796e-05,0.00059362361,41.667165,38.947345,False,0
2014-05-30,2004-12-20,2377,False,,state_0_raw,0,1564.6051,,0.051850058,,False,5.8241322e-06,5.8241322e-06,0.00021948049,37.684669,28.432348,False,0
2014-05-30,2004-12-20,2377,False,,state_0_shrunk,0,1564.6051,0.96306795,0.051850058,,False,6.2331818e-06,6.2331818e-06,0.00023254468,37.30754,28.864493,False,0
2014-05-30,2004-12-20,2377,False,,state_1_raw,1,835.01499,,0.051850058,,False,2.3696578e-05,2.3696578e-05,0.0013193625,55.677343,54.764098,False,0
2014-05-30,2004-12-20,2377,False,,state_1_shrunk,1,835.01499,0.93296202,0.051850058,,False,2.3175609e-05,2.3175609e-05,0.0012706559,54.827294,54.036703,False,0
2014-05-30,2004-12-20,2377,False,,regime_mixture,-1,,,0.051850058,0.00068449234,True,7.4923391e-06,7.4923391e-06,0.00028421059,37.933493,31.348627,False,0
2014-05-30,2004-12-20,2377,False,,consumed,-1,,,0.051850058,,True,7.4923391e-06,7.4923391e-06,0.00028421059,37.933493,31.348627,False,0
2014-06-30,2004-12-20,2398,False,,sample,-1,,,0.050994455,,False,1.3005294e-05,1.3005294e-05,0.00059251322,45.559387,42.568543,False,0
2014-06-30,2004-12-20,2398,False,,ewma,-1,,,0.050994455,,False,2.5126482e-06,2.5126482e-06,9.4355034e-05,37.552027,21.201265,False,0
2014-06-30,2004-12-20,2398,False,,ledoit_wolf,-1,,0.0076224776,0.050994455,,False,1.4143982e-05,1.4143982e-05,0.0005889948,41.642784,38.881299,False,0
2014-06-30,2004-12-20,2398,False,,state_0_raw,0,1588.5393,,0.050994455,,False,5.79748e-06,5.79748e-06,0.00021805172,37.611465,28.3516,False,0
2014-06-30,2004-12-20,2398,False,,state_0_shrunk,0,1588.5393,0.96360414,0.050994455,,False,6.1976766e-06,6.1976766e-06,0.00023081667,37.242451,28.777131,False,0
2014-06-30,2004-12-20,2398,False,,state_1_raw,1,830.2196,,0.050994455,,False,2.3739891e-05,2.3739891e-05,0.0013233226,55.742576,54.901326,False,0
2014-06-30,2004-12-20,2398,False,,state_1_shrunk,1,830.2196,0.9326009,0.050994455,,False,2.3198989e-05,2.3198989e-05,0.0012737742,54.906456,54.16465,False,0
2014-06-30,2004-12-20,2398,False,,regime_mixture,-1,,,0.050994455,0.0006913924,True,7.4437109e-06,7.4437109e-06,0.00028185833,37.865298,31.247665,False,0
2014-06-30,2004-12-20,2398,False,,consumed,-1,,,0.050994455,,True,7.4437109e-06,7.4437109e-06,0.00028185833,37.865298,31.247665,False,0
2014-07-31,2004-12-20,2420,False,,sample,-1,,,0.050603059,,False,1.2930365e-05,1.2930365e-05,0.00058881979,45.537756,42.525009,False,0
2014-07-31,2004-12-20,2420,False,,ewma,-1,,,0.050603059,,False,2.0383085e-06,2.0383085e-06,0.00018280293,89.683638,76.057223,False,0
2014-07-31,2004-12-20,2420,False,,ledoit_wolf,-1,,0.0075833618,0.050603059,,False,1.4056504e-05,1.4056504e-05,0.00058534259,41.642118,38.85805,False,0
2014-07-31,2004-12-20,2420,False,,state_0_raw,0,1610.2759,,0.050603059,,False,5.7734699e-06,5.7734699e-06,0.00021745518,37.664555,28.396838,False,0
2014-07-31,2004-12-20,2420,False,,state_0_shrunk,0,1610.2759,0.96407779,0.050603059,,False,6.1657279e-06,6.1657279e-06,0.00022998363,37.300322,28.80889,False,0
2014-07-31,2004-12-20,2420,False,,state_1_raw,1,830.12201,,0.050603059,,False,2.3732713e-05,2.3732713e-05,0.0013231904,55.753861,54.914872,False,0
2014-07-31,2004-12-20,2420,False,,state_1_shrunk,1,830.12201,0.93259351,0.050603059,,False,2.318556e-05,2.318556e-05,0.0012734005,54.922136,54.180714,False,0
2014-07-31,2004-12-20,2420,False,,regime_mixture,-1,,,0.050603059,0.00066891104,True,7.4057068e-06,7.4057068e-06,0.00028074045,37.908663,31.258133,False,0
2014-07-31,2004-12-20,2420,False,,consumed,-1,,,0.050603059,,True,7.4057068e-06,7.4057068e-06,0.00028074045,37.908663,31.258133,False,0
2014-08-29,2004-12-20,2441,False,,sample,-1,,,0.049964653,,False,1.2849355e-05,1.2849355e-05,0.00058438761,45.479918,42.443061,False,0
2014-08-29,2004-12-20,2441,False,,ewma,-1,,,0.049964653,,False,2.1400835e-06,2.1400835e-06,9.5569643e-05,44.656969,34.916186,False,0
2014-08-29,2004-12-20,2441,False,,ledoit_wolf,-1,,0.0075727411,0.049964653,,False,1.3965597e-05,1.3965597e-05,0.00058094338,41.598178,38.792037,False,0
2014-08-29,2004-12-20,2441,False,,state_0_raw,0,1630.457,,0.049964653,,False,5.7586804e-06,5.7586804e-06,0.00021537153,37.39946,28.208406,False,0
2014-08-29,2004-12-20,2441,False,,state_0_shrunk,0,1630.457,0.96450664,0.049964653,,False,6.1418913e-06,6.1418913e-06,0.00022768529,37.070876,28.630025,False,0
2014-08-29,2004-12-20,2441,False,,state_1_raw,1,830.94618,,0.049964653,,False,2.37226e-05,2.37226e-05,0.001322242,55.737651,54.901571,False,0
2014-08-29,2004-12-20,2441,False,,state_1_shrunk,1,830.94618,0.93265586,0.049964653,,False,2.3169347e-05,2.3169347e-05,0.0012722668,54.911638,54.170523,False,0
2014-08-29,2004-12-20,2441,False,,regime_mixture,-1,,,0.049964653,0.00068293105,True,7.3627975e-06,7.3627975e-06,0.00027789125,37.742617,31.100269,False,0
2014-08-29,2004-12-20,2441,False,,consumed,-1,,,0.049964653,,True,7.3627975e-06,7.3627975e-06,0.00027789125,37.742617,31.100269,False,0
2014-09-30,2004-12-20,2462,False,,sample,-1,,,0.049708754,,False,1.2794447e-05,1.2794447e-05,0.00058074037,45.390032,42.336139,False,0
2014-09-30,2004-12-20,2462,False,,ewma,-1,,,0.049708754,,False,2.824965e-06,2.824965e-06,0.00016117655,57.054352,49.610192,False,0
2014-09-30,2004-12-20,2462,False,,ledoit_wolf,-1,,0.0075416656,0.049708754,,False,1.3899232e-05,1.3899232e-05,0.00057733295,41.537039,38.712634,False,0
2014-09-30,2004-12-20,2462,False,,state_0_raw,0,1650.4713,,0.049708754,,False,5.7468857e-06,5.7468857e-06,0.00021431085,37.29165,28.093803,False,0
2014-09-30,2004-12-20,2462,False,,state_0_shrunk,0,1650.4713,0.96492195,0.049708754,,False,6.1237883e-06,6.1237883e-06,0.00022641388,36.972846,28.510444,False,0
2014-09-30,2004-12-20,2462,False,,state_1_raw,1,832.96304,,0.049708754,,False,2.3698069e-05,2.3698069e-05,0.0013207437,55.732126,54.874718,False,0
2014-09-30,2004-12-20,2462,False,,state_1_shrunk,1,832.96304,0.93280797,0.049708754,,False,2.3144448e-05,2.3144448e-05,0.0012707402,54.904752,54.146725,False,0
2014-09-30,2004-12-20,2462,False,,regime_mixture,-1,,,0.049708754,0.00066402515,True,7.3410418e-06,7.3410418e-06,0.00027639709,37.650935,30.98224,False,0
2014-09-30,2004-12-20,2462,False,,consumed,-1,,,0.049708754,,True,7.3410418e-06,7.3410418e-06,0.00027639709,37.650935,30.98224,False,0
2014-10-31,2004-12-20,2485,False,,sample,-1,,,0.055213128,,False,1.2750296e-05,1.2750296e-05,0.0005792896,45.433423,42.270015,False,0
2014-10-31,2004-12-20,2485,False,,ewma,-1,,,0.055213128,,False,4.1182586e-06,4.1182586e-06,0.00033428202,81.170723,74.859423,False,0
2014-10-31,2004-12-20,2485,False,,ledoit_wolf,-1,,0.0074480461,0.055213128,,False,1.3838508e-05,1.3838508e-05,0.00057593192,41.618064,38.688724,False,0
2014-10-31,2004-12-20,2485,False,,state_0_raw,0,1667.2803,,0.055213128,,False,5.7660339e-06,5.7660339e-06,0.00021616576,37.489506,28.367284,False,0
2014-10-31,2004-12-20,2485,False,,state_0_shrunk,0,1667.2803,0.96526331,0.055213128,,False,6.134533e-06,6.134533e-06,0.00022810083,37.183079,28.760001,False,0
2014-10-31,2004-12-20,2485,False,,state_1_raw,1,841.76792,,0.055213128,,False,2.3522803e-05,2.3522803e-05,0.0013121112,55.780395,54.648876,False,0
2014-10-31,2004-12-20,2485,False,,state_1_shrunk,1,841.76792,0.93346403,0.055213128,,False,2.2975509e-05,2.2975509e-05,0.0012630794,54.975037,53.936597,False,0
2014-10-31,2004-12-20,2485,False,,regime_mixture,-1,,,0.055213128,0.00070255511,True,7.4640342e-06,7.4640342e-06,0.00028335713,37.963,31.416527,False,0
2014-10-31,2004-12-20,2485,False,,consumed,-1,,,0.055213128,,True,7.4640342e-06,7.4640342e-06,0.00028335713,37.963,31.416527,False,0
2014-11-28,2004-12-20,2504,False,,sample,-1,,,0.054756229,,False,1.2698245e-05,1.2698245e-05,0.00057524629,45.301245,42.083519,False,0
2014-11-28,2004-12-20,2504,False,,ewma,-1,,,0.054756229,,False,3.53275e-06,3.53275e-06,0.00016494464,46.690155,22.400073,False,0
2014-11-28,2004-12-20,2504,False,,ledoit_wolf,-1,,0.0074454661,0.054756229,,False,1.378058e-05,1.378058e-05,0.00057191721,41.501678,38.523658,False,0
2014-11-28,2004-12-20,2504,False,,state_0_raw,0,1683.2558,,0.054756229,,False,5.7514884e-06,5.7514884e-06,0.00021373988,37.162533,27.992984,False,0
2014-11-28,2004-12-20,2504,False,,state_0_shrunk,0,1683.2558,0.96558164,0.054756229,,False,6.1149574e-06,6.1149574e-06,0.00022548458,36.874268,28.398496,False,0
2014-11-28,2004-12-20,2504,False,,state_1_raw,1,846.14566,,0.054756229,,False,2.3471388e-05,2.3471388e-05,0.0013085801,55.752137,54.548905,False,0
2014-11-28,2004-12-20,2504,False,,state_1_shrunk,1,846.14566,0.93378548,0.054756229,,False,2.292967e-05,2.292967e-05,0.0012597533,54.939879,53.840245,False,0
2014-11-28,2004-12-20,2504,False,,regime_mixture,-1,,,0.054756229,0.00070764136,True,7.4314457e-06,7.4314457e-06,0.00028017403,37.701148,31.092058,False,0
2014-11-28,2004-12-20,2504,False,,consumed,-1,,,0.054756229,,True,7.4314457e-06,7.4314457e-06,0.00028017403,37.701148,31.092058,False,0
2014-12-31,2004-12-20,2526,False,,sample,-1,,,0.060381868,,False,1.2625608e-05,1.2625608e-05,0.00057282984,45.370476,42.066764,False,0
2014-12-31,2004-12-20,2526,False,,ewma,-1,,,0.060381868,,False,2.9323129e-06,2.9323129e-06,0.00024603007,83.903074,72.321213,False,0
2014-12-31,2004-12-20,2526,False,,ledoit_wolf,-1,,0.0073868739,0.060381868,,False,1.3696852e-05,1.3696852e-05,0.00056954279,41.582022,38.526341,False,0
2014-12-31,2004-12-20,2526,False,,state_0_raw,0,1696.5534,,0.060381868,,False,5.7272176e-06,5.7272176e-06,0.00021249915,37.103384,27.894761,False,0
2014-12-31,2004-12-20,2526,False,,state_0_shrunk,0,1696.5534,0.9658422,0.060381868,,False,6.0852554e-06,6.0852554e-06,0.00022412928,36.831533,28.302854,False,0
2014-12-31,2004-12-20,2526,False,,state_1_raw,1,855.38065,,0.060381868,,False,2.3331655e-05,2.3331655e-05,0.0013014076,55.778624,54.545661,False,0
2014-12-31,2004-12-20,2526,False,,state_1_shrunk,1,855.38065,0.9344535,0.060381868,,False,2.2791422e-05,2.2791422e-05,0.0012533901,54.993938,53.845359,False,0
2014-12-31,2004-12-20,2526,False,,regime_mixture,-1,,,0.060381868,0.00070724321,True,7.5137526e-06,7.5137526e-06,0.00028427847,37.83442,31.281696,False,0
2014-12-31,2004-12-20,2526,False,,consumed,-1,,,0.060381868,,True,7.5137526e-06,7.5137526e-06,0.00028427847,37.83442,31.281696,False,0
2015-01-30,2004-12-20,2546,False,,sample,-1,,,0.064539562,,False,1.2562967e-05,1.2562967e-05,0.00057120655,45.467487,42.166116,False,0
2015-01-30,2004-12-20,2546,False,,ewma,-1,,,0.064539562,,False,2.8786693e-06,2.8786693e-06,0.00037658663,130.81969,99.640321,False,0
2015-01-30,2004-12-20,2546,False,,ledoit_wolf,-1,,0.0073182192,0.064539562,,False,1.3622305e-05,1.3622305e-05,0.0005679598,41.693369,38.637916,False,0
2015-01-30,2004-12-20,2546,False,,state_0_raw,0,1726.18,,0.064539562,,False,5.7829728e-06,5.7829728e-06,0.00021507598,37.191249,28.216976,False,0
2015-01-30,2004-12-20,2546,False,,state_0_shrunk,0,1726.18,0.96640876,0.064539562,,False,6.1265281e-06,6.1265281e-06,0.00022646756,36.965074,28.612751,False,0
2015-01-30,2004-12-20,2546,False,,state_1_raw,1,844.96629,,0.064539562,,False,2.3462261e-05,2.3462261e-05,0.0013115254,55.899361,54.810044,False,0
2015-01-30,2004-12-20,2546,False,,state_1_shrunk,1,844.96629,0.93369919,0.064539562,,False,2.2893554e-05,2.2893554e-05,0.0012621828,55.13267,54.098732,False,0
2015-01-30,2004-12-20,2546,False,,regime_mixture,-1,,,0.064539562,0.00071251212,True,7.6409698e-06,7.6409698e-06,0.00029151688,38.151817,31.794479,False,0
2015-01-30,2004-12-20,2546,False,,consumed,-1,,,0.064539562,,True,7.6409698e-06,7.6409698e-06,0.00029151688,38.151817,31.794479,False,0
2015-02-27,2004-12-20,2565,False,,sample,-1,,,0.057927387,,False,1.2508117e-05,1.2508117e-05,0.00056784588,45.398192,42.141965,False,0
2015-02-27,2004-12-20,2565,False,,ewma,-1,,,0.057927387,,False,3.9122003e-06,3.9122003e-06,0.00018363175,46.938229,44.091795,False,0
2015-02-27,2004-12-20,2565,False,,ledoit_wolf,-1,,0.0073017247,0.057927387,,False,1.3559498e-05,1.3559498e-05,0.00056462741,41.640731,38.624559,False,0
2015-02-27,2004-12-20,2565,False,,state_0_raw,0,1745.8454,,0.057927387,,False,5.7754391e-06,5.7754391e-06,0.00021379585,37.018111,28.176484,False,0
2015-02-27,2004-12-20,2565,False,,state_0_shrunk,0,1745.8454,0.96677456,0.057927387,,False,6.1118568e-06,6.1118568e-06,0.00022501065,36.815431,28.575845,False,0
2015-02-27,2004-12-20,2565,False,,state_1_raw,1,844.63732,,0.057927387,,False,2.3468607e-05,2.3468607e-05,0.0013122193,55.913813,54.819712,False,0
2015-02-27,2004-12-20,2565,False,,state_1_shrunk,1,844.63732,0.93367508,0.057927387,,False,2.2898652e-05,2.2898652e-05,0.0012625929,55.138307,54.110773,False,0
2015-02-27,2004-12-20,2565,False,,regime_mixture,-1,,,0.057927387,0.00071028608,True,7.4810307e-06,7.4810307e-06,0.00028348436,37.893757,31.47923,False,0
2015-02-27,2004-12-20,2565,False,,consumed,-1,,,0.057927387,,True,7.4810307e-06,7.4810307e-06,0.00028348436,37.893757,31.47923,False,0
2015-03-31,2004-12-20,2587,False,,sample,-1,,,0.057399213,,False,1.2480898e-05,1.2480898e-05,0.00056486315,45.258214,42.02389,False,0
2015-03-31,2004-12-20,2587,False,,ewma,-1,,,0.057399213,,False,5.3287985e-06,5.3287985e-06,0.00021979073,41.245832,40.419977,False,0
2015-03-31,2004-12-20,2587,False,,ledoit_wolf,-1,,0.0072608763,0.057399213,,False,1.3521078e-05,1.3521078e-05,0.00056168058,41.541108,38.540273,False,0
2015-03-31,2004-12-20,2587,False,,state_0_raw,0,1766.814,,0.057399213,,False,5.8405175e-06,5.8405175e-06,0.00021376647,36.600604,27.942713,False,0
2015-03-31,2004-12-20,2587,False,,state_0_shrunk,0,1766.814,0.96715593,0.057399213,,False,6.1665105e-06,6.1665105e-06,0.00022475995,36.448483,28.355847,False,0
2015-03-31,2004-12-20,2587,False,,state_1_raw,1,846.30923,,0.057399213,,False,2.3451176e-05,2.3451176e-05,0.0013107718,55.893649,54.779341,False,0
2015-03-31,2004-12-20,2587,False,,state_1_shrunk,1,846.30923,0.93379743,0.057399213,,False,2.2888026e-05,2.2888026e-05,0.0012611371,55.100302,54.073736,False,0
2015-03-31,2004-12-20,2587,False,,regime_mixture,-1,,,0.057399213,0.00069213974,True,7.5082717e-06,7.5082717e-06,0.00028261841,37.640941,31.296925,False,0
2015-03-31,2004-12-20,2587,False,,consumed,-1,,,0.057399213,,True,7.5082717e-06,7.5082717e-06,0.00028261841,37.640941,31.296925,False,0
2015-04-30,2004-12-20,2608,False,,sample,-1,,,0.057395104,,False,1.2410215e-05,1.2410215e-05,0.00056137114,45.234604,41.949826,False,0
2015-04-30,2004-12-20,2608,False,,ewma,-1,,,0.057395104,,False,4.5707655e-06,4.5707655e-06,0.00017934397,39.237184,28.669602,False,0
2015-04-30,2004-12-20,2608,False,,ledoit_wolf,-1,,0.0072385095,0.057395104,,False,1.3441766e-05,1.3441766e-05,0.00055822007,41.528775,38.482946,False,0
2015-04-30,2004-12-20,2608,False,,state_0_raw,0,1783.6708,,0.057395104,,False,5.7883245e-06,5.7883245e-06,0.00021212974,36.647866,27.904619,False,0
2015-04-30,2004-12-20,2608,False,,state_0_shrunk,0,1783.6708,0.96745623,0.057395104,,False,6.1099169e-06,6.1099169e-06,0.00022296272,36.491939,28.312214,False,0
2015-04-30,2004-12-20,2608,False,,state_1_raw,1,851.02904,,0.057395104,,False,2.3389343e-05,2.3389343e-05,0.0013064503,55.85665,54.660712,False,0
2015-04-30,2004-12-20,2608,False,,state_1_shrunk,1,851.02904,0.93414041,0.057395104,,False,2.2833754e-05,2.2833754e-05,0.0012571299,55.05577,53.964018,False,0
2015-04-30,2004-12-20,2608,False,,regime_mixture,-1,,,0.057395104,0.0006836675,True,7.4504878e-06,7.4504878e-06,0.00028069085,37.674157,31.256389,False,0
2015-04-30,2004-12-20,2608,False,,consumed,-1,,,0.057395104,,True,7.4504878e-06,7.4504878e-06,0.00028069085,37.674157,31.256389,False,0
2015-05-29,2004-12-20,2628,False,,sample,-1,,,0.057137372,,False,1.2351976e-05,1.2351976e-05,0.00055815516,45.18752,41.924596,False,0
2015-05-29,2004-12-20,2628,False,,ewma,-1,,,0.057137372,,False,2.5767092e-06,2.5767092e-06,0.00015556139,60.372115,54.284449,False,0
2015-05-29,2004-12-20,2628,False,,ledoit_wolf,-1,,0.0072163338,0.057137372,,False,1.3374795e-05,1.3374795e-05,0.00055503309,41.498436,38.469097,False,0
2015-05-29,2004-12-20,2628,False,,state_0_raw,0,1800.9897,,0.057137372,,False,5.7662423e-06,5.7662423e-06,0.00021100344,36.592884,27.890498,False,0
2015-05-29,2004-12-20,2628,False,,state_0_shrunk,0,1800.9897,0.96775909,0.057137372,,False,6.0821738e-06,6.0821738e-06,0.00022167347,36.446421,28.295528,False,0
2015-05-29,2004-12-20,2628,False,,state_1_raw,1,853.27085,,0.057137372,,False,2.3355223e-05,2.3355223e-05,0.0013039048,55.829259,54.600692,False,0
2015-05-29,2004-12-20,2628,False,,state_1_shrunk,1,853.27085,0.93430207,0.057137372,,False,2.2806081e-05,2.2806081e-05,0.0012546634,55.014424,53.911543,False,0
2015-05-29,2004-12-20,2628,False,,regime_mixture,-1,,,0.057137372,0.00068306245,True,7.4133992e-06,7.4133992e-06,0.00027908005,37.645355,31.243517,False,0
2015-05-29,2004-12-20,2628,False,,consumed,-1,,,0.057137372,,True,7.4133992e-06,7.4133992e-06,0.00027908005,37.645355,31.243517,False,0
2015-06-30,2004-12-20,2650,False,,sample,-1,,,0.057495746,,False,1.2281765e-05,1.2281765e-05,0.00055500394,45.189264,41.96405,False,0
2015-06-30,2004-12-20,2650,False,,ewma,-1,,,0.057495746,,False,2.1114862e-06,2.1114862e-06,0.00020551609,97.332437,92.967842,False,0
2015-06-30,2004-12-20,2650,False,,ledoit_wolf,-1,,0.0071836989,0.057495746,,False,1.3294241e-05,1.3294241e-05,0.00055191433,41.515295,38.517175,False,0
2015-06-30,2004-12-20,2650,False,,state_0_raw,0,1821.0753,,0.057495746,,False,5.7267437e-06,5.7267437e-06,0.00021036739,36.734207,28.071462,False,0
2015-06-30,2004-12-20,2650,False,,state_0_shrunk,0,1821.0753,0.96810335,0.057495746,,False,6.0367511e-06,6.0367511e-06,0.00022086153,36.586158,28.464627,False,0
2015-06-30,2004-12-20,2650,False,,state_1_raw,1,854.79597,,0.057495746,,False,2.3332193e-05,2.3332193e-05,0.0013020571,55.805177,54.560761,False,0
2015-06-30,2004-12-20,2650,False,,state_1_shrunk,1,854.79597,0.9344116,0.057495746,,False,2.2787662e-05,2.2787662e-05,0.001252815,54.977778,53.880345,False,0
2015-06-30,2004-12-20,2650,False,,regime_mixture,-1,,,0.057495746,0.000671443,True,7.3752302e-06,7.3752302e-06,0.00027862073,37.777903,31.417891,False,0
2015-06-30,2004-12-20,2650,False,,consumed,-1,,,0.057495746,,True,7.3752302e-06,7.3752302e-06,0.00027862073,37.777903,31.417891,False,0
2015-07-31,2004-12-20,2672,False,,sample,-1,,,0.055791245,,False,1.2217555e-05,1.2217555e-05,0.00055180009,45.164528,41.95247,False,0
2015-07-31,2004-12-20,2672,False,,ewma,-1,,,0.055791245,,False,4.0169702e-06,4.0169702e-06,0.00017071771,42.499123,40.443465,False,0
2015-07-31,2004-12-20,2672,False,,ledoit_wolf,-1,,0.0071536971,0.055791245,,False,1.3220495e-05,1.3220495e-05,0.00054874253,41.506958,38.519567,False,0
2015-07-31,2004-12-20,2672,False,,state_0_raw,0,1843.2752,,0.055791245,,False,5.7182252e-06,5.7182252e-06,0.00020977271,36.684933,28.111363,False,0
2015-07-31,2004-12-20,2672,False,,state_0_shrunk,0,1843.2752,0.9684754,0.055791245,,False,6.0206608e-06,6.0206608e-06,0.00022008118,36.554324,28.50252,False,0
2015-07-31,2004-12-20,2672,False,,state_1_raw,1,854.44235,,0.055791245,,False,2.3339694e-05,2.3339694e-05,0.0013022799,55.796788,54.559856,False,0
2015-07-31,2004-12-20,2672,False,,state_1_shrunk,1,854.44235,0.93438624,0.055791245,,False,2.2790269e-05,2.2790269e-05,0.0012527969,54.970692,53.882777,False,0
2015-07-31,2004-12-20,2672,False,,regime_mixture,-1,,,0.055791245,0.0006708537,True,7.318161e-06,7.318161e-06,0.00027620615,37.742563,31.392965,False,0
2015-07-31,2004-12-20,2672,False,,consumed,-1,,,0.055791245,,True,7.318161e-06,7.318161e-06,0.00027620615,37.742563,31.392965,False,0
2015-08-31,2004-12-20,2693,False,,sample,-1,,,0.87934449,,False,1.2190058e-05,1.2190058e-05,0.00055372673,45.424453,42.247009,False,0
2015-08-31,2004-12-20,2693,False,,ewma,-1,,,0.87934449,,False,5.0489023e-06,5.0489023e-06,0.00081536071,161.49267,188.13327,False,0
2015-08-31,2004-12-20,2693,False,,ledoit_wolf,-1,,0.0070283692,0.87934449,,False,1.3177852e-05,1.3177852e-05,0.00055070872,41.790476,38.824158,False,0
2015-08-31,2004-12-20,2693,False,,state_0_raw,0,1856.2003,,0.87934449,,False,5.6863387e-06,5.6863387e-06,0.00020978749,36.893245,28.313296,False,0
2015-08-31,2004-12-20,2693,False,,state_0_shrunk,0,1856.2003,0.96868803,0.87934449,,False,5.9880786e-06,5.9880786e-06,0.00022010209,36.756714,28.699057,False,0
2015-08-31,2004-12-20,2693,False,,state_1_raw,1,863.04516,,0.87934449,,False,2.3268338e-05,2.3268338e-05,0.0013057701,56.117894,55.075931,False,0
2015-08-31,2004-12-20,2693,False,,state_1_shrunk,1,863.04516,0.93499776,0.87934449,,False,2.2735635e-05,2.2735635e-05,0.0012566505,55.272286,54.393916,False,0
2015-08-31,2004-12-20,2693,False,,regime_mixture,-1,,,0.87934449,0.00035093214,True,2.1029109e-05,2.1029109e-05,0.0011310517,53.785054,52.934261,False,0
2015-08-31,2004-12-20,2693,False,,consumed,-1,,,0.87934449,,True,2.1029109e-05,2.1029109e-05,0.0011310517,53.785054,52.934261,False,0
2015-09-30,2004-12-20,2714,False,,sample,-1,,,0.8820901,,False,1.2153902e-05,1.2153902e-05,0.00055408623,45.589166,42.409817,False,0
2015-09-30,2004-12-20,2714,False,,ewma,-1,,,0.8820901,,False,7.0636453e-06,7.0636453e-06,0.00062384362,88.317518,101.04369,False,0
2015-09-30,2004-12-20,2714,False,,ledoit_wolf,-1,,0.0069196433,0.8820901,,False,1.3126031e-05,1.3126031e-05,0.00055111009,41.986042,39.014656,False,0
2015-09-30,2004-12-20,2714,False,,state_0_raw,0,1854.6924,,0.8820901,,False,5.6805815e-06,5.6805815e-06,0.00020967489,36.910815,28.31811,False,0
2015-09-30,2004-12-20,2714,False,,state_0_shrunk,0,1854.6924,0.96866337,0.8820901,,False,5.9818519e-06,5.9818519e-06,0.00022000985,36.779554,28.710936,False,0
2015-09-30,2004-12-20,2714,False,,state_1_raw,1,885.75545,,0.8820901,,False,2.2863777e-05,2.2863777e-05,0.0012868898,56.28509,55.210575,False,0
2015-09-30,2004-12-20,2714,False,,state_1_shrunk,1,885.75545,0.93655865,0.8820901,,False,2.2352625e-05,2.2352625e-05,0.0012401736,55.482236,54.54061,False,0
2015-09-30,2004-12-20,2714,False,,regime_mixture,-1,,,0.8820901,0.00035582291,True,2.0725109e-05,2.0725109e-05,0.001119364,54.010044,53.092666,False,0
2015-09-30,2004-12-20,2714,False,,consumed,-1,,,0.8820901,,True,2.0725109e-05,2.0725109e-05,0.001119364,54.010044,53.092666,False,0
2015-10-30,2004-12-20,2736,False,,sample,-1,,,0.060670729,,False,1.2097647e-05,1.2097647e-05,0.00055200221,45.628892,42.426683,False,0
2015-10-30,2004-12-20,2736,False,,ewma,-1,,,0.060670729,,False,5.978796e-06,5.978796e-06,0.00036944835,61.793102,57.202582,False,0
2015-10-30,2004-12-20,2736,False,,ledoit_wolf,-1,,0.0068672729,0.060670729,,False,1.3058975e-05,1.3058975e-05,0.00054905989,42.04464,39.050063,False,0
2015-10-30,2004-12-20,2736,False,,state_0_raw,0,1873.4327,,0.060670729,,False,5.6713164e-06,5.6713164e-06,0.00020982887,36.998265,28.392386,False,0
2015-10-30,2004-12-20,2736,False,,state_0_shrunk,0,1873.4327,0.96896711,0.060670729,,False,5.9675673e-06,5.9675673e-06,0.00022002073,36.869416,28.77669,False,0
2015-10-30,2004-12-20,2736,False,,state_1_raw,1,890.24666,,0.060670729,,False,2.279109e-05,2.279109e-05,0.0012836289,56.321525,55.295448,False,0
2015-10-30,2004-12-20,2736,False,,state_1_shrunk,1,890.24666,0.9368585,0.060670729,,False,2.2275904e-05,2.2275904e-05,0.0012372111,55.540332,54.627246,False,0
2015-10-30,2004-12-20,2736,False,,regime_mixture,-1,,,0.060670729,0.00070553322,True,7.3451467e-06,7.3451467e-06,0.00028031989,38.16396,31.868906,False,0
2015-10-30,2004-12-20,2736,False,,consumed,-1,,,0.060670729,,True,7.3451467e-06,7.3451467e-06,0.00028031989,38.16396,31.868906,False,0
2015-11-30,2004-12-20,2756,False,,sample,-1,,,0.059997299,,False,1.2034858e-05,1.2034858e-05,0.00054935913,45.64733,42.449718,False,0
2015-11-30,2004-12-20,2756,False,,ewma,-1,,,0.059997299,,False,3.1132471e-06,3.1132471e-06,0.00022634146,72.702696,63.329019,False,0
2015-11-30,2004-12-20,2756,False,,ledoit_wolf,-1,,0.0068367711,0.059997299,,False,1.2987591e-05,1.2987591e-05,0.00054644467,42.074367,39.081784,False,0
2015-11-30,2004-12-20,2756,False,,state_0_raw,0,1893.774,,0.059997299,,False,5.6581454e-06,5.6581454e-06,0.00020953762,37.032915,28.483226,False,0
2015-11-30,2004-12-20,2756,False,,state_0_shrunk,0,1893.774,0.9692902,0.059997299,,False,5.9479746e-06,5.9479746e-06,0.00021956762,36.914686,28.862582,False,0
2015-11-30,2004-12-20,2756,False,,state_1_raw,1,889.82268,,0.059997299,,False,2.2795994e-05,2.2795994e-05,0.0012839839,56.32498,55.301377,False,0
2015-11-30,2004-12-20,2756,False,,state_1_shrunk,1,889.82268,0.93683031,0.059997299,,False,2.2275689e-05,2.2275689e-05,0.0012373585,55.547482,54.638057,False,0
2015-11-30,2004-12-20,2756,False,,regime_mixture,-1,,,0.059997299,0.0007133272,True,7.3076382e-06,7.3076382e-06,0.00027927692,38.217125,31.932838,False,0
2015-11-30,2004-12-20,2756,False,,consumed,-1,,,0.059997299,,True,7.3076382e-06,7.3076382e-06,0.00027927692,38.217125,31.932838,False,0
2015-12-31,2004-12-20,2778,False,,sample,-1,,,0.063472157,,False,1.1978161e-05,1.1978161e-05,0.00054813759,45.761414,42.560962,False,0
2015-12-31,2004-12-20,2778,False,,ewma,-1,,,0.063472157,,False,3.7108198e-06,3.7108198e-06,0.00033684221,90.77299,92.312169,False,0
2015-12-31,2004-12-20,2778,False,,ledoit_wolf,-1,,0.0067633283,0.063472157,,False,1.2918764e-05,1.2918764e-05,0.00054526027,42.206844,39.209051,False,0
2015-12-31,2004-12-20,2778,False,,state_0_raw,0,1916.4734,,0.063472157,,False,5.6888011e-06,5.6888011e-06,0.00021131874,37.146445,28.693813,False,0
2015-12-31,2004-12-20,2778,False,,state_0_shrunk,0,1916.4734,0.9696429,0.063472157,,False,5.9693471e-06,5.9693471e-06,0.00022114905,37.047443,29.068503,False,0
2015-12-31,2004-12-20,2778,False,,state_1_raw,1,893.11351,,0.063472157,,False,2.2761776e-05,2.2761776e-05,0.0012833323,56.381028,55.412581,False,0
2015-12-31,2004-12-20,2778,False,,state_1_shrunk,1,893.11351,0.93704842,0.063472157,,False,2.2237402e-05,2.2237402e-05,0.0012368334,55.61951,54.754097,False,0
2015-12-31,2004-12-20,2778,False,,regime_mixture,-1,,,0.063472157,0.00073498868,True,7.3846106e-06,7.3846106e-06,0.00028421185,38.487046,32.310032,False,0
2015-12-31,2004-12-20,2778,False,,consumed,-1,,,0.063472157,,True,7.3846106e-06,7.3846106e-06,0.00028421185,38.487046,32.310032,False,0
2016-01-29,2004-12-20,2797,False,,sample,-1,,,0.86659742,,False,1.1976593e-05,1.1976593e-05,0.00055017509,45.937528,42.671173,False,0
2016-01-29,2004-12-20,2797,False,,ewma,-1,,,0.86659742,,False,6.2659281e-06,6.2659281e-06,0.00071346057,113.86351,68.175355,False,0
2016-01-29,2004-12-20,2797,False,,ledoit_wolf,-1,,0.0066339286,0.86659742,,False,1.2901529e-05,1.2901529e-05,0.00054733851,42.424315,39.36291,False,0
2016-01-29,2004-12-20,2797,False,,state_0_raw,0,1915.5151,,0.86659742,,False,5.6828092e-06,5.6828092e-06,0.00021119965,37.164657,28.695515,False,0
2016-01-29,2004-12-20,2797,False,,state_0_shrunk,0,1915.5151,0.96962818,0.86659742,,False,5.9634316e-06,5.9634316e-06,0.00022109587,37.075275,29.079248,False,0
2016-01-29,2004-12-20,2797,False,,state_1_raw,1,915.24483,,0.86659742,,False,2.239334e-05,2.239334e-05,0.0012717245,56.790299,55.338596,False,0
2016-01-29,2004-12-20,2797,False,,state_1_shrunk,1,915.24483,0.93847699,0.86659742,,False,2.1904935e-05,2.1904935e-05,0.0012271238,56.020424,54.70083,False,0
2016-01-29,2004-12-20,2797,False,,regime_mixture,-1,,,0.86659742,0.00043750638,True,2.0117973e-05,2.0117973e-05,0.0010923711,54.298267,53.068196,False,0
2016-01-29,2004-12-20,2797,False,,consumed,-1,,,0.86659742,,True,2.0117973e-05,2.0117973e-05,0.0010923711,54.298267,53.068196,False,0
2016-02-29,2004-12-20,2817,False,,sample,-1,,,0.86041937,,False,1.1977531e-05,1.1977531e-05,0.00054961595,45.887248,42.641363,False,0
2016-02-29,2004-12-20,2817,False,,ewma,-1,,,0.86041937,,False,7.0776466e-06,7.0776466e-06,0.00057859992,81.750327,51.94891,False,0
2016-02-29,2004-12-20,2817,False,,ledoit_wolf,-1,,0.0065630852,0.86041937,,False,1.2892599e-05,1.2892599e-05,0.00054681284,42.412926,39.368747,False,0
2016-02-29,2004-12-20,2817,False,,state_0_raw,0,1912.1231,,0.86041937,,False,5.6760429e-06,5.6760429e-06,0.00021085038,37.147426,28.656911,False,0
2016-02-29,2004-12-20,2817,False,,state_0_shrunk,0,1912.1231,0.96957594,0.86041937,,False,5.9571051e-06,5.9571051e-06,0.00022074181,37.055216,29.042822,False,0
2016-02-29,2004-12-20,2817,False,,state_1_raw,1,939.44606,,0.86041937,,False,2.2018564e-05,2.2018564e-05,0.0012510057,56.815954,55.076013,False,0
2016-02-29,2004-12-20,2817,False,,state_1_shrunk,1,939.44606,0.93996674,0.86041937,,False,2.1569733e-05,2.1569733e-05,0.0012086971,56.036718,54.459201,False,0
2016-02-29,2004-12-20,2817,False,,regime_mixture,-1,,,0.86041937,0.00047712419,True,1.9775972e-05,1.9775972e-05,0.0010702064,54.116501,52.745825,False,0
2016-02-29,2004-12-20,2817,False,,consumed,-1,,,0.86041937,,True,1.9775972e-05,1.9775972e-05,0.0010702064,54.116501,52.745825,False,0
2016-03-31,2004-12-20,2839,False,,sample,-1,,,0.06936255,,False,1.191749e-05,1.191749e-05,0.00054739975,45.932471,42.595029,False,0
2016-03-31,2004-12-20,2839,False,,ewma,-1,,,0.06936255,,False,4.3526988e-06,4.3526988e-06,0.00028832839,66.241291,44.165462,False,0
2016-03-31,2004-12-20,2839,False,,ledoit_wolf,-1,,0.0065230626,0.06936255,,False,1.2824271e-05,1.2824271e-05,0.00054462616,42.468392,39.340028,False,0
2016-03-31,2004-12-20,2839,False,,state_0_raw,0,1933.4184,,0.06936255,,False,5.6569986e-06,5.6569986e-06,0.00021063193,37.233866,28.594055,False,0
2016-03-31,2004-12-20,2839,False,,state_0_shrunk,0,1933.4184,0.96990095,0.06936255,,False,5.9336205e-06,5.9336205e-06,0.00022035154,37.136103,28.974052,False,0
2016-03-31,2004-12-20,2839,False,,state_1_raw,1,941.64549,,0.06936255,,False,2.2005146e-05,2.2005146e-05,0.0012513947,56.868274,55.210868,False,0
2016-03-31,2004-12-20,2839,False,,state_1_shrunk,1,941.64549,0.94009857,0.06936255,,False,2.1553308e-05,2.1553308e-05,0.0012090238,56.094583,54.589889,False,0
2016-03-31,2004-12-20,2839,False,,regime_mixture,-1,,,0.06936255,0.00086611965,True,7.4263244e-06,7.4263244e-06,0.00028736266,38.69514,32.440173,False,0
2016-03-31,2004-12-20,2839,False,,consumed,-1,,,0.06936255,,True,7.4263244e-06,7.4263244e-06,0.00028736266,38.69514,32.440173,False,0
2016-04-29,2004-12-20,2860,False,,sample,-1,,,0.069191217,,False,1.1863358e-05,1.1863358e-05,0.00054451093,45.898548,42.581407,False,0
2016-04-29,2004-12-20,2860,False,,ewma,-1,,,0.069191217,,False,4.0544166e-06,4.0544166e-06,0.00021907852,54.034537,37.795768,False,0
2016-04-29,2004-12-20,2860,False,,ledoit_wolf,-1,,0.0065006577,0.069191217,,False,1.2763093e-05,1.2763093e-05,0.00054176307,42.447631,39.337074,False,0
2016-04-29,2004-12-20,2860,False,,state_0_raw,0,1952.9582,,0.069191217,,False,5.6344761e-06,5.6344761e-06,0.0002095971,37.19904,28.629384,False,0
2016-04-29,2004-12-20,2860,False,,state_0_shrunk,0,1952.9582,0.97019312,0.069191217,,False,5.9066278e-06,5.9066278e-06,0.00021919687,37.110324,29.005873,False,0
2016-04-29,2004-12-20,2860,False,,state_1_raw,1,943.30873,,0.069191217,,False,2.1986635e-05,2.1986635e-05,0.0012499454,56.850239,55.203998,False,0
2016-04-29,2004-12-20,2860,False,,state_1_shrunk,1,943.30873,0.94019787,0.069191217,,False,2.1532067e-05,2.1532067e-05,0.0012075624,56.082047,54.586362,False,0
2016-04-29,2004-12-20,2860,False,,regime_mixture,-1,,,0.069191217,0.00084280523,True,7.3958803e-06,7.3958803e-06,0.00028614654,38.689991,32.475618,False,0
2016-04-29,2004-12-20,2860,False,,consumed,-1,,,0.069191217,,True,7.3958803e-06,7.3958803e-06,0.00028614654,38.689991,32.475618,False,0
2016-05-31,2004-12-20,2881,False,,sample,-1,,,0.068121479,,False,1.1811836e-05,1.1811836e-05,0.00054206623,45.891784,42.54933,False,0
2016-05-31,2004-12-20,2881,False,,ewma,-1,,,0.068121479,,False,4.0576843e-06,4.0576843e-06,0.00021648941,53.352945,38.53237,False,0
2016-05-31,2004-12-20,2881,False,,ledoit_wolf,-1,,0.0064669195,0.068121479,,False,1.2702982e-05,1.2702982e-05,0.0005393454,42.458172,39.323528,False,0
2016-05-31,2004-12-20,2881,False,,state_0_raw,0,1973.5568,,0.068121479,,False,5.6138682e-06,5.6138682e-06,0.00020939955,37.300405,28.717509,False,0
2016-05-31,2004-12-20,2881,False,,state_0_shrunk,0,1973.5568,0.97049505,0.068121479,,False,5.8818136e-06,5.8818136e-06,0.00021885595,37.208922,29.082997,False,0
2016-05-31,2004-12-20,2881,False,,state_1_raw,1,943.24351,,0.068121479,,False,2.1987814e-05,2.1987814e-05,0.0012498026,56.840693,55.196501,False,0
2016-05-31,2004-12-20,2881,False,,state_1_shrunk,1,943.24351,0.94019398,0.068121479,,False,2.1529163e-05,2.1529163e-05,0.0012072816,56.076569,54.580843,False,0
2016-05-31,2004-12-20,2881,False,,regime_mixture,-1,,,0.068121479,0.00085690298,True,7.3528678e-06,7.3528678e-06,0.00028483848,38.73842,32.484308,False,0
2016-05-31,2004-12-20,2881,False,,consumed,-1,,,0.068121479,,True,7.3528678e-06,7.3528678e-06,0.00028483848,38.73842,32.484308,False,0
2016-06-30,2004-12-20,2903,False,,sample,-1,,,0.8043057,,False,1.1742518e-05,1.1742518e-05,0.00054180216,46.140202,42.818364,False,0
2016-06-30,2004-12-20,2903,False,,ewma,-1,,,0.8043057,,False,2.3763751e-06,2.3763751e-06,0.00067870734,285.60615,283.62589,False,0
2016-06-30,2004-12-20,2903,False,,ledoit_wolf,-1,,0.0064041583,0.8043057,,False,1.2625382e-05,1.2625382e-05,0.00053910902,42.700413,39.581658,False,0
2016-06-30,2004-12-20,2903,False,,state_0_raw,0,1979.823,,0.8043057,,False,5.5891562e-06,5.5891562e-06,0.00020864819,37.330892,28.73195,False,0
2016-06-30,2004-12-20,2903,False,,state_0_shrunk,0,1979.823,0.97058568,0.8043057,,False,5.8547252e-06,5.8547252e-06,0.00021808232,37.248942,29.107131,False,0
2016-06-30,2004-12-20,2903,False,,state_1_raw,1,960.75435,,0.8043057,,False,2.1766451e-05,2.1766451e-05,0.0012401668,56.976068,55.600742,False,0
2016-06-30,2004-12-20,2903,False,,state_1_shrunk,1,960.75435,0.94121994,0.8043057,,False,2.1316074e-05,2.1316074e-05,0.0011989279,56.245248,54.986098,False,0
2016-06-30,2004-12-20,2903,False,,regime_mixture,-1,,,0.8043057,0.00062389142,True,1.8730991e-05,1.8730991e-05,0.0010062344,53.720298,52.444225,False,0
2016-06-30,2004-12-20,2903,False,,consumed,-1,,,0.8043057,,True,1.8730991e-05,1.8730991e-05,0.0010062344,53.720298,52.444225,False,0
2016-07-29,2004-12-20,2923,False,,sample,-1,,,0.071113685,,False,1.1689217e-05,1.1689217e-05,0.00053886152,46.099027,42.767306,False,0
2016-07-29,2004-12-20,2923,False,,ewma,-1,,,0.071113685,,False,2.8714173e-06,2.8714173e-06,0.00026926429,93.774001,74.36685,False,0
2016-07-29,2004-12-20,2923,False,,ledoit_wolf,-1,,0.0063900795,0.071113685,,False,1.2565926e-05,1.2565926e-05,0.00053619036,42.670183,39.542093,False,0
2016-07-29,2004-12-20,2923,False,,state_0_raw,0,2003.3406,,0.071113685,,False,5.5603641e-06,5.5603641e-06,0.00020792874,37.394806,28.794175,False,0
2016-07-29,2004-12-20,2923,False,,state_0_shrunk,0,2003.3406,0.97092094,0.071113685,,False,5.8216649e-06,5.8216649e-06,0.00021720214,37.309283,29.159728,False,0
2016-07-29,2004-12-20,2923,False,,state_1_raw,1,954.93742,,0.071113685,,False,2.1832439e-05,2.1832439e-05,0.0012442926,56.992838,55.576638,False,0
2016-07-29,2004-12-20,2923,False,,state_1_shrunk,1,954.93742,0.94088305,0.071113685,,False,2.1373759e-05,2.1373759e-05,0.0012024013,56.255957,54.962227,False,0
2016-07-29,2004-12-20,2923,False,,regime_mixture,-1,,,0.071113685,0.00094897071,True,7.3394195e-06,7.3394195e-06,0.00028589289,38.953066,32.743841,False,0
2016-07-29,2004-12-20,2923,False,,consumed,-1,,,0.071113685,,True,7.3394195e-06,7.3394195e-06,0.00028589289,38.953066,32.743841,False,0
2016-08-31,2004-12-20,2946,False,,sample,-1,,,0.070952442,,False,1.1618478e-05,1.1618478e-05,0.00053511305,46.057069,42.723857,False,0
2016-08-31,2004-12-20,2946,False,,ewma,-1,,,0.070952442,,False,1.6049202e-06,1.6049202e-06,0.00010175841,63.404034,44.545905,False,0
2016-08-31,2004-12-20,2946,False,,ledoit_wolf,-1,,0.0063833554,0.070952442,,False,1.2488472e-05,1.2488472e-05,0.00053246483,42.636508,39.506235,False,0
2016-08-31,2004-12-20,2946,False,,state_0_raw,0,2025.0161,,0.070952442,,False,5.5156652e-06,5.5156652e-06,0.00020593524,37.336427,28.734313,False,0
2016-08-31,2004-12-20,2946,False,,state_0_shrunk,0,2025.0161,0.97122324,0.070952442,,False,5.7732453e-06,5.7732453e-06,0.00021506879,37.252668,29.097316,False,0
2016-08-31,2004-12-20,2946,False,,state_1_raw,1,956.75765,,0.070952442,,False,2.1814176e-05,2.1814176e-05,0.001243068,56.984414,55.57804,False,0
2016-08-31,2004-12-20,2946,False,,state_1_shrunk,1,956.75765,0.94098889,0.070952442,,False,2.1353265e-05,2.1353265e-05,0.0012011047,56.249229,54.96656,False,0
2016-08-31,2004-12-20,2946,False,,regime_mixture,-1,,,0.070952442,0.00095496155,True,7.2907658e-06,7.2907658e-06,0.00028368971,38.910824,32.702836,False,0
2016-08-31,2004-12-20,2946,False,,consumed,-1,,,0.070952442,,True,7.2907658e-06,7.2907658e-06,0.00028368971,38.910824,32.702836,False,0
2016-09-30,2004-12-20,2967,False,,sample,-1,,,0.069899627,,False,1.154937e-05,1.154937e-05,0.00053334642,46.1797,42.800931,False,0
2016-09-30,2004-12-20,2967,False,,ewma,-1,,,0.069899627,,False,1.5559159e-06,1.5559159e-06,0.00021886328,140.66524,119.88643,False,0
2016-09-30,2004-12-20,2967,False,,ledoit_wolf,-1,,0.0063394376,0.069899627,,False,1.2410337e-05,1.2410337e-05,0.00053072474,42.764732,39.592425,False,0
2016-09-30,2004-12-20,2967,False,,state_0_raw,0,2046.1598,,0.069899627,,False,5.4902235e-06,5.4902235e-06,0.00020687886,37.681318,29.034345,False,0
2016-09-30,2004-12-20,2967,False,,state_0_shrunk,0,2046.1598,0.97151213,0.069899627,,False,5.7420151e-06,5.7420151e-06,0.00021584854,37.591079,29.383203,False,0
2016-09-30,2004-12-20,2967,False,,state_1_raw,1,956.31373,,0.069899627,,False,2.1819985e-05,2.1819985e-05,0.0012432131,56.975889,55.56976,False,0
2016-09-30,2004-12-20,2967,False,,state_1_shrunk,1,956.31373,0.94096311,0.069899627,,False,2.1354769e-05,2.1354769e-05,0.0012011193,56.245952,54.964265,False,0
2016-09-30,2004-12-20,2967,False,,regime_mixture,-1,,,0.069899627,0.00094354796,True,7.2339948e-06,7.2339948e-06,0.00028338624,39.174239,32.898091,False,0
2016-09-30,2004-12-20,2967,False,,consumed,-1,,,0.069899627,,True,7.2339948e-06,7.2339948e-06,0.00028338624,39.174239,32.898091,False,0
2016-10-31,2004-12-20,2988,False,,sample,-1,,,0.070401519,,False,1.1485699e-05,1.1485699e-05,0.00053025966,46.166946,42.751172,False,0
2016-10-31,2004-12-20,2988,False,,ewma,-1,,,0.070401519,,False,1.8485204e-06,1.8485204e-06,0.00012289879,66.484955,40.769765,False,0
2016-10-31,2004-12-20,2988,False,,ledoit_wolf,-1,,0.0063268275,0.070401519,,False,1.2340489e-05,1.2340489e-05,0.00052765973,42.758413,39.552622,False,0
2016-10-31,2004-12-20,2988,False,,state_0_raw,0,2066.3474,,0.070401519,,False,5.452856e-06,5.452856e-06,0.0002057317,37.729165,29.022668,False,0
2016-10-31,2004-12-20,2988,False,,state_0_shrunk,0,2066.3474,0.9717826,0.070401519,,False,5.7012407e-06,5.7012407e-06,0.00021455798,37.63356,29.365589,False,0
2016-10-31,2004-12-20,2988,False,,state_1_raw,1,956.90856,,0.070401519,,False,2.1814115e-05,2.1814115e-05,0.0012426766,56.966627,55.56548,False,0
2016-10-31,2004-12-20,2988,False,,state_1_shrunk,1,956.90856,0.94099765,0.070401519,,False,2.1344582e-05,2.1344582e-05,0.0012004578,56.241801,54.961464,False,0
2016-10-31,2004-12-20,2988,False,,regime_mixture,-1,,,0.070401519,0.00093066256,True,7.2058889e-06,7.2058889e-06,0.00028260214,39.218221,32.913459,False,0
2016-10-31,2004-12-20,2988,False,,consumed,-1,,,0.070401519,,True,7.2058889e-06,7.2058889e-06,0.00028260214,39.218221,32.913459,False,0
2016-11-30,2004-12-20,3009,False,,sample,-1,,,0.073559825,,False,1.1456537e-05,1.1456537e-05,0.00052791496,46.079802,42.608559,False,0
2016-11-30,2004-12-20,3009,False,,ewma,-1,,,0.073559825,,False,3.5994519e-06,3.5994519e-06,0.00015720535,43.674803,23.071423,False,0
2016-11-30,2004-12-20,3009,False,,ledoit_wolf,-1,,0.0063053395,0.073559825,,False,1.230581e-05,1.230581e-05,0.00052533723,42.69018,39.432796,False,0
2016-11-30,2004-12-20,3009,False,,state_0_raw,0,2081.334,,0.073559825,,False,5.4694652e-06,5.4694652e-06,0.00020472599,37.430716,28.696278,False,0
2016-11-30,2004-12-20,3009,False,,state_0_shrunk,0,2081.334,0.97198008,0.073559825,,False,5.714967e-06,5.714967e-06,0.00021345572,37.350299,29.046245,False,0
2016-11-30,2004-12-20,3009,False,,state_1_raw,1,965.67095,,0.073559825,,False,2.1705723e-05,2.1705723e-05,0.0012364818,56.965703,55.633869,False,0
2016-11-30,2004-12-20,3009,False,,state_1_shrunk,1,965.67095,0.94150171,0.073559825,,False,2.1241045e-05,2.1241045e-05,0.0011948506,56.251971,55.02626,False,0
2016-11-30,2004-12-20,3009,False,,regime_mixture,-1,,,0.073559825,0.00097690874,True,7.2717212e-06,7.2717212e-06,0.00028426285,39.09155,32.792258,False,0
2016-11-30,2004-12-20,3009,False,,consumed,-1,,,0.073559825,,True,7.2717212e-06,7.2717212e-06,0.00028426285,39.09155,32.792258,False,0
2016-12-30,2004-12-20,3030,False,,sample,-1,,,0.073572462,,False,1.1414599e-05,1.1414599e-05,0.0005250383,45.997088,42.498032,False,0
2016-12-30,2004-12-20,3030,False,,ewma,-1,,,0.073572462,,False,3.8512692e-06,3.8512692e-06,0.00011607538,30.139514,19.897134,False,0
2016-12-30,2004-12-20,3030,False,,ledoit_wolf,-1,,0.0062909985,0.073572462,,False,1.2257617e-05,1.2257617e-05,0.00052248166,42.625059,39.341653,False,0
2016-12-30,2004-12-20,3030,False,,state_0_raw,0,2100.9091,,0.073572462,,False,5.4595518e-06,5.4595518e-06,0.00020358228,37.289193,28.545981,False,0
2016-12-30,2004-12-20,3030,False,,state_0_shrunk,0,2100.9091,0.97223391,0.073572462,,False,5.7017334e-06,5.7017334e-06,0.00021218921,37.21486,28.895544,False,0
2016-12-30,2004-12-20,3030,False,,state_1_raw,1,968.19095,,0.073572462,,False,2.1681383e-05,2.1681383e-05,0.001234799,56.952038,55.631776,False,0
2016-12-30,2004-12-20,3030,False,,state_1_shrunk,1,968.19095,0.94164508,0.073572462,,False,2.1216149e-05,2.1216149e-05,0.0011932016,56.240252,55.023703,False,0
2016-12-30,2004-12-20,3030,False,,regime_mixture,-1,,,0.073572462,0.00098038736,True,7.2586637e-06,7.2586637e-06,0.00028299379,38.987037,32.670124,False,0
2016-12-30,2004-12-20,3030,False,,consumed,-1,,,0.073572462,,True,7.2586637e-06,7.2586637e-06,0.00028299379,38.987037,32.670124,False,0
2017-01-31,2004-12-20,3050,False,,sample,-1,,,0.073573345,,False,1.1356568e-05,1.1356568e-05,0.0005221847,45.980853,42.452534,False,0
2017-01-31,2004-12-20,3050,False,,ewma,-1,,,0.073573345,,False,2.1440111e-06,2.1440111e-06,0.00011554247,53.890798,31.419441,False,0
2017-01-31,2004-12-20,3050,False,,ledoit_wolf,-1,,0.0062811868,0.073573345,,False,1.2194226e-05,1.2194226e-05,0.00051964732,42.614211,39.303445,False,0
2017-01-31,2004-12-20,3050,False,,state_0_raw,0,2119.8237,,0.073573345,,False,5.4265417e-06,5.4265417e-06,0.00020224,37.268671,28.491286,False,0
2017-01-31,2004-12-20,3050,False,,state_0_shrunk,0,2119.8237,0.97247484,0.073573345,,False,5.6656459e-06,5.6656459e-06,0.00021073823,37.1958,28.838392,False,0
2017-01-31,2004-12-20,3050,False,,state_1_raw,1,970.31287,,0.073573345,,False,2.1659939e-05,2.1659939e-05,0.0012334859,56.947803,55.634484,False,0
2017-01-31,2004-12-20,3050,False,,state_1_shrunk,1,970.31287,0.94176526,0.073573345,,False,2.1193479e-05,2.1193479e-05,0.0011918862,56.238345,55.028421,False,0
2017-01-31,2004-12-20,3050,False,,regime_mixture,-1,,,0.073573345,0.00097566693,True,7.223511e-06,7.223511e-06,0.0002815878,38.982124,32.634123,False,0
2017-01-31,2004-12-20,3050,False,,consumed,-1,,,0.073573345,,True,7.223511e-06,7.223511e-06,0.0002815878,38.982124,32.634123,False,0
2017-02-28,2004-12-20,3069,False,,sample,-1,,,0.073797172,,False,1.1303864e-05,1.1303864e-05,0.00051931606,45.941463,42.403239,False,0
2017-02-28,2004-12-20,3069,False,,ewma,-1,,,0.073797172,,False,1.8644261e-06,1.8644261e-06,9.0386709e-05,48.479641,22.816176,False,0
2017-02-28,2004-12-20,3069,False,,ledoit_wolf,-1,,0.0062763768,0.073797172,,False,1.2136514e-05,1.2136514e-05,0.00051679575,42.581893,39.261349,False,0
2017-02-28,2004-12-20,3069,False,,state_0_raw,0,2137.7067,,0.073797172,,False,5.3984146e-06,5.3984146e-06,0.00020068686,37.175149,28.39646,False,0
2017-02-28,2004-12-20,3069,False,,state_0_shrunk,0,2137.7067,0.97269881,0.073797172,,False,5.6347554e-06,5.6347554e-06,0.00020908594,37.10648,28.743562,False,0
2017-02-28,2004-12-20,3069,False,,state_1_raw,1,972.58324,,0.073797172,,False,2.1636443e-05,2.1636443e-05,0.0012321228,56.946641,55.640624,False,0
2017-02-28,2004-12-20,3069,False,,state_1_shrunk,1,972.58324,0.9418933,0.073797172,,False,2.1168782e-05,2.1168782e-05,0.0011905285,56.239822,55.036506,False,0
2017-02-28,2004-12-20,3069,False,,regime_mixture,-1,,,0.073797172,0.00098077867,True,7.1977345e-06,7.1977345e-06,0.00028020145,38.929117,32.582907,False,0
2017-02-28,2004-12-20,3069,False,,consumed,-1,,,0.073797172,,True,7.1977345e-06,7.1977345e-06,0.00028020145,38.929117,32.582907,False,0
2017-03-31,2004-12-20,3092,False,,sample,-1,,,0.074127176,,False,1.123561e-05,1.123561e-05,0.000516354,45.956919,42.376012,False,0
2017-03-31,2004-12-20,3092,False,,ewma,-1,,,0.074127176,,False,1.5940931e-06,1.5940931e-06,0.00010544977,66.150321,34.83789,False,0
2017-03-31,2004-12-20,3092,False,,ledoit_wolf,-1,,0.0062586965,0.074127176,,False,1.2061389e-05,1.2061389e-05,0.00051385606,42.60339,39.243813,False,0
2017-03-31,2004-12-20,3092,False,,state_0_raw,0,2158.6075,,0.074127176,,False,5.3623284e-06,5.3623284e-06,0.00019961067,37.224626,28.396204,False,0
2017-03-31,2004-12-20,3092,False,,state_0_shrunk,0,2158.6075,0.97295601,0.074127176,,False,5.5949332e-06,5.5949332e-06,0.00020788151,37.155315,28.739273,False,0
2017-03-31,2004-12-20,3092,False,,state_1_raw,1,976.32553,,0.074127176,,False,2.1601256e-05,2.1601256e-05,0.0012295568,56.920618,55.634838,False,0
2017-03-31,2004-12-20,3092,False,,state_1_shrunk,1,976.32553,0.94210313,0.074127176,,False,2.1132232e-05,2.1132232e-05,0.0011880911,56.22175,55.034391,False,0
2017-03-31,2004-12-20,3092,False,,regime_mixture,-1,,,0.074127176,0.00097208581,True,7.1616358e-06,7.1616358e-06,0.00027922657,38.989217,32.605061,False,0
2017-03-31,2004-12-20,3092,False,,consumed,-1,,,0.074127176,,True,7.1616358e-06,7.1616358e-06,0.00027922657,38.989217,32.605061,False,0
2017-04-28,2004-12-20,3111,False,,sample,-1,,,0.073317427,,False,1.1181889e-05,1.1181889e-05,0.0005138012,45.94941,42.351547,False,0
2017-04-28,2004-12-20,3111,False,,ewma,-1,,,0.073317427,,False,1.3797874e-06,1.3797874e-06,0.00011582707,83.945587,55.093679,False,0
2017-04-28,2004-12-20,3111,False,,ledoit_wolf,-1,,0.0062473298,0.073317427,,False,1.2002291e-05,1.2002291e-05,0.00051132102,42.601951,39.225936,False,0
2017-04-28,2004-12-20,3111,False,,state_0_raw,0,2177.1938,,0.073317427,,False,5.3319565e-06,5.3319565e-06,0.00019851558,37.231282,28.386924,False,0
2017-04-28,2004-12-20,3111,False,,state_0_shrunk,0,2177.1938,0.97318069,0.073317427,,False,5.5615776e-06,5.5615776e-06,0.0002066872,37.163411,28.726988,False,0
2017-04-28,2004-12-20,3111,False,,state_1_raw,1,976.81475,,0.073317427,,False,2.1598667e-05,2.1598667e-05,0.0012293458,56.917672,55.63327,False,0
2017-04-28,2004-12-20,3111,False,,state_1_shrunk,1,976.81475,0.94213045,0.073317427,,False,2.1126763e-05,2.1126763e-05,0.0011877657,56.220904,55.035295,False,0
2017-04-28,2004-12-20,3111,False,,regime_mixture,-1,,,0.073317427,0.00096982892,True,7.1142542e-06,7.1142542e-06,0.0002773481,38.984845,32.570607,False,0
2017-04-28,2004-12-20,3111,False,,consumed,-1,,,0.073317427,,True,7.1142542e-06,7.1142542e-06,0.0002773481,38.984845,32.570607,False,0
2017-05-31,2004-12-20,3133,False,,sample,-1,,,0.072641678,,False,1.1125583e-05,1.1125583e-05,0.00051099627,45.929843,42.334033,False,0
2017-05-31,2004-12-20,3133,False,,ewma,-1,,,0.072641678,,False,1.6129795e-06,1.6129795e-06,0.00012668606,78.541644,57.985489,False,0
2017-05-31,2004-12-20,3133,False,,ledoit_wolf,-1,,0.0062324242,0.072641678,,False,1.1939749e-05,1.1939749e-05,0.00050853648,42.59189,39.216877,False,0
2017-05-31,2004-12-20,3133,False,,state_0_raw,0,2199.0378,,0.072641678,,False,5.2971136e-06,5.2971136e-06,0.00019751017,37.286376,28.435534,False,0
2017-05-31,2004-12-20,3133,False,,state_0_shrunk,0,2199.0378,0.97344002,0.072641678,,False,5.523785e-06,5.523785e-06,0.00020556533,37.214578,28.768534,False,0
2017-05-31,2004-12-20,3133,False,,state_1_raw,1,977.19233,,0.072641678,,False,2.1593135e-05,2.1593135e-05,0.0012292155,56.926216,55.639112,False,0
2017-05-31,2004-12-20,3133,False,,state_1_shrunk,1,977.19233,0.94215152,0.072641678,,False,2.1117839e-05,2.1117839e-05,0.0011874976,56.231965,55.043493,False,0
2017-05-31,2004-12-20,3133,False,,regime_mixture,-1,,,0.072641678,0.00096654172,True,7.0685388e-06,7.0685388e-06,0.00027567772,39.000666,32.580459,False,0
2017-05-31,2004-12-20,3133,False,,consumed,-1,,,0.072641678,,True,7.0685388e-06,7.0685388e-06,0.00027567772,39.000666,32.580459,False,0
2017-06-30,2004-12-20,3155,False,,sample,-1,,,0.072364667,,False,1.1107591e-05,1.1107591e-05,0.00050832298,45.763565,42.154671,False,0
2017-06-30,2004-12-20,3155,False,,ewma,-1,,,0.072364667,,False,2.3662076e-06,2.3662076e-06,0.00014712565,62.177827,34.84189,False,0
2017-06-30,2004-12-20,3155,False,,ledoit_wolf,-1,,0.0062164394,0.072364667,,False,1.1915541e-05,1.1915541e-05,0.0005058834,42.455765,39.069379,False,0
2017-06-30,2004-12-20,3155,False,,state_0_raw,0,2220.3122,,0.072364667,,False,5.3007114e-06,5.3007114e-06,0.00019670854,37.109838,28.250016,False,0
2017-06-30,2004-12-20,3155,False,,state_0_shrunk,0,2220.3122,0.97368781,0.072364667,,False,5.5252351e-06,5.5252351e-06,0.00020464141,37.037593,28.579966,False,0
2017-06-30,2004-12-20,3155,False,,state_1_raw,1,978.66287,,0.072364667,,False,2.1578674e-05,2.1578674e-05,0.0012283511,56.924307,55.64309,False,0
2017-06-30,2004-12-20,3155,False,,state_1_shrunk,1,978.66287,0.94223342,0.072364667,,False,2.1101232e-05,2.1101232e-05,0.0011865885,56.233141,55.042286,False,0
2017-06-30,2004-12-20,3155,False,,regime_mixture,-1,,,0.072364667,0.00096472727,True,7.0717787e-06,7.0717787e-06,0.00027448259,38.813798,32.391955,False,0
2017-06-30,2004-12-20,3155,False,,consumed,-1,,,0.072364667,,True,7.0717787e-06,7.0717787e-06,0.00027448259,38.813798,32.391955,False,0
2017-07-31,2004-12-20,3175,False,,sample,-1,,,0.071676665,,False,1.1053519e-05,1.1053519e-05,0.00050549152,45.731274,42.104459,False,0
2017-07-31,2004-12-20,3175,False,,ewma,-1,,,0.071676665,,False,1.8682172e-06,1.8682172e-06,7.7968827e-05,41.734347,23.24526,False,0
2017-07-31,2004-12-20,3175,False,,ledoit_wolf,-1,,0.0062116424,0.071676665,,False,1.1856706e-05,1.1856706e-05,0.00050306867,42.429041,39.026953,False,0
2017-07-31,2004-12-20,3175,False,,state_0_raw,0,2240.2383,,0.071676665,,False,5.2703858e-06,5.2703858e-06,0.00019536861,37.069128,28.195724,False,0
2017-07-31,2004-12-20,3175,False,,state_0_shrunk,0,2240.2383,0.97391575,0.071676665,,False,5.4920973e-06,5.4920973e-06,0.00020319562,36.997818,28.523672,False,0
2017-07-31,2004-12-20,3175,False,,state_1_raw,1,978.87292,,0.071676665,,False,2.1575219e-05,2.1575219e-05,0.0012283993,56.935657,55.651133,False,0
2017-07-31,2004-12-20,3175,False,,state_1_shrunk,1,978.87292,0.9422451,0.071676665,,False,2.1094106e-05,2.1094106e-05,0.0011864799,56.246986,55.050812,False,0
2017-07-31,2004-12-20,3175,False,,regime_mixture,-1,,,0.071676665,0.00096854302,True,7.0280378e-06,7.0280378e-06,0.00027246705,38.768581,32.326879,False,0
2017-07-31,2004-12-20,3175,False,,consumed,-1,,,0.071676665,,True,7.0280378e-06,7.0280378e-06,0.00027246705,38.768581,32.326879,False,0
2017-08-31,2004-12-20,3198,False,,sample,-1,,,0.071351706,,False,1.099847e-05,1.099847e-05,0.00050298756,45.732504,42.089813,False,0
2017-08-31,2004-12-20,3198,False,,ewma,-1,,,0.071351706,,False,1.9507567e-06,1.9507567e-06,0.00013819062,70.839497,51.258755,False,0
2017-08-31,2004-12-20,3198,False,,ledoit_wolf,-1,,0.0061869552,0.071351706,,False,1.1794516e-05,1.1794516e-05,0.0005005868,42.442335,39.024568,False,0
2017-08-31,2004-12-20,3198,False,,state_0_raw,0,2262.2448,,0.071351706,,False,5.2379146e-06,5.2379146e-06,0.00019476715,37.184102,28.277375,False,0
2017-08-31,2004-12-20,3198,False,,state_0_shrunk,0,2262.2448,0.97416293,0.071351706,,False,5.4566732e-06,5.4566732e-06,0.00020248049,37.106949,28.596515,False,0
2017-08-31,2004-12-20,3198,False,,state_1_raw,1,980.69189,,0.071351706,,False,2.1559333e-05,2.1559333e-05,0.0012272423,56.923944,55.649274,False,0
2017-08-31,2004-12-20,3198,False,,state_1_shrunk,1,980.69189,0.94234605,0.071351706,,False,2.1075027e-05,2.1075027e-05,0.0011853201,56.242877,55.051969,False,0
2017-08-31,2004-12-20,3198,False,,regime_mixture,-1,,,0.071351706,0.00095131675,True,6.9894273e-06,6.9894273e-06,0.00027144409,38.836384,32.369208,False,0
2017-08-31,2004-12-20,3198,False,,consumed,-1,,,0.071351706,,True,6.9894273e-06,6.9894273e-06,0.00027144409,38.836384,32.369208,False,0
2017-09-29,2004-12-20,3218,False,,sample,-1,,,0.071313362,,False,1.0954093e-05,1.0954093e-05,0.00050025162,45.668007,42.033935,False,0
2017-09-29,2004-12-20,3218,False,,ewma,-1,,,0.071313362,,False,1.5432057e-06,1.5432057e-06,0.00010189716,66.029535,31.817513,False,0
2017-09-29,2004-12-20,3218,False,,ledoit_wolf,-1,,0.006181165,0.071313362,,False,1.1745475e-05,1.1745475e-05,0.00049786746,42.388022,38.977474,False,0
2017-09-29,2004-12-20,3218,False,,state_0_raw,0,2281.0788,,0.071313362,,False,5.2137663e-06,5.2137663e-06,0.00019331375,37.077563,28.190655,False,0
2017-09-29,2004-12-20,3218,False,,state_0_shrunk,0,2281.0788,0.97437079,0.071313362,,False,5.4302599e-06,5.4302599e-06,0.00020093951,37.003662,28.509035,False,0
2017-09-29,2004-12-20,3218,False,,state_1_raw,1,982.86607,,0.071313362,,False,2.1538384e-05,2.1538384e-05,0.0012259122,56.917555,55.653805,False,0
2017-09-29,2004-12-20,3218,False,,state_1_shrunk,1,982.86607,0.94246625,0.071313362,,False,2.1052812e-05,2.1052812e-05,0.0011839983,56.239436,55.057886,False,0
2017-09-29,2004-12-20,3218,False,,regime_mixture,-1,,,0.071313362,0.00096897242,True,6.9647855e-06,6.9647855e-06,0.00026992036,38.755014,32.306881,False,0
2017-09-29,2004-12-20,3218,False,,consumed,-1,,,0.071313362,,True,6.9647855e-06,6.9647855e-06,0.00026992036,38.755014,32.306881,False,0
2017-10-31,2004-12-20,3240,False,,sample,-1,,,0.071475734,,False,1.0902906e-05,1.0902906e-05,0.00049722058,45.604408,41.961086,False,0
2017-10-31,2004-12-20,3240,False,,ewma,-1,,,0.071475734,,False,1.5498946e-06,1.5498946e-06,8.0590666e-05,51.997513,22.812333,False,0
2017-10-31,2004-12-20,3240,False,,ledoit_wolf,-1,,0.006176799,0.071475734,,False,1.1689173e-05,1.1689173e-05,0.00049485379,42.334373,38.916074,False,0
2017-10-31,2004-12-20,3240,False,,state_0_raw,0,2302.4572,,0.071475734,,False,5.1893009e-06,5.1893009e-06,0.00019179501,36.959701,28.087863,False,0
2017-10-31,2004-12-20,3240,False,,state_0_shrunk,0,2302.4572,0.97460271,0.071475734,,False,5.4030074e-06,5.4030074e-06,0.00019931844,36.890278,28.405958,False,0
2017-10-31,2004-12-20,3240,False,,state_1_raw,1,984.40635,,0.071475734,,False,2.1522334e-05,2.1522334e-05,0.0012250761,56.921156,55.66203,False,0
2017-10-31,2004-12-20,3240,False,,state_1_shrunk,1,984.40635,0.9425511,0.071475734,,False,2.1033228e-05,2.1033228e-05,0.0011830994,56.249062,55.066234,False,0
2017-10-31,2004-12-20,3240,False,,regime_mixture,-1,,,0.071475734,0.00097537272,True,6.9427446e-06,6.9427446e-06,0.00026853226,38.678112,32.245939,False,0
2017-10-31,2004-12-20,3240,False,,consumed,-1,,,0.071475734,,True,6.9427446e-06,6.9427446e-06,0.00026853226,38.678112,32.245939,False,0
2017-11-30,2004-12-20,3261,False,,sample,-1,,,0.071919031,,False,1.0858516e-05,1.0858516e-05,0.00049445777,45.536403,41.879866,False,0
2017-11-30,2004-12-20,3261,False,,ewma,-1,,,0.071919031,,False,1.9536754e-06,1.9536754e-06,7.7136026e-05,39.482519,17.694494,False,0
2017-11-30,2004-12-20,3261,False,,ledoit_wolf,-1,,0.0061701436,0.071919031,,False,1.1639842e-05,1.1639842e-05,0.00049210784,42.277879,38.847685,False,0
2017-11-30,2004-12-20,3261,False,,state_0_raw,0,2321.4549,,0.071919031,,False,5.1764192e-06,5.1764192e-06,0.00019040507,36.783163,27.936935,False,0
2017-11-30,2004-12-20,3261,False,,state_0_shrunk,0,2321.4549,0.97480532,0.071919031,,False,5.3872979e-06,5.3872979e-06,0.00019783724,36.722907,28.257846,False,0
2017-11-30,2004-12-20,3261,False,,state_1_raw,1,988.09648,,0.071919031,,False,2.1489372e-05,2.1489372e-05,0.0012226113,56.893765,55.660898,False,0
2017-11-30,2004-12-20,3261,False,,state_1_shrunk,1,988.09648,0.94275336,0.071919031,,False,2.0998107e-05,2.0998107e-05,0.0011807665,56.232048,55.065963,False,0
2017-11-30,2004-12-20,3261,False,,regime_mixture,-1,,,0.071919031,0.00097948051,True,6.9326733e-06,6.9326733e-06,0.0002674376,38.576404,32.161848,False,0
2017-11-30,2004-12-20,3261,False,,consumed,-1,,,0.071919031,,True,6.9326733e-06,6.9326733e-06,0.0002674376,38.576404,32.161848,False,0
2017-12-29,2004-12-20,3281,False,,sample,-1,,,0.072443459,,False,1.0811923e-05,1.0811923e-05,0.00049186626,45.49295,41.815333,False,0
2017-12-29,2004-12-20,3281,False,,ewma,-1,,,0.072443459,,False,1.8780879e-06,1.8780879e-06,7.2503243e-05,38.604818,23.233674,False,0
2017-12-29,2004-12-20,3281,False,,ledoit_wolf,-1,,0.0061625216,0.072443459,,False,1.1588304e-05,1.1588304e-05,0.00048953242,42.243662,38.794151,False,0
2017-12-29,2004-12-20,3281,False,,state_0_raw,0,2338.7495,,0.072443459,,False,5.1511053e-06,5.1511053e-06,0.00018907243,36.705216,27.836542,False,0
2017-12-29,2004-12-20,3281,False,,state_0_shrunk,0,2338.7495,0.97498697,0.072443459,,False,5.3599644e-06,5.3599644e-06,0.00019642089,36.645932,28.156712,False,0
2017-12-29,2004-12-20,3281,False,,state_1_raw,1,992.84821,,0.072443459,,False,2.144702e-05,2.144702e-05,0.0012193929,56.856051,55.658015,False,0
2017-12-29,2004-12-20,3281,False,,state_1_shrunk,1,992.84821,0.94301173,0.072443459,,False,2.0954664e-05,2.0954664e-05,0.0011777737,56.205803,55.064866,False,0
2017-12-29,2004-12-20,3281,False,,regime_mixture,-1,,,0.072443459,0.00096843969,True,6.9147451e-06,6.9147451e-06,0.00026642164,38.529495,32.108119,False,0
2017-12-29,2004-12-20,3281,False,,consumed,-1,,,0.072443459,,True,6.9147451e-06,6.9147451e-06,0.00026642164,38.529495,32.108119,False,0
2018-01-31,2004-12-20,3302,False,,sample,-1,,,0.07303769,,False,1.0766012e-05,1.0766012e-05,0.00048950037,45.467195,41.772218,False,0
2018-01-31,2004-12-20,3302,False,,ewma,-1,,,0.07303769,,False,3.1173454e-06,3.1173454e-06,0.00010596528,33.992151,25.565738,False,0
2018-01-31,2004-12-20,3302,False,,ledoit_wolf,-1,,0.0061471371,0.07303769,,False,1.1536855e-05,1.1536855e-05,0.00048718428,42.228519,38.762312,False,0
2018-01-31,2004-12-20,3302,False,,state_0_raw,0,2356.5185,,0.07303769,,False,5.1389613e-06,5.1389613e-06,0.00018817416,36.617159,27.758148,False,0
2018-01-31,2004-12-20,3302,False,,state_0_shrunk,0,2356.5185,0.97517089,0.07303769,,False,5.3448519e-06,5.3448519e-06,0.00019543274,36.564669,28.07901,False,0
2018-01-31,2004-12-20,3302,False,,state_1_raw,1,998.20126,,0.07303769,,False,2.1399106e-05,2.1399106e-05,0.0012155465,56.803609,55.648889,False,0
2018-01-31,2004-12-20,3302,False,,state_1_shrunk,1,998.20126,0.94330001,0.07303769,,False,2.0905745e-05,2.0905745e-05,0.0011742227,56.167465,55.058923,False,0
2018-01-31,2004-12-20,3302,False,,regime_mixture,-1,,,0.07303769,0.00097975643,True,6.9041883e-06,6.9041883e-06,0.00026582199,38.501556,32.083828,False,0
2018-01-31,2004-12-20,3302,False,,consumed,-1,,,0.07303769,,True,6.9041883e-06,6.9041883e-06,0.00026582199,38.501556,32.083828,False,0
2018-02-28,2004-12-20,3321,False,,sample,-1,,,0.82332982,,False,1.0749636e-05,1.0749636e-05,0.00049147345,45.720007,42.073967,False,0
2018-02-28,2004-12-20,3321,False,,ewma,-1,,,0.82332982,,False,3.5044294e-06,3.5044294e-06,0.00051358111,146.55199,153.14879,False,0
2018-02-28,2004-12-20,3321,False,,ledoit_wolf,-1,,0.006049991,0.82332982,,False,1.1510296e-05,1.1510296e-05,0.00048918186,42.499501,39.073031,False,0
2018-02-28,2004-12-20,3321,False,,state_0_raw,0,2352.2244,,0.82332982,,False,5.143145e-06,5.143145e-06,0.00018718007,36.394088,27.563554,False,0
2018-02-28,2004-12-20,3321,False,,state_0_shrunk,0,2352.2244,0.97512669,0.82332982,,False,5.3499707e-06,5.3499707e-06,0.00019452535,36.360077,27.903432,False,0
2018-02-28,2004-12-20,3321,False,,state_1_raw,1,1023.1039,,0.82332982,,False,2.1113917e-05,2.1113917e-05,0.0012052245,57.081996,56.263935,False,0
2018-02-28,2004-12-20,3321,False,,state_1_shrunk,1,1023.1039,0.94460365,0.82332982,,False,2.0636706e-05,2.0636706e-05,0.001165534,56.478686,55.669619,False,0
2018-02-28,2004-12-20,3321,False,,regime_mixture,-1,,,0.82332982,0.00060264036,True,1.8253267e-05,1.8253267e-05,0.00099347655,54.427328,53.328912,False,0
2018-02-28,2004-12-20,3321,False,,consumed,-1,,,0.82332982,,True,1.8253267e-05,1.8253267e-05,0.00099347655,54.427328,53.328912,False,0
2018-03-29,2004-12-20,3342,False,,sample,-1,,,0.81344387,,False,1.0729333e-05,1.0729333e-05,0.0004916383,45.82189,42.185327,False,0
2018-03-29,2004-12-20,3342,False,,ewma,-1,,,0.81344387,,False,4.4854836e-06,4.4854836e-06,0.00062654194,139.68214,106.02695,False,0
2018-03-29,2004-12-20,3342,False,,ledoit_wolf,-1,,0.0059779546,0.81344387,,False,1.1480628e-05,1.1480628e-05,0.0004893717,42.625865,39.20436,False,0
2018-03-29,2004-12-20,3342,False,,state_0_raw,0,2356.9506,,0.81344387,,False,5.1341533e-06,5.1341533e-06,0.00018596949,36.222037,27.420178,False,0
2018-03-29,2004-12-20,3342,False,,state_0_shrunk,0,2356.9506,0.97517533,0.81344387,,False,5.340265e-06,5.340265e-06,0.00019334339,36.20483,27.771976,False,0
2018-03-29,2004-12-20,3342,False,,state_1_raw,1,1040.0639,,0.81344387,,False,2.0907262e-05,2.0907262e-05,0.0011978975,57.295763,56.435008,False,0
2018-03-29,2004-12-20,3342,False,,state_1_shrunk,1,1040.0639,0.94545772,0.81344387,,False,2.0453497e-05,2.0453497e-05,0.0011592302,56.676381,55.846104,False,0
2018-03-29,2004-12-20,3342,False,,regime_mixture,-1,,,0.81344387,0.00062337556,True,1.7976285e-05,1.7976285e-05,0.00097852745,54.434354,53.326861,False,0
2018-03-29,2004-12-20,3342,False,,consumed,-1,,,0.81344387,,True,1.7976285e-05,1.7976285e-05,0.00097852745,54.434354,53.326861,False,0
2018-04-30,2004-12-20,3363,False,,sample,-1,,,0.097155733,,False,1.0675275e-05,1.0675275e-05,0.00049101635,45.995662,42.336144,False,0
2018-04-30,2004-12-20,3363,False,,ewma,-1,,,0.097155733,,False,2.8364737e-06,2.8364737e-06,0.0004156587,146.54065,122.366,False,0
2018-04-30,2004-12-20,3363,False,,ledoit_wolf,-1,,0.0059227932,0.097155733,,False,1.141841e-05,1.141841e-05,0.00048877254,42.805656,39.361639,False,0
2018-04-30,2004-12-20,3363,False,,state_0_raw,0,2355.9517,,0.097155733,,False,5.1208805e-06,5.1208805e-06,0.00018446659,36.022435,27.228779,False,0
2018-04-30,2004-12-20,3363,False,,state_0_shrunk,0,2355.9517,0.97516507,0.097155733,,False,5.3263856e-06,5.3263856e-06,0.00019187179,36.022887,27.595003,False,0
2018-04-30,2004-12-20,3363,False,,state_1_raw,1,1061.5551,,0.097155733,,False,2.0550666e-05,2.0550666e-05,0.0011838678,57.607274,56.705418,False,0
2018-04-30,2004-12-20,3363,False,,state_1_shrunk,1,1061.5551,0.94650285,0.097155733,,False,2.0117062e-05,2.0117062e-05,0.0011466611,56.99943,56.119304,False,0
2018-04-30,2004-12-20,3363,False,,regime_mixture,-1,,,0.097155733,0.0011797603,True,7.2543665e-06,7.2543665e-06,0.00028350195,39.08018,33.047231,False,0
2018-04-30,2004-12-20,3363,False,,consumed,-1,,,0.097155733,,True,7.2543665e-06,7.2543665e-06,0.00028350195,39.08018,33.047231,False,0
2018-05-31,2004-12-20,3385,False,,sample,-1,,,0.086056887,,False,1.0640411e-05,1.0640411e-05,0.00048852308,45.912051,42.221356,False,0
2018-05-31,2004-12-20,3385,False,,ewma,-1,,,0.086056887,,False,2.9430283e-06,2.9430283e-06,0.00018392865,62.496393,49.46301,False,0
2018-05-31,2004-12-20,3385,False,,ledoit_wolf,-1,,0.0059102026,0.086056887,,False,1.1378249e-05,1.1378249e-05,0.0004862962,42.739105,39.267249,False,0
2018-05-31,2004-12-20,3385,False,,state_0_raw,0,2376.6231,,0.086056887,,False,5.1437442e-06,5.1437442e-06,0.000183651,35.703758,27.011393,False,0
2018-05-31,2004-12-20,3385,False,,state_0_shrunk,0,2376.6231,0.97537576,0.086056887,,False,5.3446449e-06,5.3446449e-06,0.00019095423,35.728142,27.384921,False,0
2018-05-31,2004-12-20,3385,False,,state_1_raw,1,1063.8315,,0.086056887,,False,2.0532186e-05,2.0532186e-05,0.0011822986,57.582695,56.698826,False,0
2018-05-31,2004-12-20,3385,False,,state_1_shrunk,1,1063.8315,0.94661121,0.086056887,,False,2.0096238e-05,2.0096238e-05,0.001145119,56.981756,56.112217,False,0
2018-05-31,2004-12-20,3385,False,,regime_mixture,-1,,,0.086056887,0.0011132602,True,7.0598181e-06,7.0598181e-06,0.00027200795,38.529032,32.327642,False,0
2018-05-31,2004-12-20,3385,False,,consumed,-1,,,0.086056887,,True,7.0598181e-06,7.0598181e-06,0.00027200795,38.529032,32.327642,False,0
2018-06-29,2004-12-20,3406,False,,sample,-1,,,0.089046634,,False,1.0616584e-05,1.0616584e-05,0.00048633823,45.809294,42.126478,False,0
2018-06-29,2004-12-20,3406,False,,ewma,-1,,,0.089046634,,False,3.6079439e-06,3.6079439e-06,0.0001660638,46.027269,34.136738,False,0
2018-06-29,2004-12-20,3406,False,,ledoit_wolf,-1,,0.0058927521,0.089046634,,False,1.1348759e-05,1.1348759e-05,0.00048412825,42.659135,39.193302,False,0
2018-06-29,2004-12-20,3406,False,,state_0_raw,0,2397.2985,,0.089046634,,False,5.1386797e-06,5.1386797e-06,0.00018311443,35.634529,26.949161,False,0
2018-06-29,2004-12-20,3406,False,,state_0_shrunk,0,2397.2985,0.97558294,0.089046634,,False,5.3375712e-06,5.3375712e-06,0.00019031714,35.656131,27.317739,False,0
2018-06-29,2004-12-20,3406,False,,state_1_raw,1,1063.5079,,0.089046634,,False,2.0530356e-05,2.0530356e-05,0.0011825587,57.600498,56.709597,False,0
2018-06-29,2004-12-20,3406,False,,state_1_shrunk,1,1063.5079,0.94659583,0.089046634,,False,2.0092774e-05,2.0092774e-05,0.0011452384,56.997525,56.121234,False,0
2018-06-29,2004-12-20,3406,False,,regime_mixture,-1,,,0.089046634,0.0011515292,True,7.1127799e-06,7.1127799e-06,0.000274268,38.559888,32.430206,False,0
2018-06-29,2004-12-20,3406,False,,consumed,-1,,,0.089046634,,True,7.1127799e-06,7.1127799e-06,0.000274268,38.559888,32.430206,False,0
2018-07-31,2004-12-20,3427,False,,sample,-1,,,0.084372882,,False,1.0588398e-05,1.0588398e-05,0.00048414005,45.723637,42.000322,False,0
2018-07-31,2004-12-20,3427,False,,ewma,-1,,,0.084372882,,False,2.9333562e-06,2.9333562e-06,0.00015288753,52.120341,29.352503,False,0
2018-07-31,2004-12-20,3427,False,,ledoit_wolf,-1,,0.0058779485,0.084372882,,False,1.1315581e-05,1.1315581e-05,0.00048194635,42.591393,39.088003,False,0
2018-07-31,2004-12-20,3427,False,,state_0_raw,0,2416.8406,,0.084372882,,False,5.1368048e-06,5.1368048e-06,0.00018245633,35.519421,26.808523,False,0
2018-07-31,2004-12-20,3427,False,,state_0_shrunk,0,2416.8406,0.97577559,0.084372882,,False,5.3334884e-06,5.3334884e-06,0.00018956551,35.542499,27.174396,False,0
2018-07-31,2004-12-20,3427,False,,state_1_raw,1,1064.6571,,0.084372882,,False,2.0514787e-05,2.0514787e-05,0.0011817179,57.603225,56.713726,False,0
2018-07-31,2004-12-20,3427,False,,state_1_shrunk,1,1064.6571,0.9466504,0.084372882,,False,2.0075352e-05,2.0075352e-05,0.001144364,57.003431,56.123045,False,0
2018-07-31,2004-12-20,3427,False,,regime_mixture,-1,,,0.084372882,0.0011335529,True,7.0260144e-06,7.0260144e-06,0.00026906658,38.295762,32.05561,False,0
2018-07-31,2004-12-20,3427,False,,consumed,-1,,,0.084372882,,True,7.0260144e-06,7.0260144e-06,0.00026906658,38.295762,32.05561,False,0
2018-08-31,2004-12-20,3450,False,,sample,-1,,,0.084190281,,False,1.0542681e-05,1.0542681e-05,0.00048139227,45.661275,41.936361,False,0
2018-08-31,2004-12-20,3450,False,,ewma,-1,,,0.084190281,,False,2.1561884e-06,2.1561884e-06,0.00010372505,48.105747,23.915021,False,0
2018-08-31,2004-12-20,3450,False,,ledoit_wolf,-1,,0.0058696881,0.084190281,,False,1.1265005e-05,1.1265005e-05,0.00047921518,42.540167,39.034904,False,0
2018-08-31,2004-12-20,3450,False,,state_0_raw,0,2436.7639,,0.084190281,,False,5.118954e-06,5.118954e-06,0.00018111008,35.380291,26.688437,False,0
2018-08-31,2004-12-20,3450,False,,state_0_shrunk,0,2436.7639,0.97596889,0.084190281,,False,5.3131399e-06,5.3131399e-06,0.00018812544,35.407583,27.055039,False,0
2018-08-31,2004-12-20,3450,False,,state_1_raw,1,1068.1717,,0.084190281,,False,2.0479022e-05,2.0479022e-05,0.0011793259,57.587021,56.712449,False,0
2018-08-31,2004-12-20,3450,False,,state_1_shrunk,1,1068.1717,0.94681661,0.084190281,,False,2.0038198e-05,2.0038198e-05,0.0011420701,56.994649,56.123531,False,0
2018-08-31,2004-12-20,3450,False,,regime_mixture,-1,,,0.084190281,0.0011556552,True,6.9996389e-06,6.9996389e-06,0.0002673571,38.195842,31.966709,False,0
2018-08-31,2004-12-20,3450,False,,consumed,-1,,,0.084190281,,True,6.9996389e-06,6.9996389e-06,0.0002673571,38.195842,31.966709,False,0
2018-09-28,2004-12-20,3469,False,,sample,-1,,,0.083426992,,False,1.051113e-05,1.051113e-05,0.00047912503,45.582636,41.857197,False,0
2018-09-28,2004-12-20,3469,False,,ewma,-1,,,0.083426992,,False,2.5927605e-06,2.5927605e-06,7.5743679e-05,29.213527,18.3848,False,0
2018-09-28,2004-12-20,3469,False,,ledoit_wolf,-1,,0.0058632239,0.083426992,,False,1.1229311e-05,1.1229311e-05,0.00047696133,42.474676,38.96872,False,0
2018-09-28,2004-12-20,3469,False,,state_0_raw,0,2455.082,,0.083426992,,False,5.1004197e-06,5.1004197e-06,0.00018000906,35.29299,26.598655,False,0
2018-09-28,2004-12-20,3469,False,,state_0_shrunk,0,2455.082,0.97614392,0.083426992,,False,5.2931168e-06,5.2931168e-06,0.00018694741,35.318966,26.962757,False,0
2018-09-28,2004-12-20,3469,False,,state_1_raw,1,1068.291,,0.083426992,,False,2.047457e-05,2.047457e-05,0.0011794326,57.604755,56.720207,False,0
2018-09-28,2004-12-20,3469,False,,state_1_shrunk,1,1068.291,0.94682223,0.083426992,,False,2.0032024e-05,2.0032024e-05,0.0011420552,57.011473,56.130463,False,0
2018-09-28,2004-12-20,3469,False,,regime_mixture,-1,,,0.083426992,0.001152089,True,6.9718887e-06,6.9718887e-06,0.00026555902,38.089968,31.857541,False,0
2018-09-28,2004-12-20,3469,False,,consumed,-1,,,0.083426992,,True,6.9718887e-06,6.9718887e-06,0.00026555902,38.089968,31.857541,False,0
2018-10-31,2004-12-20,3492,False,,sample,-1,,,0.80876881,,False,1.0532151e-05,1.0532151e-05,0.00048125006,45.693427,41.911608,False,0
2018-10-31,2004-12-20,3492,False,,ewma,-1,,,0.80876881,,False,3.4666875e-06,3.4666875e-06,0.00072050824,207.83766,102.56994,False,0
2018-10-31,2004-12-20,3492,False,,ledoit_wolf,-1,,0.0057571612,0.80876881,,False,1.1239439e-05,1.1239439e-05,0.00047911333,42.627868,39.066507,False,0
2018-10-31,2004-12-20,3492,False,,state_0_raw,0,2461.9687,,0.80876881,,False,5.1145408e-06,5.1145408e-06,0.00017966886,35.129031,26.421316,False,0
2018-10-31,2004-12-20,3492,False,,state_0_shrunk,0,2461.9687,0.97620906,0.80876881,,False,5.3066546e-06,5.3066546e-06,0.00018664849,35.172535,26.797657,False,0
2018-10-31,2004-12-20,3492,False,,state_1_raw,1,1083.3153,,0.80876881,,False,2.0261189e-05,2.0261189e-05,0.0011786436,58.172476,56.735849,False,0
2018-10-31,2004-12-20,3492,False,,state_1_shrunk,1,1083.3153,0.94752104,0.80876881,,False,1.9852565e-05,1.9852565e-05,0.0011419123,57.519638,56.157115,False,0
2018-10-31,2004-12-20,3492,False,,regime_mixture,-1,,,0.80876881,0.0007472483,True,1.7463881e-05,1.7463881e-05,0.00095873887,54.898386,53.46785,False,0
2018-10-31,2004-12-20,3492,False,,consumed,-1,,,0.80876881,,True,1.7463881e-05,1.7463881e-05,0.00095873887,54.898386,53.46785,False,0
2018-11-30,2004-12-20,3513,False,,sample,-1,,,0.82327789,,False,1.0523609e-05,1.0523609e-05,0.00048167802,45.771181,41.947867,False,0
2018-11-30,2004-12-20,3513,False,,ewma,-1,,,0.82327789,,False,2.9370938e-06,2.9370938e-06,0.00062221991,211.84884,93.414267,False,0
2018-11-30,2004-12-20,3513,False,,ledoit_wolf,-1,,0.00568478,0.82327789,,False,1.1221822e-05,1.1221822e-05,0.00047956447,42.734991,39.132546,False,0
2018-11-30,2004-12-20,3513,False,,state_0_raw,0,2399.4229,,0.82327789,,False,5.1442256e-06,5.1442256e-06,0.00017708785,34.424589,25.792129,False,0
2018-11-30,2004-12-20,3513,False,,state_0_shrunk,0,2399.4229,0.97560403,0.82327789,,False,5.3418674e-06,5.3418674e-06,0.00018432729,34.506153,26.205791,False,0
2018-11-30,2004-12-20,3513,False,,state_1_raw,1,1173.1023,,0.82327789,,False,1.9109095e-05,1.9109095e-05,0.0011150808,58.353405,56.507853,False,0
2018-11-30,2004-12-20,3513,False,,state_1_shrunk,1,1173.1023,0.95134224,0.82327789,,False,1.8781959e-05,1.8781959e-05,0.0010841414,57.722488,55.957605,False,0
2018-11-30,2004-12-20,3513,False,,regime_mixture,-1,,,0.82327789,0.00057597068,True,1.6784667e-05,1.6784667e-05,0.00092470047,55.091976,53.363398,False,0
2018-11-30,2004-12-20,3513,False,,consumed,-1,,,0.82327789,,True,1.6784667e-05,1.6784667e-05,0.00092470047,55.091976,53.363398,False,0
2018-12-31,2004-12-20,3532,False,,sample,-1,,,0.83075999,,False,1.0511903e-05,1.0511903e-05,0.00048589693,46.2235,42.393375,False,0
2018-12-31,2004-12-20,3532,False,,ewma,-1,,,0.83075999,,False,4.5396234e-06,4.5396234e-06,0.0011059375,243.61877,164.76976,False,0
2018-12-31,2004-12-20,3532,False,,ledoit_wolf,-1,,0.0055669664,0.83075999,,False,1.1199873e-05,1.1199873e-05,0.00048380461,43.197329,39.583648,False,0
2018-12-31,2004-12-20,3532,False,,state_0_raw,0,2401.7236,,0.83075999,,False,5.143771e-06,5.143771e-06,0.000177181,34.44574,25.82022,False,0
2018-12-31,2004-12-20,3532,False,,state_0_shrunk,0,2401.7236,0.97562683,0.83075999,,False,5.3408897e-06,5.3408897e-06,0.00018451242,34.547131,26.251852,False,0
2018-12-31,2004-12-20,3532,False,,state_1_raw,1,1188.1727,,0.83075999,,False,1.8930224e-05,1.8930224e-05,0.0011194148,59.133734,57.105338,False,0
2018-12-31,2004-12-20,3532,False,,state_1_shrunk,1,1188.1727,0.95192973,0.83075999,,False,1.8617942e-05,1.8617942e-05,0.0010888449,58.483637,56.555719,False,0
2018-12-31,2004-12-20,3532,False,,regime_mixture,-1,,,0.83075999,0.00065138489,True,1.6752876e-05,1.6752876e-05,0.00093539155,55.834684,54.037267,False,0
2018-12-31,2004-12-20,3532,False,,consumed,-1,,,0.83075999,,True,1.6752876e-05,1.6752876e-05,0.00093539155,55.834684,54.037267,False,0
2019-01-31,2004-12-20,3553,False,,sample,-1,,,0.83100168,,False,1.0475311e-05,1.0475311e-05,0.00048610179,46.404523,42.572387,False,0
2019-01-31,2004-12-20,3553,False,,ewma,-1,,,0.83100168,,False,4.5694773e-06,4.5694773e-06,0.0006207268,135.84197,129.58745,False,0
2019-01-31,2004-12-20,3553,False,,ledoit_wolf,-1,,0.0055072616,0.83100168,,False,1.1155596e-05,1.1155596e-05,0.00048402955,43.388945,39.770962,False,0
2019-01-31,2004-12-20,3553,False,,state_0_raw,0,2400.414,,0.83100168,,False,5.1440658e-06,5.1440658e-06,0.00017721439,34.450258,25.829207,False,0
2019-01-31,2004-12-20,3553,False,,state_0_shrunk,0,2400.414,0.97561386,0.83100168,,False,5.3398767e-06,5.3398767e-06,0.00018455325,34.561331,26.268318,False,0
2019-01-31,2004-12-20,3553,False,,state_1_raw,1,1210.2093,,0.83100168,,False,1.8656141e-05,1.8656141e-05,0.0011080551,59.393584,57.29085,False,0
2019-01-31,2004-12-20,3553,False,,state_1_shrunk,1,1210.2093,0.95276369,0.83100168,,False,1.8360016e-05,1.8360016e-05,0.001078563,58.745211,56.746776,False,0
2019-01-31,2004-12-20,3553,False,,regime_mixture,-1,,,0.83100168,0.00058585533,True,1.6543286e-05,1.6543286e-05,0.00092707316,56.039238,54.198703,False,0
2019-01-31,2004-12-20,3553,False,,consumed,-1,,,0.83100168,,True,1.6543286e-05,1.6543286e-05,0.00092707316,56.039238,54.198703,False,0
2019-02-28,2004-12-20,3572,False,,sample,-1,,,0.085370921,,False,1.0428203e-05,1.0428203e-05,0.00048403273,46.415736,42.570776,False,0
2019-02-28,2004-12-20,3572,False,,ewma,-1,,,0.085370921,,False,2.667617e-06,2.667617e-06,0.00024345822,91.264307,78.396619,False,0
2019-02-28,2004-12-20,3572,False,,ledoit_wolf,-1,,0.0054980603,0.085370921,,False,1.1104597e-05,1.1104597e-05,0.00048197336,43.403048,39.773322,False,0
2019-02-28,2004-12-20,3572,False,,state_0_raw,0,2421.2042,,0.085370921,,False,5.1195339e-06,5.1195339e-06,0.0001766437,34.503864,25.880998,False,0
2019-02-28,2004-12-20,3572,False,,state_0_shrunk,0,2421.2042,0.97581819,0.085370921,,False,5.3124332e-06,5.3124332e-06,0.00018388605,34.614281,26.31553,False,0
2019-02-28,2004-12-20,3572,False,,state_1_raw,1,1208.8115,,0.085370921,,False,1.8677543e-05,1.8677543e-05,0.0011091545,59.384389,57.300505,False,0
2019-02-28,2004-12-20,3572,False,,state_1_shrunk,1,1208.8115,0.95271165,0.085370921,,False,1.8377583e-05,1.8377583e-05,0.0010794806,58.738989,56.7581,False,0
2019-02-28,2004-12-20,3572,False,,regime_mixture,-1,,,0.085370921,0.0011095588,True,6.8670826e-06,6.8670826e-06,0.00025940039,37.774467,31.391187,False,0
2019-02-28,2004-12-20,3572,False,,consumed,-1,,,0.085370921,,True,6.8670826e-06,6.8670826e-06,0.00025940039,37.774467,31.391187,False,0
2019-03-29,2004-12-20,3593,False,,sample,-1,,,0.084228095,,False,1.0381107e-05,1.0381107e-05,0.00048267111,46.495149,42.624894,False,0
2019-03-29,2004-12-20,3593,False,,ewma,-1,,,0.084228095,,False,1.3879403e-06,1.3879403e-06,0.00026134336,188.29582,147.72672,False,0
2019-03-29,2004-12-20,3593,False,,ledoit_wolf,-1,,0.0054682744,0.084228095,,False,1.1051955e-05,1.1051955e-05,0.00048062861,43.488108,39.833727,False,0
2019-03-29,2004-12-20,3593,False,,state_0_raw,0,2441.9783,,0.084228095,,False,5.0851072e-06,5.0851072e-06,0.00017721967,34.850724,26.144406,False,0
2019-03-29,2004-12-20,3593,False,,state_0_shrunk,0,2441.9783,0.97601898,0.084228095,,False,5.2757007e-06,5.2757007e-06,0.00018436391,34.945863,26.564757,False,0
2019-03-29,2004-12-20,3593,False,,state_1_raw,1,1208.6947,,0.084228095,,False,1.8674875e-05,1.8674875e-05,0.0011091491,59.392582,57.304076,False,0
2019-03-29,2004-12-20,3593,False,,state_1_shrunk,1,1208.6947,0.9527073,0.084228095,,False,1.8372418e-05,1.8372418e-05,0.0010794092,58.751615,56.765116,False,0
2019-03-29,2004-12-20,3593,False,,regime_mixture,-1,,,0.084228095,0.0010942154,True,6.8163284e-06,6.8163284e-06,0.00025885091,37.975123,31.52774,False,0
2019-03-29,2004-12-20,3593,False,,consumed,-1,,,0.084228095,,True,6.8163284e-06,6.8163284e-06,0.00025885091,37.975123,31.52774,False,0
2019-04-30,2004-12-20,3614,False,,sample,-1,,,0.084027963,,False,1.034016e-05,1.034016e-05,0.0004803217,46.452055,42.56734,False,0
2019-04-30,2004-12-20,3614,False,,ewma,-1,,,0.084027963,,False,2.4390401e-06,2.4390401e-06,0.00012236761,50.170397,32.073966,False,0
2019-04-30,2004-12-20,3614,False,,ledoit_wolf,-1,,0.0054610865,0.084027963,,False,1.100694e-05,1.100694e-05,0.00047829254,43.453722,39.785705,False,0
2019-04-30,2004-12-20,3614,False,,state_0_raw,0,2460.8341,,0.084027963,,False,5.064156e-06,5.064156e-06,0.00017612219,34.778192,26.064541,False,0
2019-04-30,2004-12-20,3614,False,,state_0_shrunk,0,2460.8341,0.97619835,0.084027963,,False,5.2527441e-06,5.2527441e-06,0.00018318509,34.87417,26.483202,False,0
2019-04-30,2004-12-20,3614,False,,state_1_raw,1,1211.8402,,0.084027963,,False,1.8651406e-05,1.8651406e-05,0.0011075087,59.379366,57.30159,False,0
2019-04-30,2004-12-20,3614,False,,state_1_shrunk,1,1211.8402,0.95282426,0.084027963,,False,1.8347903e-05,1.8347903e-05,0.0010778097,58.742936,56.763848,False,0
2019-04-30,2004-12-20,3614,False,,regime_mixture,-1,,,0.084027963,0.0011167547,True,6.7901908e-06,6.7901908e-06,0.00025746603,37.917348,31.460517,False,0
2019-04-30,2004-12-20,3614,False,,consumed,-1,,,0.084027963,,True,6.7901908e-06,6.7901908e-06,0.00025746603,37.917348,31.460517,False,0
2019-05-31,2004-12-20,3636,False,,sample,-1,,,0.12080413,,False,1.0303069e-05,1.0303069e-05,0.00047982584,46.571155,42.652835,False,0
2019-05-31,2004-12-20,3636,False,,ewma,-1,,,0.12080413,,False,1.7906348e-06,1.7906348e-06,0.00029405091,164.21602,99.778246,False,0
2019-05-31,2004-12-20,3636,False,,ledoit_wolf,-1,,0.0054098418,0.12080413,,False,1.0962432e-05,1.0962432e-05,0.00047781672,43.586745,39.886137,False,0
2019-05-31,2004-12-20,3636,False,,state_0_raw,0,2481.7886,,0.12080413,,False,5.0584829e-06,5.0584829e-06,0.00017705122,35.000855,26.262061,False,0
2019-05-31,2004-12-20,3636,False,,state_0_shrunk,0,2481.7886,0.97639457,0.12080413,,False,5.2437328e-06,5.2437328e-06,0.00018402935,35.095105,26.673143,False,0
2019-05-31,2004-12-20,3636,False,,state_1_raw,1,1213.1138,,0.12080413,,False,1.8621385e-05,1.8621385e-05,0.0011086713,59.537534,57.411062,False,0
2019-05-31,2004-12-20,3636,False,,state_1_shrunk,1,1213.1138,0.95287145,0.12080413,,False,1.8319006e-05,1.8319006e-05,0.0010789249,58.896477,56.874465,False,0
2019-05-31,2004-12-20,3636,False,,regime_mixture,-1,,,0.12080413,0.0013984098,True,7.3619245e-06,7.3619245e-06,0.00029111066,39.54274,33.596333,False,0
2019-05-31,2004-12-20,3636,False,,consumed,-1,,,0.12080413,,True,7.3619245e-06,7.3619245e-06,0.00029111066,39.54274,33.596333,False,0
2019-06-28,2004-12-20,3656,False,,sample,-1,,,0.086375602,,False,1.0288592e-05,1.0288592e-05,0.00047838707,46.496846,42.562255,False,0
2019-06-28,2004-12-20,3656,False,,ewma,-1,,,0.086375602,,False,2.5883455e-06,2.5883455e-06,0.00022242596,85.933644,53.986691,False,0
2019-06-28,2004-12-20,3656,False,,ledoit_wolf,-1,,0.0053883709,0.086375602,,False,1.0943602e-05,1.0943602e-05,0.00047639245,43.531596,39.814686,False,0
2019-06-28,2004-12-20,3656,False,,state_0_raw,0,2505.9952,,0.086375602,,False,5.0680984e-06,5.0680984e-06,0.00017746362,35.01582,26.274548,False,0
2019-06-28,2004-12-20,3656,False,,state_0_shrunk,0,2505.9952,0.97661726,0.086375602,,False,5.2505777e-06,5.2505777e-06,0.00018433659,35.107869,26.677425,False,0
2019-06-28,2004-12-20,3656,False,,state_1_raw,1,1207.9851,,0.086375602,,False,1.8676468e-05,1.8676468e-05,0.0011120384,59.542223,57.429527,False,0
2019-06-28,2004-12-20,3656,False,,state_1_shrunk,1,1207.9851,0.95268083,0.086375602,,False,1.8370683e-05,1.8370683e-05,0.0010819448,58.895189,56.889816,False,0
2019-06-28,2004-12-20,3656,False,,regime_mixture,-1,,,0.086375602,0.0011804108,True,6.8284689e-06,6.8284689e-06,0.00026100509,38.223077,31.767029,False,0
2019-06-28,2004-12-20,3656,False,,consumed,-1,,,0.086375602,,True,6.8284689e-06,6.8284689e-06,0.00026100509,38.223077,31.767029,False,0
2019-07-31,2004-12-20,3678,False,,sample,-1,,,0.086560611,,False,1.0245546e-05,1.0245546e-05,0.00047618299,46.477075,42.498034,False,0
2019-07-31,2004-12-20,3678,False,,ewma,-1,,,0.086560611,,False,2.2543567e-06,2.2543567e-06,0.00016197084,71.847922,43.690709,False,0
2019-07-31,2004-12-20,3678,False,,ledoit_wolf,-1,,0.0053764549,0.086560611,,False,1.0896738e-05,1.0896738e-05,0.00047420309,43.517894,39.760049,False,0
2019-07-31,2004-12-20,3678,False,,state_0_raw,0,2525.9292,,0.086560611,,False,5.0512284e-06,5.0512284e-06,0.00017673561,34.98864,26.219269,False,0
2019-07-31,2004-12-20,3678,False,,state_0_shrunk,0,2525.9292,0.97679751,0.086560611,,False,5.23137e-06,5.23137e-06,0.00018351861,35.080411,26.618762,False,0
2019-07-31,2004-12-20,3678,False,,state_1_raw,1,1211.2202,,0.086560611,,False,1.8652029e-05,1.8652029e-05,0.0011103397,59.529163,57.422906,False,0
2019-07-31,2004-12-20,3678,False,,state_1_shrunk,1,1211.2202,0.95280125,0.086560611,,False,1.8344765e-05,1.8344765e-05,0.0010802993,58.888696,56.884122,False,0
2019-07-31,2004-12-20,3678,False,,regime_mixture,-1,,,0.086560611,0.0011802554,True,6.8098191e-06,6.8098191e-06,0.00026026003,38.218348,31.732256,False,0
2019-07-31,2004-12-20,3678,False,,consumed,-1,,,0.086560611,,True,6.8098191e-06,6.8098191e-06,0.00026026003,38.218348,31.732256,False,0
2019-08-30,2004-12-20,3700,False,,sample,-1,,,0.82305139,,False,1.0207448e-05,1.0207448e-05,0.00047757709,46.787117,42.843242,False,0
2019-08-30,2004-12-20,3700,False,,ewma,-1,,,0.82305139,,False,2.811248e-06,2.811248e-06,0.00054591541,194.1897,217.16443,False,0
2019-08-30,2004-12-20,3700,False,,ledoit_wolf,-1,,0.0052914603,0.82305139,,False,1.0849695e-05,1.0849695e-05,0.00047562062,43.837232,40.108258,False,0
2019-08-30,2004-12-20,3700,False,,state_0_raw,0,2526.2302,,0.82305139,,False,5.0507424e-06,5.0507424e-06,0.00017675759,34.996358,26.232995,False,0
2019-08-30,2004-12-20,3700,False,,state_0_shrunk,0,2526.2302,0.97680021,0.82305139,,False,5.229869e-06,5.229869e-06,0.00018356917,35.100146,26.643778,False,0
2019-08-30,2004-12-20,3700,False,,state_1_raw,1,1233.6256,,0.82305139,,False,1.841859e-05,1.841859e-05,0.0011028759,59.878408,57.950535,False,0
2019-08-30,2004-12-20,3700,False,,state_1_shrunk,1,1233.6256,0.95361873,0.82305139,,False,1.8123142e-05,1.8123142e-05,0.0010737679,59.248441,57.410934,False,0
2019-08-30,2004-12-20,3700,False,,regime_mixture,-1,,,0.82305139,0.00068510852,True,1.622069e-05,1.622069e-05,0.00091584823,56.461731,54.702557,False,0
2019-08-30,2004-12-20,3700,False,,consumed,-1,,,0.82305139,,True,1.622069e-05,1.622069e-05,0.00091584823,56.461731,54.702557,False,0
2019-09-30,2004-12-20,3720,False,,sample,-1,,,0.096523711,,False,1.0194092e-05,1.0194092e-05,0.00047592462,46.686316,42.755357,False,0
2019-09-30,2004-12-20,3720,False,,ewma,-1,,,0.096523711,,False,2.6920636e-06,2.6920636e-06,0.00029558593,109.79901,98.20635,False,0
2019-09-30,2004-12-20,3720,False,,ledoit_wolf,-1,,0.0052747921,0.096523711,,False,1.08325e-05,1.08325e-05,0.00047398185,43.755539,40.036017,False,0
2019-09-30,2004-12-20,3720,False,,state_0_raw,0,2539.6257,,0.096523711,,False,5.0403728e-06,5.0403728e-06,0.00017641979,35.001338,26.23226,False,0
2019-09-30,2004-12-20,3720,False,,state_0_shrunk,0,2539.6257,0.97691975,0.096523711,,False,5.2184436e-06,5.2184436e-06,0.00018316947,35.100403,26.637424,False,0
2019-09-30,2004-12-20,3720,False,,state_1_raw,1,1240.5892,,0.096523711,,False,1.8414905e-05,1.8414905e-05,0.001098394,59.647009,57.83599,False,0
2019-09-30,2004-12-20,3720,False,,state_1_shrunk,1,1240.5892,0.95386706,0.096523711,,False,1.8120601e-05,1.8120601e-05,0.0010695732,59.02526,57.29997,False,0
2019-09-30,2004-12-20,3720,False,,regime_mixture,-1,,,0.096523711,0.0012270188,True,6.9288719e-06,6.9288719e-06,0.00026780506,38.6506,32.310565,False,0
2019-09-30,2004-12-20,3720,False,,consumed,-1,,,0.096523711,,True,6.9288719e-06,6.9288719e-06,0.00026780506,38.6506,32.310565,False,0
2019-10-31,2004-12-20,3743,False,,sample,-1,,,0.090770557,,False,1.0159841e-05,1.0159841e-05,0.00047421239,46.675179,42.77866,False,0
2019-10-31,2004-12-20,3743,False,,ewma,-1,,,0.090770557,,False,2.3355303e-06,2.3355303e-06,0.00019085928,81.719887,69.483164,False,0
2019-10-31,2004-12-20,3743,False,,ledoit_wolf,-1,,0.0052506182,0.090770557,,False,1.0793016e-05,1.0793016e-05,0.00047228568,43.758451,40.068911,False,0
2019-10-31,2004-12-20,3743,False,,state_0_raw,0,2557.3249,,0.090770557,,False,5.0213049e-06,5.0213049e-06,0.00017600705,35.052054,26.295192,False,0
2019-10-31,2004-12-20,3743,False,,state_0_shrunk,0,2557.3249,0.97707583,0.090770557,,False,5.1977341e-06,5.1977341e-06,0.00018268587,35.147214,26.695464,False,0
2019-10-31,2004-12-20,3743,False,,state_1_raw,1,1248.4065,,0.090770557,,False,1.8368308e-05,1.8368308e-05,0.0010944928,59.585933,57.864357,False,0
2019-10-31,2004-12-20,3743,False,,state_1_shrunk,1,1248.4065,0.95414269,0.090770557,,False,1.807537e-05,1.807537e-05,0.0010659455,58.972266,57.331595,False,0
2019-10-31,2004-12-20,3743,False,,regime_mixture,-1,,,0.090770557,0.0012267413,True,6.8149314e-06,6.8149314e-06,0.00026199039,38.443584,32.039403,False,0
2019-10-31,2004-12-20,3743,False,,consumed,-1,,,0.090770557,,True,6.8149314e-06,6.8149314e-06,0.00026199039,38.443584,32.039403,False,0
2019-11-29,2004-12-20,3763,False,,sample,-1,,,0.090373969,,False,1.0122411e-05,1.0122411e-05,0.00047211008,46.640084,42.737903,False,0
2019-11-29,2004-12-20,3763,False,,ewma,-1,,,0.090373969,,False,1.8557568e-06,1.8557568e-06,0.0001169056,62.996183,48.353602,False,0
2019-11-29,2004-12-20,3763,False,,ledoit_wolf,-1,,0.005243772,0.090373969,,False,1.0752081e-05,1.0752081e-05,0.00047019507,43.730611,40.035205,False,0
2019-11-29,2004-12-20,3763,False,,state_0_raw,0,2575.6302,,0.090373969,,False,4.9949707e-06,4.9949707e-06,0.00017500046,35.035332,26.261706,False,0
2019-11-29,2004-12-20,3763,False,,state_0_shrunk,0,2575.6302,0.97723505,0.090373969,,False,5.1700071e-06,5.1700071e-06,0.00018161017,35.127644,26.65854,False,0
2019-11-29,2004-12-20,3763,False,,state_1_raw,1,1251.1184,,0.090373969,,False,1.8349181e-05,1.8349181e-05,0.0010932604,59.580885,57.857039,False,0
2019-11-29,2004-12-20,3763,False,,state_1_shrunk,1,1251.1184,0.95423754,0.090373969,,False,1.8055677e-05,1.8055677e-05,0.0010647331,58.969436,57.326007,False,0
2019-11-29,2004-12-20,3763,False,,regime_mixture,-1,,,0.090373969,0.001253162,True,6.7839925e-06,6.7839925e-06,0.00026056519,38.408827,31.994557,False,0
2019-11-29,2004-12-20,3763,False,,consumed,-1,,,0.090373969,,True,6.7839925e-06,6.7839925e-06,0.00026056519,38.408827,31.994557,False,0
2019-12-31,2004-12-20,3784,False,,sample,-1,,,0.090017953,,False,1.0072435e-05,1.0072435e-05,0.00046988767,46.65085,42.752276,False,0
2019-12-31,2004-12-20,3784,False,,ewma,-1,,,0.090017953,,False,9.0345371e-07,9.0345371e-07,7.2600117e-05,80.358425,75.840007,False,0
2019-12-31,2004-12-20,3784,False,,ledoit_wolf,-1,,0.0052375235,0.090017953,,False,1.0698503e-05,1.0698503e-05,0.00046798456,43.742995,40.050691,False,0
2019-12-31,2004-12-20,3784,False,,state_0_raw,0,2595.2405,,0.090017953,,False,4.9614188e-06,4.9614188e-06,0.00017394539,35.059606,26.299291,False,0
2019-12-31,2004-12-20,3784,False,,state_0_shrunk,0,2595.2405,0.97740318,0.090017953,,False,5.134325e-06,5.134325e-06,0.0001804825,35.152138,26.693362,False,0
2019-12-31,2004-12-20,3784,False,,state_1_raw,1,1253.0944,,0.090017953,,False,1.8331069e-05,1.8331069e-05,0.0010923458,59.589859,57.851036,False,0
2019-12-31,2004-12-20,3784,False,,state_1_shrunk,1,1253.0944,0.95430641,0.090017953,,False,1.803688e-05,1.803688e-05,0.0010638023,58.979289,57.32354,False,0
2019-12-31,2004-12-20,3784,False,,regime_mixture,-1,,,0.090017953,0.0012636211,True,6.7423941e-06,6.7423941e-06,0.00025915717,38.436966,32.029968,False,0
2019-12-31,2004-12-20,3784,False,,consumed,-1,,,0.090017953,,True,6.7423941e-06,6.7423941e-06,0.00025915717,38.436966,32.029968,False,0
2020-01-31,2004-12-20,3805,False,,sample,-1,,,0.12172327,,False,1.0023302e-05,1.0023302e-05,0.00046827213,46.71835,42.833763,False,0
2020-01-31,2004-12-20,3805,False,,ewma,-1,,,0.12172327,,False,9.2100843e-07,9.2100843e-07,0.00019828496,215.29115,262.84838,False,0
2020-01-31,2004-12-20,3805,False,,ledoit_wolf,-1,,0.0052179531,0.12172327,,False,1.0644985e-05,1.0644985e-05,0.00046638289,43.81245,40.132151,False,0
2020-01-31,2004-12-20,3805,False,,state_0_raw,0,2615.6272,,0.12172327,,False,4.9401558e-06,4.9401558e-06,0.0001738481,35.190814,26.485918,False,0
2020-01-31,2004-12-20,3805,False,,state_0_shrunk,0,2615.6272,0.97757535,0.12172327,,False,5.1099112e-06,5.1099112e-06,0.00018031001,35.286329,26.875204,False,0
2020-01-31,2004-12-20,3805,False,,state_1_raw,1,1254.2675,,0.12172327,,False,1.8320702e-05,1.8320702e-05,0.0010917706,59.592185,57.847254,False,0
2020-01-31,2004-12-20,3805,False,,state_1_shrunk,1,1254.2675,0.95434719,0.12172327,,False,1.8024944e-05,1.8024944e-05,0.0010632063,58.985276,57.325084,False,0
2020-01-31,2004-12-20,3805,False,,regime_mixture,-1,,,0.12172327,0.0014714377,True,7.2045568e-06,7.2045568e-06,0.00028687093,39.817985,33.906329,False,0
2020-01-31,2004-12-20,3805,False,,consumed,-1,,,0.12172327,,True,7.2045568e-06,7.2045568e-06,0.00028687093,39.817985,33.906329,False,0
2020-02-28,2004-12-20,3824,False,,sample,-1,,,0.81357198,,False,1.0004968e-05,1.0004968e-05,0.00047004568,46.981228,43.157018,False,0
2020-02-28,2004-12-20,3824,False,,ewma,-1,,,0.81357198,,False,2.039833e-06,2.039833e-06,0.00071036939,348.2488,349.42667,False,0
2020-02-28,2004-12-20,3824,False,,ledoit_wolf,-1,,0.0051521646,0.81357198,,False,1.0620871e-05,1.0620871e-05,0.00046817169,44.080349,40.452657,False,0
2020-02-28,2004-12-20,3824,False,,state_0_raw,0,2632.2932,,0.81357198,,False,4.9281656e-06,4.9281656e-06,0.00017401618,35.310539,26.618827,False,0
2020-02-28,2004-12-20,3824,False,,state_0_shrunk,0,2632.2932,0.97771417,0.81357198,,False,5.0968636e-06,5.0968636e-06,0.00018048023,35.410057,27.011142,False,0
2020-02-28,2004-12-20,3824,False,,state_1_raw,1,1255.4644,,0.81357198,,False,1.8380663e-05,1.8380663e-05,0.0010994816,59.817299,58.374464,False,0
2020-02-28,2004-12-20,3824,False,,state_1_shrunk,1,1255.4644,0.95438873,0.81357198,,False,1.8079339e-05,1.8079339e-05,0.0010706735,59.220836,57.84743,False,0
2020-02-28,2004-12-20,3824,False,,regime_mixture,-1,,,0.81357198,0.00082235245,True,1.6022808e-05,1.6022808e-05,0.0009043633,56.442247,54.999655,False,0
2020-02-28,2004-12-20,3824,False,,consumed,-1,,,0.81357198,,True,1.6022808e-05,1.6022808e-05,0.0009043633,56.442247,54.999655,False,0
2020-03-31,2004-12-20,3846,False,,sample,-1,,,0.81783231,,False,1.0376026e-05,1.0376026e-05,0.00052281179,50.386515,46.932617,False,0
2020-03-31,2004-12-20,3846,False,,ewma,-1,,,0.81783231,,False,3.5762e-05,3.5762e-05,0.006808163,190.37422,179.07804,False,0
2020-03-31,2004-12-20,3846,False,,ledoit_wolf,-1,,0.0060564308,0.81783231,,False,1.1167012e-05,1.1167012e-05,0.00052036681,46.59857,43.342214,False,0
2020-03-31,2004-12-20,3846,False,,state_0_raw,0,2647.9664,,0.81783231,,False,4.934024e-06,4.934024e-06,0.00017476485,35.420349,26.754259,False,0
2020-03-31,2004-12-20,3846,False,,state_0_shrunk,0,2647.9664,0.97784315,0.81783231,,False,5.125148e-06,5.125148e-06,0.00018232468,35.574519,27.241417,False,0
2020-03-31,2004-12-20,3846,False,,state_1_raw,1,1255.2948,,0.81783231,,False,1.9619523e-05,1.9619523e-05,0.0012655923,64.506781,64.588228,False,0
2020-03-31,2004-12-20,3846,False,,state_1_shrunk,1,1255.2948,0.95438285,0.81783231,,False,1.9252833e-05,1.9252833e-05,0.0012315852,63.969037,63.971048,False,0
2020-03-31,2004-12-20,3846,False,,regime_mixture,-1,,,0.81783231,0.00084070346,True,1.6936984e-05,1.6936984e-05,0.0010401084,61.410484,60.821397,False,0
2020-03-31,2004-12-20,3846,False,,consumed,-1,,,0.81783231,,True,1.6936984e-05,1.6936984e-05,0.0010401084,61.410484,60.821397,False,0
2020-04-30,2004-12-20,3867,False,,sample,-1,,,0.82238157,,False,1.0394026e-05,1.0394026e-05,0.00053262854,51.24372,47.642889,False,0
2020-04-30,2004-12-20,3867,False,,ewma,-1,,,0.82238157,,False,2.1684831e-05,2.1684831e-05,0.0032430727,149.5549,148.93723,False,0
2020-04-30,2004-12-20,3867,False,,ledoit_wolf,-1,,0.005893984,0.82238157,,False,1.1176983e-05,1.1176983e-05,0.0005301992,47.436701,44.04049,False,0
2020-04-30,2004-12-20,3867,False,,state_0_raw,0,2658.5239,,0.82238157,,False,4.9450455e-06,4.9450455e-06,0.00017556023,35.502247,26.866973,False,0
2020-04-30,2004-12-20,3867,False,,state_0_shrunk,0,2658.5239,0.9779292,0.82238157,,False,5.1357804e-06,5.1357804e-06,0.00018329485,35.689776,27.377478,False,0
2020-04-30,2004-12-20,3867,False,,state_1_raw,1,1263.9407,,0.82238157,,False,1.9601e-05,1.9601e-05,0.0012925031,65.940672,65.629296,False,0
2020-04-30,2004-12-20,3867,False,,state_1_shrunk,1,1263.9407,0.95468075,0.82238157,,False,1.9241592e-05,1.9241592e-05,0.0012579448,65.376339,65.007753,False,0
2020-04-30,2004-12-20,3867,False,,regime_mixture,-1,,,0.82238157,0.00069432762,True,1.6998672e-05,1.6998672e-05,0.0010667571,62.755318,61.894266,False,0
2020-04-30,2004-12-20,3867,False,,consumed,-1,,,0.82238157,,True,1.6998672e-05,1.6998672e-05,0.0010667571,62.755318,61.894266,False,0
2020-05-29,2004-12-20,3887,False,,sample,-1,,,0.82431826,,False,1.0385921e-05,1.0385921e-05,0.00053440771,51.455013,47.729571,False,0
2020-05-29,2004-12-20,3887,False,,ewma,-1,,,0.82431826,,False,8.8453502e-06,8.8453502e-06,0.0015012453,169.72142,94.388595,False,0
2020-05-29,2004-12-20,3887,False,,ledoit_wolf,-1,,0.0058102418,0.82431826,,False,1.1160095e-05,1.1160095e-05,0.00053200316,47.670127,44.156993,False,0
2020-05-29,2004-12-20,3887,False,,state_0_raw,0,2658.2436,,0.82431826,,False,4.9426827e-06,4.9426827e-06,0.00017548795,35.504596,26.860639,False,0
2020-05-29,2004-12-20,3887,False,,state_0_shrunk,0,2658.2436,0.97792692,0.82431826,,False,5.1330716e-06,5.1330716e-06,0.00018326384,35.702569,27.377274,False,0
2020-05-29,2004-12-20,3887,False,,state_1_raw,1,1284.0885,,0.82431826,,False,1.9413174e-05,1.9413174e-05,0.001286055,66.246509,65.583712,False,0
2020-05-29,2004-12-20,3887,False,,state_1_shrunk,1,1284.0885,0.95536008,0.82431826,,False,1.9069162e-05,1.9069162e-05,0.0012523834,65.675848,64.972847,False,0
2020-05-29,2004-12-20,3887,False,,regime_mixture,-1,,,0.82431826,0.00064557619,True,1.6888992e-05,1.6888992e-05,0.0010642537,63.014638,61.887925,False,0
2020-05-29,2004-12-20,3887,False,,consumed,-1,,,0.82431826,,True,1.6888992e-05,1.6888992e-05,0.0010642537,63.014638,61.887925,False,0
2020-06-30,2004-12-20,3909,False,,sample,-1,,,0.826624,,False,1.0355118e-05,1.0355118e-05,0.00053802565,51.957464,48.179708,False,0
2020-06-30,2004-12-20,3909,False,,ewma,-1,,,0.826624,,False,4.5778268e-06,4.5778268e-06,0.0012526031,273.62395,200.30926,False,0
2020-06-30,2004-12-20,3909,False,,ledoit_wolf,-1,,0.0057196748,0.826624,,False,1.1121501e-05,1.1121501e-05,0.00053563972,48.162537,44.599264,False,0
2020-06-30,2004-12-20,3909,False,,state_0_raw,0,2658.5623,,0.826624,,False,4.9412874e-06,4.9412874e-06,0.00017547361,35.51172,26.861104,False,0
2020-06-30,2004-12-20,3909,False,,state_0_shrunk,0,2658.5623,0.97792951,0.826624,,False,5.1316506e-06,5.1316506e-06,0.00018332732,35.724826,27.391397,False,0
2020-06-30,2004-12-20,3909,False,,state_1_raw,1,1305.4205,,0.826624,,False,1.9149417e-05,1.9149417e-05,0.0012847645,67.091575,66.292295,False,0
2020-06-30,2004-12-20,3909,False,,state_1_shrunk,1,1305.4205,0.95605749,0.826624,,False,1.8820472e-05,1.8820472e-05,0.0012518357,66.514572,65.678896,False,0
2020-06-30,2004-12-20,3909,False,,regime_mixture,-1,,,0.826624,0.00061018976,True,1.6714629e-05,1.6714629e-05,0.0010662803,63.793239,62.557452,False,0
2020-06-30,2004-12-20,3909,False,,consumed,-1,,,0.826624,,True,1.6714629e-05,1.6714629e-05,0.0010662803,63.793239,62.557452,False,0
2020-07-31,2004-12-20,3931,False,,sample,-1,,,0.82848164,,False,1.0338595e-05,1.0338595e-05,0.00053666133,51.908534,48.085634,False,0
2020-07-31,2004-12-20,3931,False,,ewma,-1,,,0.82848164,,False,2.377957e-06,2.377957e-06,0.00052192249,219.48357,61.704292,False,0
2020-07-31,2004-12-20,3931,False,,ledoit_wolf,-1,,0.0056924184,0.82848164,,False,1.1100126e-05,1.1100126e-05,0.00053429368,48.134018,44.528639,False,0
2020-07-31,2004-12-20,3931,False,,state_0_raw,0,2658.2332,,0.82848164,,False,4.9398523e-06,4.9398523e-06,0.00017546599,35.520493,26.861989,False,0
2020-07-31,2004-12-20,3931,False,,state_0_shrunk,0,2658.2332,0.97792684,0.82848164,,False,5.1294606e-06,5.1294606e-06,0.00018329171,35.733136,27.389911,False,0
2020-07-31,2004-12-20,3931,False,,state_1_raw,1,1327.3647,,0.82848164,,False,1.8901455e-05,1.8901455e-05,0.0012680359,67.08668,65.961945,False,0
2020-07-31,2004-12-20,3931,False,,state_1_shrunk,1,1327.3647,0.95675254,0.82848164,,False,1.8592666e-05,1.8592666e-05,0.0012362933,66.4936,65.361615,False,0
2020-07-31,2004-12-20,3931,False,,regime_mixture,-1,,,0.82848164,0.00058787336,True,1.6568916e-05,1.6568916e-05,0.0010553876,63.696839,62.28181,False,0
2020-07-31,2004-12-20,3931,False,,consumed,-1,,,0.82848164,,True,1.6568916e-05,1.6568916e-05,0.0010553876,63.696839,62.28181,False,0
2020-08-31,2004-12-20,3952,False,,sample,-1,,,0.83046515,,False,1.0309964e-05,1.0309964e-05,0.00053447446,51.840574,48.003593,False,0
2020-08-31,2004-12-20,3952,False,,ewma,-1,,,0.83046515,,False,2.4606644e-06,2.4606644e-06,0.00028758329,116.87221,35.414047,False,0
2020-08-31,2004-12-20,3952,False,,ledoit_wolf,-1,,0.0056901528,0.83046515,,False,1.1070424e-05,1.1070424e-05,0.00053212047,48.066853,44.449074,False,0
2020-08-31,2004-12-20,3952,False,,state_0_raw,0,2658.2531,,0.83046515,,False,4.9394446e-06,4.9394446e-06,0.00017550886,35.532104,26.867859,False,0
2020-08-31,2004-12-20,3952,False,,state_0_shrunk,0,2658.2531,0.977927,0.83046515,,False,5.128086e-06,5.128086e-06,0.00018328745,35.741883,27.391583,False,0
2020-08-31,2004-12-20,3952,False,,state_1_raw,1,1348.0109,,0.83046515,,False,1.8660869e-05,1.8660869e-05,0.001250125,66.99179,65.723963,False,0
2020-08-31,2004-12-20,3952,False,,state_1_shrunk,1,1348.0109,0.95738669,0.83046515,,False,1.8367416e-05,1.8367416e-05,0.0012195186,66.395761,65.132608,False,0
2020-08-31,2004-12-20,3952,False,,regime_mixture,-1,,,0.83046515,0.00053439986,True,1.6414222e-05,1.6414222e-05,0.0010435506,63.576003,62.084639,False,0
2020-08-31,2004-12-20,3952,False,,consumed,-1,,,0.83046515,,True,1.6414222e-05,1.6414222e-05,0.0010435506,63.576003,62.084639,False,0
2020-09-30,2004-12-20,3973,False,,sample,-1,,,0.82539714,,False,1.0295455e-05,1.0295455e-05,0.00053632483,52.09336,48.194042,False,0
2020-09-30,2004-12-20,3973,False,,ewma,-1,,,0.82539714,,False,2.4873245e-06,2.4873245e-06,0.00066660842,268.00219,123.03013,False,0
2020-09-30,2004-12-20,3973,False,,ledoit_wolf,-1,,0.0056059049,0.82539714,,False,1.1046955e-05,1.1046955e-05,0.0005339958,48.338731,44.661523,False,0
2020-09-30,2004-12-20,3973,False,,state_0_raw,0,2729.5326,,0.82539714,,False,4.9422178e-06,4.9422178e-06,0.00017821912,36.060555,27.415287,False,0
2020-09-30,2004-12-20,3973,False,,state_0_shrunk,0,2729.5326,0.97849102,0.82539714,,False,5.1231686e-06,5.1231686e-06,0.00018578807,36.264289,27.919113,False,0
2020-09-30,2004-12-20,3973,False,,state_1_raw,1,1296.9016,,0.82539714,,False,1.9115487e-05,1.9115487e-05,0.0012982507,67.916171,66.089487,False,0
2020-09-30,2004-12-20,3973,False,,state_1_shrunk,1,1296.9016,0.95578161,0.82539714,,False,1.8798418e-05,1.8798418e-05,0.0012644461,67.263431,65.490419,False,0
2020-09-30,2004-12-20,3973,False,,regime_mixture,-1,,,0.82539714,0.00066174644,True,1.6748276e-05,1.6748276e-05,0.001075821,64.23473,62.458346,False,0
2020-09-30,2004-12-20,3973,False,,consumed,-1,,,0.82539714,,True,1.6748276e-05,1.6748276e-05,0.001075821,64.23473,62.458346,False,0
2020-10-30,2004-12-20,3995,False,,sample,-1,,,0.82812219,,False,1.0277229e-05,1.0277229e-05,0.00053647957,52.2008,48.26995,False,0
2020-10-30,2004-12-20,3995,False,,ewma,-1,,,0.82812219,,False,3.242679e-06,3.242679e-06,0.00064248642,198.13445,93.904104,False,0
2020-10-30,2004-12-20,3995,False,,ledoit_wolf,-1,,0.005548443,0.82812219,,False,1.1021131e-05,1.1021131e-05,0.00053417289,48.468063,44.76089,False,0
2020-10-30,2004-12-20,3995,False,,state_0_raw,0,2730.8097,,0.82812219,,False,4.9442556e-06,4.9442556e-06,0.00017838268,36.078774,27.435283,False,0
2020-10-30,2004-12-20,3995,False,,state_0_shrunk,0,2730.8097,0.97850086,0.82812219,,False,5.1243693e-06,5.1243693e-06,0.00018594952,36.287299,27.941897,False,0
2020-10-30,2004-12-20,3995,False,,state_1_raw,1,1316.7859,,0.82812219,,False,1.8889834e-05,1.8889834e-05,0.0012868031,68.121461,66.055873,False,0
2020-10-30,2004-12-20,3995,False,,state_1_shrunk,1,1316.7859,0.95642024,0.82812219,,False,1.8586688e-05,1.8586688e-05,0.0012539935,67.467288,65.465836,False,0
2020-10-30,2004-12-20,3995,False,,regime_mixture,-1,,,0.82812219,0.00065124083,True,1.6614807e-05,1.6614807e-05,0.0010701396,64.40879,62.472962,False,0
2020-10-30,2004-12-20,3995,False,,consumed,-1,,,0.82812219,,True,1.6614807e-05,1.6614807e-05,0.0010701396,64.40879,62.472962,False,0
2020-11-30,2004-12-20,4015,False,,sample,-1,,,0.82023713,,False,1.0265825e-05,1.0265825e-05,0.00053593901,52.20613,48.219067,False,0
2020-11-30,2004-12-20,4015,False,,ewma,-1,,,0.82023713,,False,3.1873655e-06,3.1873655e-06,0.00041565669,130.4076,68.43809,False,0
2020-11-30,2004-12-20,4015,False,,ledoit_wolf,-1,,0.0055213878,0.82023713,,False,1.1006853e-05,1.1006853e-05,0.00053364739,48.483194,44.725644,False,0
2020-11-30,2004-12-20,4015,False,,state_0_raw,0,2730.2699,,0.82023713,,False,4.9436064e-06,4.9436064e-06,0.00017835342,36.077593,27.431517,False,0
2020-11-30,2004-12-20,4015,False,,state_0_shrunk,0,2730.2699,0.9784967,0.82023713,,False,5.1235779e-06,5.1235779e-06,0.00018591094,36.285375,27.936421,False,0
2020-11-30,2004-12-20,4015,False,,state_1_raw,1,1337.5385,,0.82023713,,False,1.8675226e-05,1.8675226e-05,0.001273657,68.200353,65.826518,False,0
2020-11-30,2004-12-20,4015,False,,state_1_shrunk,1,1337.5385,0.95706737,0.82023713,,False,1.8384004e-05,1.8384004e-05,0.0012418765,67.552015,65.24738,False,0
2020-11-30,2004-12-20,4015,False,,regime_mixture,-1,,,0.82023713,0.00057822939,True,1.6359755e-05,1.6359755e-05,0.0010517598,64.289462,62.101805,False,0
2020-11-30,2004-12-20,4015,False,,consumed,-1,,,0.82023713,,True,1.6359755e-05,1.6359755e-05,0.0010517598,64.289462,62.101805,False,0
2020-12-31,2004-12-20,4037,False,,sample,-1,,,0.83234133,,False,1.0256799e-05,1.0256799e-05,0.00053375904,52.039534,47.989405,False,0
2020-12-31,2004-12-20,4037,False,,ewma,-1,,,0.83234133,,False,2.5164797e-06,2.5164797e-06,0.00019264416,76.553037,18.977519,False,0
2020-12-31,2004-12-20,4037,False,,ledoit_wolf,-1,,0.0055107962,0.83234133,,False,1.0993739e-05,1.0993739e-05,0.00053148211,48.344074,44.529268,False,0
2020-12-31,2004-12-20,4037,False,,state_0_raw,0,2729.7792,,0.83234133,,False,4.9435906e-06,4.9435906e-06,0.00017837544,36.082162,27.433834,False,0
2020-12-31,2004-12-20,4037,False,,state_0_shrunk,0,2729.7792,0.97849292,0.83234133,,False,5.1230434e-06,5.1230434e-06,0.00018588858,36.284794,27.932037,False,0
2020-12-31,2004-12-20,4037,False,,state_1_raw,1,1359.9584,,0.83234133,,False,1.8437363e-05,1.8437363e-05,0.0012546185,68.047612,65.251393,False,0
2020-12-31,2004-12-20,4037,False,,state_1_shrunk,1,1359.9584,0.95774524,0.83234133,,False,1.8162646e-05,1.8162646e-05,0.0012240529,67.393976,64.687993,False,0
2020-12-31,2004-12-20,4037,False,,regime_mixture,-1,,,0.83234133,0.00051429659,True,1.6334226e-05,1.6334226e-05,0.0010497243,64.265325,61.800598,False,0
2020-12-31,2004-12-20,4037,False,,consumed,-1,,,0.83234133,,True,1.6334226e-05,1.6334226e-05,0.0010497243,64.265325,61.800598,False,0
2021-01-29,2004-12-20,4056,False,,sample,-1,,,0.83433741,,False,1.0251234e-05,1.0251234e-05,0.00053293747,51.987643,47.896566,False,0
2021-01-29,2004-12-20,4056,False,,ewma,-1,,,0.83433741,,False,3.4507582e-06,3.4507582e-06,0.0003340862,96.815303,44.674552,False,0
2021-01-29,2004-12-20,4056,False,,ledoit_wolf,-1,,0.0054845211,0.83433741,,False,1.0984455e-05,1.0984455e-05,0.00053067585,48.31153,44.457241,False,0
2021-01-29,2004-12-20,4056,False,,state_0_raw,0,2730.6104,,0.83433741,,False,4.9448932e-06,4.9448932e-06,0.00017849388,36.09661,27.448458,False,0
2021-01-29,2004-12-20,4056,False,,state_0_shrunk,0,2730.6104,0.97849933,0.83433741,,False,5.1239628e-06,5.1239628e-06,0.0001859851,36.297121,27.943203,False,0
2021-01-29,2004-12-20,4056,False,,state_1_raw,1,1377.8574,,0.83433741,,False,1.8294541e-05,1.8294541e-05,0.0012425923,67.921482,64.974843,False,0
2021-01-29,2004-12-20,4056,False,,state_1_shrunk,1,1377.8574,0.95827124,0.83433741,,False,1.8029925e-05,1.8029925e-05,0.0012128755,67.270139,64.420803,False,0
2021-01-29,2004-12-20,4056,False,,regime_mixture,-1,,,0.83433741,0.00049240196,True,1.6252403e-05,1.6252403e-05,0.0010424905,64.143777,61.574039,False,0
2021-01-29,2004-12-20,4056,False,,consumed,-1,,,0.83433741,,True,1.6252403e-05,1.6252403e-05,0.0010424905,64.143777,61.574039,False,0
2021-02-26,2004-12-20,4075,False,,sample,-1,,,0.83619691,,False,1.0246596e-05,1.0246596e-05,0.00053247969,51.966494,47.673033,False,0
2021-02-26,2004-12-20,4075,False,,ewma,-1,,,0.83619691,,False,6.4547488e-06,6.4547488e-06,0.00045850276,71.033401,46.069487,False,0
2021-02-26,2004-12-20,4075,False,,ledoit_wolf,-1,,0.0054505629,0.83619691,,False,1.0975022e-05,1.0975022e-05,0.00053023419,48.312811,44.275743,False,0
2021-02-26,2004-12-20,4075,False,,state_0_raw,0,2729.6339,,0.83619691,,False,4.9435897e-06,4.9435897e-06,0.00017843464,36.094145,27.4421,False,0
2021-02-26,2004-12-20,4075,False,,state_0_shrunk,0,2729.6339,0.9784918,0.83619691,,False,5.1222213e-06,5.1222213e-06,0.00018592127,36.297001,27.934858,False,0
2021-02-26,2004-12-20,4075,False,,state_1_raw,1,1398.2288,,0.83619691,,False,1.8169781e-05,1.8169781e-05,0.0012306556,67.730896,64.264078,False,0
2021-02-26,2004-12-20,4075,False,,state_1_shrunk,1,1398.2288,0.95885419,0.83619691,,False,1.7908099e-05,1.7908099e-05,0.0012018271,67.110813,63.731277,False,0
2021-02-26,2004-12-20,4075,False,,regime_mixture,-1,,,0.83619691,0.0004590669,True,1.6154383e-05,1.6154383e-05,0.0010351578,64.079065,60.980942,False,0
2021-02-26,2004-12-20,4075,False,,consumed,-1,,,0.83619691,,True,1.6154383e-05,1.6154383e-05,0.0010351578,64.079065,60.980942,False,0
2021-03-31,2004-12-20,4098,False,,sample,-1,,,0.21334652,,False,1.0327654e-05,1.0327654e-05,0.00053326682,51.634845,46.97021,False,0
2021-03-31,2004-12-20,4098,False,,ewma,-1,,,0.21334652,,False,7.8595076e-06,7.8595076e-06,0.00058037353,73.843498,27.467698,False,0
2021-03-31,2004-12-20,4098,False,,ledoit_wolf,-1,,0.0053846893,0.21334652,,False,1.1048155e-05,1.1048155e-05,0.00053104453,48.066353,43.692536,False,0
2021-03-31,2004-12-20,4098,False,,state_0_raw,0,2736.1513,,0.21334652,,False,4.9790124e-06,4.9790124e-06,0.00017882167,35.915087,27.213508,False,0
2021-03-31,2004-12-20,4098,False,,state_0_shrunk,0,2736.1513,0.97854193,0.21334652,,False,5.1578049e-06,5.1578049e-06,0.00018630025,36.120065,27.700251,False,0
2021-03-31,2004-12-20,4098,False,,state_1_raw,1,1418.9615,,0.21334652,,False,1.8047521e-05,1.8047521e-05,0.0012240358,67.822933,62.791441,False,0
2021-03-31,2004-12-20,4098,False,,state_1_shrunk,1,1418.9615,0.95943099,0.21334652,,False,1.7798951e-05,1.7798951e-05,0.0011959131,67.190088,62.291435,False,0
2021-03-31,2004-12-20,4098,False,,regime_mixture,-1,,,0.21334652,0.0013708595,True,8.6169921e-06,8.6169921e-06,0.00040084666,46.518165,41.104779,False,0
2021-03-31,2004-12-20,4098,False,,consumed,-1,,,0.21334652,,True,8.6169921e-06,8.6169921e-06,0.00040084666,46.518165,41.104779,False,0
2021-04-30,2004-12-20,4119,False,,sample,-1,,,0.086353921,,False,1.0300419e-05,1.0300419e-05,0.00053155903,51.605572,46.860862,False,0
2021-04-30,2004-12-20,4119,False,,ewma,-1,,,0.086353921,,False,3.9579233e-06,3.9579233e-06,0.00030748827,77.689293,35.352151,False,0
2021-04-30,2004-12-20,4119,False,,ledoit_wolf,-1,,0.0053675683,0.086353921,,False,1.1016546e-05,1.1016546e-05,0.00052935139,48.050576,43.603602,False,0
2021-04-30,2004-12-20,4119,False,,state_0_raw,0,2760.6217,,0.086353921,,False,4.9909249e-06,4.9909249e-06,0.00017931443,35.928097,27.147935,False,0
2021-04-30,2004-12-20,4119,False,,state_0_shrunk,0,2760.6217,0.97872809,0.086353921,,False,5.1669516e-06,5.1669516e-06,0.00018667908,36.129443,27.626803,False,0
2021-04-30,2004-12-20,4119,False,,state_1_raw,1,1415.2572,,0.086353921,,False,1.806662e-05,1.806662e-05,0.0012261267,67.866964,62.901244,False,0
2021-04-30,2004-12-20,4119,False,,state_1_shrunk,1,1415.2572,0.95932913,0.086353921,,False,1.7814746e-05,1.7814746e-05,0.001197779,67.235256,62.395392,False,0
2021-04-30,2004-12-20,4119,False,,regime_mixture,-1,,,0.086353921,0.00093611089,True,6.7457814e-06,6.7457814e-06,0.00027335477,40.522329,33.778331,False,0
2021-04-30,2004-12-20,4119,False,,consumed,-1,,,0.086353921,,True,6.7457814e-06,6.7457814e-06,0.00027335477,40.522329,33.778331,False,0
2021-05-28,2004-12-20,4139,False,,sample,-1,,,0.087593821,,False,1.0304503e-05,1.0304503e-05,0.00053078078,51.509593,46.658939,False,0
2021-05-28,2004-12-20,4139,False,,ewma,-1,,,0.087593821,,False,3.625468e-06,3.625468e-06,0.00032347967,89.224252,34.38095,False,0
2021-05-28,2004-12-20,4139,False,,ledoit_wolf,-1,,0.0053345365,0.087593821,,False,1.1014946e-05,1.1014946e-05,0.00052858965,47.988401,43.443916,False,0
2021-05-28,2004-12-20,4139,False,,state_0_raw,0,2782.1775,,0.087593821,,False,5.0206146e-06,5.0206146e-06,0.00017982493,35.817315,27.005667,False,0
2021-05-28,2004-12-20,4139,False,,state_0_shrunk,0,2782.1775,0.97888943,0.087593821,,False,5.1950032e-06,5.1950032e-06,0.00018710736,36.016794,27.477838,False,0
2021-05-28,2004-12-20,4139,False,,state_1_raw,1,1417.7423,,0.087593821,,False,1.8071553e-05,1.8071553e-05,0.0012275848,67.929127,62.856672,False,0
2021-05-28,2004-12-20,4139,False,,state_1_shrunk,1,1417.7423,0.95939752,0.087593821,,False,1.7818452e-05,1.7818452e-05,0.0011991945,67.30071,62.348523,False,0
2021-05-28,2004-12-20,4139,False,,regime_mixture,-1,,,0.087593821,0.00092876829,True,6.7967007e-06,6.7967007e-06,0.00027511478,40.477696,33.698293,False,0
2021-05-28,2004-12-20,4139,False,,consumed,-1,,,0.087593821,,True,6.7967007e-06,6.7967007e-06,0.00027511478,40.477696,33.698293,False,0
2021-06-30,2004-12-20,4161,False,,sample,-1,,,0.08685783,,False,1.0277591e-05,1.0277591e-05,0.0005285771,51.43006,46.547874,False,0
2021-06-30,2004-12-20,4161,False,,ewma,-1,,,0.08685783,,False,3.9148896e-06,3.9148896e-06,0.00018428807,47.07363,23.38461,False,0
2021-06-30,2004-12-20,4161,False,,ledoit_wolf,-1,,0.0053271638,0.08685783,,False,1.0984836e-05,1.0984836e-05,0.00052639938,47.920549,43.347138,False,0
2021-06-30,2004-12-20,4161,False,,state_0_raw,0,2805.141,,0.08685783,,False,5.0229867e-06,5.0229867e-06,0.00017938654,35.713123,26.892605,False,0
2021-06-30,2004-12-20,4161,False,,state_0_shrunk,0,2805.141,0.97905862,0.08685783,,False,5.1948526e-06,5.1948526e-06,0.00018657102,35.914594,27.362472,False,0
2021-06-30,2004-12-20,4161,False,,state_1_raw,1,1417.2447,,0.08685783,,False,1.807601e-05,1.807601e-05,0.0012280401,67.937568,62.849814,False,0
2021-06-30,2004-12-20,4161,False,,state_1_shrunk,1,1417.2447,0.95938385,0.08685783,,False,1.7821499e-05,1.7821499e-05,0.0011995326,67.30818,62.340508,False,0
2021-06-30,2004-12-20,4161,False,,regime_mixture,-1,,,0.08685783,0.00094438306,True,6.7832778e-06,6.7832778e-06,0.00027389168,40.377483,33.569107,False,0
2021-06-30,2004-12-20,4161,False,,consumed,-1,,,0.08685783,,True,6.7832778e-06,6.7832778e-06,0.00027389168,40.377483,33.569107,False,0
2021-07-30,2004-12-20,4182,False,,sample,-1,,,0.086436972,,False,1.0270338e-05,1.0270338e-05,0.00052698229,51.311097,46.403975,False,0
2021-07-30,2004-12-20,4182,False,,ewma,-1,,,0.086436972,,False,4.2902664e-06,4.2902664e-06,0.00021862026,50.957269,25.195059,False,0
2021-07-30,2004-12-20,4182,False,,ledoit_wolf,-1,,0.0053089401,0.086436972,,False,1.0973111e-05,1.0973111e-05,0.00052481897,47.827726,43.229283,False,0
2021-07-30,2004-12-20,4182,False,,state_0_raw,0,2829.0876,,0.086436972,,False,5.0498113e-06,5.0498113e-06,0.00017987977,35.621087,26.803183,False,0
2021-07-30,2004-12-20,4182,False,,state_0_shrunk,0,2829.0876,0.9792322,0.086436972,,False,5.2187715e-06,5.2187715e-06,0.00018696342,35.825178,27.268726,False,0
2021-07-30,2004-12-20,4182,False,,state_1_raw,1,1415.1076,,0.086436972,,False,1.8093561e-05,1.8093561e-05,0.0012294866,67.951609,62.842924,False,0
2021-07-30,2004-12-20,4182,False,,state_1_shrunk,1,1415.1076,0.959325,0.086436972,,False,1.7837634e-05,1.7837634e-05,0.0012008145,67.319159,62.330968,False,0
2021-07-30,2004-12-20,4182,False,,regime_mixture,-1,,,0.086436972,0.00092429309,True,6.7985308e-06,6.7985308e-06,0.00027394064,40.294094,33.463225,False,0
2021-07-30,2004-12-20,4182,False,,consumed,-1,,,0.086436972,,True,6.7985308e-06,6.7985308e-06,0.00027394064,40.294094,33.463225,False,0
2021-08-31,2004-12-20,4204,False,,sample,-1,,,0.087678388,,False,1.0248257e-05,1.0248257e-05,0.00052500847,51.229052,46.276711,False,0
2021-08-31,2004-12-20,4204,False,,ewma,-1,,,0.087678388,,False,3.1986019e-06,3.1986019e-06,0.00019942666,62.348072,24.627537,False,0
2021-08-31,2004-12-20,4204,False,,ledoit_wolf,-1,,0.0052964394,0.087678388,,False,1.0947131e-05,1.0947131e-05,0.00052285915,47.762209,43.121407,False,0
2021-08-31,2004-12-20,4204,False,,state_0_raw,0,2849.812,,0.087678388,,False,5.0463119e-06,5.0463119e-06,0.00017957849,35.586087,26.7295,False,0
2021-08-31,2004-12-20,4204,False,,state_0_shrunk,0,2849.812,0.97938011,0.087678388,,False,5.2134024e-06,5.2134024e-06,0.00018657651,35.78786,27.19051,False,0
2021-08-31,2004-12-20,4204,False,,state_1_raw,1,1418.7706,,0.087678388,,False,1.8074548e-05,1.8074548e-05,0.0012278343,67.931675,62.757152,False,0
2021-08-31,2004-12-20,4204,False,,state_1_shrunk,1,1418.7706,0.95942576,0.087678388,,False,1.7819224e-05,1.7819224e-05,0.0011992207,67.299263,62.246571,False,0
2021-08-31,2004-12-20,4204,False,,regime_mixture,-1,,,0.087678388,0.00092618682,True,6.8127202e-06,6.8127202e-06,0.00027469208,40.32047,33.467037,False,0
2021-08-31,2004-12-20,4204,False,,consumed,-1,,,0.087678388,,True,6.8127202e-06,6.8127202e-06,0.00027469208,40.32047,33.467037,False,0
2021-09-30,2004-12-20,4225,False,,sample,-1,,,0.82577799,,False,1.0229615e-05,1.0229615e-05,0.0005236322,51.187869,46.239824,False,0
2021-09-30,2004-12-20,4225,False,,ewma,-1,,,0.82577799,,False,4.4485295e-06,4.4485295e-06,0.00026264166,59.040107,43.308903,False,0
2021-09-30,2004-12-20,4225,False,,ledoit_wolf,-1,,0.0052737686,0.82577799,,False,1.0923895e-05,1.0923895e-05,0.00052149804,47.739203,43.10035,False,0
2021-09-30,2004-12-20,4225,False,,state_0_raw,0,2852.603,,0.82577799,,False,5.0394348e-06,5.0394348e-06,0.0001790718,35.534105,26.683496,False,0
2021-09-30,2004-12-20,4225,False,,state_0_shrunk,0,2852.603,0.97939987,0.82577799,,False,5.2059822e-06,5.2059822e-06,0.00018604445,35.736666,27.14497,False,0
2021-09-30,2004-12-20,4225,False,,state_1_raw,1,1438.2477,,0.82577799,,False,1.7956134e-05,1.7956134e-05,0.0012157311,67.705616,62.597806,False,0
2021-09-30,2004-12-20,4225,False,,state_1_shrunk,1,1438.2477,0.95995322,0.82577799,,False,1.7707106e-05,1.7707106e-05,0.0011879197,67.087174,62.095047,False,0
2021-09-30,2004-12-20,4225,False,,regime_mixture,-1,,,0.82577799,0.00049444961,True,1.5905476e-05,1.5905476e-05,0.0010130738,63.693394,59.217721,False,0
2021-09-30,2004-12-20,4225,False,,consumed,-1,,,0.82577799,,True,1.5905476e-05,1.5905476e-05,0.0010130738,63.693394,59.217721,False,0
2021-10-29,2004-12-20,4246,False,,sample,-1,,,0.089182167,,False,1.020213e-05,1.020213e-05,0.0005219475,51.160641,46.200999,False,0
2021-10-29,2004-12-20,4246,False,,ewma,-1,,,0.089182167,,False,4.4939144e-06,4.4939144e-06,0.0001921861,42.765857,33.097773,False,0
2021-10-29,2004-12-20,4246,False,,ledoit_wolf,-1,,0.0052585076,0.089182167,,False,1.0892331e-05,1.0892331e-05,0.0005198268,47.724112,43.073691,False,0
2021-10-29,2004-12-20,4246,False,,state_0_raw,0,2877.256,,0.089182167,,False,5.044721e-06,5.044721e-06,0.00017923124,35.528475,26.675508,False,0
2021-10-29,2004-12-20,4246,False,,state_0_shrunk,0,2877.256,0.97957277,0.089182167,,False,5.2086431e-06,5.2086431e-06,0.00018610863,35.730731,27.132111,False,0
2021-10-29,2004-12-20,4246,False,,state_1_raw,1,1437.852,,0.089182167,,False,1.7965998e-05,1.7965998e-05,0.0012169472,67.736131,62.69728,False,0
2021-10-29,2004-12-20,4246,False,,state_1_shrunk,1,1437.852,0.95994264,0.089182167,,False,1.7715093e-05,1.7715093e-05,0.0011890127,67.118624,62.192064,False,0
2021-10-29,2004-12-20,4246,False,,regime_mixture,-1,,,0.089182167,0.00099353093,True,6.8155971e-06,6.8155971e-06,0.00027486921,40.32944,33.481201,False,0
2021-10-29,2004-12-20,4246,False,,consumed,-1,,,0.089182167,,True,6.8155971e-06,6.8155971e-06,0.00027486921,40.32944,33.481201,False,0
2021-11-30,2004-12-20,4267,False,,sample,-1,,,0.82235475,,False,1.0183456e-05,1.0183456e-05,0.00052074061,51.13594,46.111214,False,0
2021-11-30,2004-12-20,4267,False,,ewma,-1,,,0.82235475,,False,4.1122126e-06,4.1122126e-06,0.00030811855,74.92768,56.08201,False,0
2021-11-30,2004-12-20,4267,False,,ledoit_wolf,-1,,0.0052354471,0.82235475,,False,1.0869319e-05,1.0869319e-05,0.00051863445,47.715449,43.004847,False,0
2021-11-30,2004-12-20,4267,False,,state_0_raw,0,2889.8465,,0.82235475,,False,5.0420196e-06,5.0420196e-06,0.00017883381,35.468687,26.561349,False,0
2021-11-30,2004-12-20,4267,False,,state_0_shrunk,0,2889.8465,0.97965996,0.82235475,,False,5.2050274e-06,5.2050274e-06,0.00018566631,35.670573,27.015817,False,0
2021-11-30,2004-12-20,4267,False,,state_1_raw,1,1446.8767,,0.82235475,,False,1.7925023e-05,1.7925023e-05,0.0012126523,67.651368,62.680356,False,0
2021-11-30,2004-12-20,4267,False,,state_1_shrunk,1,1446.8767,0.96018254,0.82235475,,False,1.7675082e-05,1.7675082e-05,0.0011850086,67.044022,62.1757,False,0
2021-11-30,2004-12-20,4267,False,,regime_mixture,-1,,,0.82235475,0.00053582456,True,1.5830406e-05,1.5830406e-05,0.0010071773,63.622957,59.202469,False,0
2021-11-30,2004-12-20,4267,False,,consumed,-1,,,0.82235475,,True,1.5830406e-05,1.5830406e-05,0.0010071773,63.622957,59.202469,False,0
2021-12-31,2004-12-20,4289,False,,sample,-1,,,0.15210642,,False,1.0213655e-05,1.0213655e-05,0.00052076221,50.986859,45.922243,False,0
2021-12-31,2004-12-20,4289,False,,ewma,-1,,,0.15210642,,False,4.8938108e-06,4.8938108e-06,0.00040422902,82.600051,46.66363,False,0
2021-12-31,2004-12-20,4289,False,,ledoit_wolf,-1,,0.0051834854,0.15210642,,False,1.0892015e-05,1.0892015e-05,0.00051867572,47.619815,42.868787,False,0
2021-12-31,2004-12-20,4289,False,,state_0_raw,0,2895.3218,,0.15210642,,False,5.0390997e-06,5.0390997e-06,0.00017866583,35.455903,26.543817,False,0
2021-12-31,2004-12-20,4289,False,,state_0_shrunk,0,2895.3218,0.97969764,0.15210642,,False,5.20181e-06,5.20181e-06,0.00018549032,35.658803,26.997271,False,0
2021-12-31,2004-12-20,4289,False,,state_1_raw,1,1466.5789,,0.15210642,,False,1.7852957e-05,1.7852957e-05,0.0012052855,67.511812,62.088038,False,0
2021-12-31,2004-12-20,4289,False,,state_1_shrunk,1,1466.5789,0.96069643,0.15210642,,False,1.7613401e-05,1.7613401e-05,0.0011782899,66.897354,61.601436,False,0
2021-12-31,2004-12-20,4289,False,,regime_mixture,-1,,,0.15210642,0.0013095095,True,7.7490012e-06,7.7490012e-06,0.00033566015,43.316569,37.058486,False,0
2021-12-31,2004-12-20,4289,False,,consumed,-1,,,0.15210642,,True,7.7490012e-06,7.7490012e-06,0.00033566015,43.316569,37.058486,False,0
2022-01-31,2004-12-20,4309,False,,sample,-1,,,0.81425709,,False,1.0229915e-05,1.0229915e-05,0.00052173731,51.001137,45.781326,False,0
2022-01-31,2004-12-20,4309,False,,ewma,-1,,,0.81425709,,False,6.4878673e-06,6.4878673e-06,0.00070467299,108.61397,83.574838,False,0
2022-01-31,2004-12-20,4309,False,,ledoit_wolf,-1,,0.0051198036,0.81425709,,False,1.0900714e-05,1.0900714e-05,0.00051967119,47.673134,42.777192,False,0
2022-01-31,2004-12-20,4309,False,,state_0_raw,0,2946.6883,,0.81425709,,False,5.0849366e-06,5.0849366e-06,0.00018227437,35.845947,26.768916,False,0
2022-01-31,2004-12-20,4309,False,,state_0_shrunk,0,2946.6883,0.98004449,0.81425709,,False,5.243595e-06,5.243595e-06,0.00018893013,36.030649,27.20001,False,0
2022-01-31,2004-12-20,4309,False,,state_1_raw,1,1439.0803,,0.81425709,,False,1.8055125e-05,1.8055125e-05,0.0012271701,67.967968,62.268295,False,0
2022-01-31,2004-12-20,4309,False,,state_1_shrunk,1,1439.0803,0.95997546,0.81425709,,False,1.7805636e-05,1.7805636e-05,0.0011988424,67.329379,61.770182,False,0
2022-01-31,2004-12-20,4309,False,,regime_mixture,-1,,,0.81425709,0.00058021078,True,1.5898912e-05,1.5898912e-05,0.0010109321,63.584987,58.706886,False,0
2022-01-31,2004-12-20,4309,False,,consumed,-1,,,0.81425709,,True,1.5898912e-05,1.5898912e-05,0.0010109321,63.584987,58.706886,False,0
2022-02-28,2004-12-20,4328,False,,sample,-1,,,0.81623617,,False,1.024868e-05,1.024868e-05,0.00052285671,51.016982,45.755935,False,0
2022-02-28,2004-12-20,4328,False,,ewma,-1,,,0.81623617,,False,1.1382256e-05,1.1382256e-05,0.00080669412,70.872957,60.521703,False,0
2022-02-28,2004-12-20,4328,False,,ledoit_wolf,-1,,0.0050588305,0.81623617,,False,1.0912445e-05,1.0912445e-05,0.00052080943,47.726193,42.788593,False,0
2022-02-28,2004-12-20,4328,False,,state_0_raw,0,2948.1239,,0.81623617,,False,5.0871404e-06,5.0871404e-06,0.00018242471,35.859972,26.77739,False,0
2022-02-28,2004-12-20,4328,False,,state_0_shrunk,0,2948.1239,0.98005401,0.81623617,,False,5.2454993e-06,5.2454993e-06,0.00018909546,36.049087,27.211526,False,0
2022-02-28,2004-12-20,4328,False,,state_1_raw,1,1456.0368,,0.81623617,,False,1.8103329e-05,1.8103329e-05,0.001222047,67.503997,61.953208,False,0
2022-02-28,2004-12-20,4328,False,,state_1_shrunk,1,1456.0368,0.96042313,0.81623617,,False,1.7852109e-05,1.7852109e-05,0.001194284,66.898766,61.468692,False,0
2022-02-28,2004-12-20,4328,False,,regime_mixture,-1,,,0.81623617,0.00059587858,True,1.5935306e-05,1.5935306e-05,0.0010092417,63.333686,58.478692,False,0
2022-02-28,2004-12-20,4328,False,,consumed,-1,,,0.81623617,,True,1.5935306e-05,1.5935306e-05,0.0010092417,63.333686,58.478692,False,0
2022-03-31,2004-12-20,4351,False,,sample,-1,,,0.8190345,,False,1.0265895e-05,1.0265895e-05,0.00052453512,51.094924,45.780064,False,0
2022-03-31,2004-12-20,4351,False,,ewma,-1,,,0.8190345,,False,8.218414e-06,8.218414e-06,0.00079946052,97.276739,86.84765,False,0
2022-03-31,2004-12-20,4351,False,,ledoit_wolf,-1,,0.0049835653,0.8190345,,False,1.0921925e-05,1.0921925e-05,0.00052251064,47.840529,42.849372,False,0
2022-03-31,2004-12-20,4351,False,,state_0_raw,0,2951.6206,,0.8190345,,False,5.0926336e-06,5.0926336e-06,0.00018270995,35.877302,26.789093,False,0
2022-03-31,2004-12-20,4351,False,,state_0_shrunk,0,2951.6206,0.98007717,0.8190345,,False,5.2503452e-06,5.2503452e-06,0.00018939808,36.073454,27.227867,False,0
2022-03-31,2004-12-20,4351,False,,state_1_raw,1,1475.186,,0.8190345,,False,1.8235976e-05,1.8235976e-05,0.0012181606,66.799855,61.705593,False,0
2022-03-31,2004-12-20,4351,False,,state_1_shrunk,1,1475.186,0.96091679,0.8190345,,False,1.7976283e-05,1.7976283e-05,0.0011909622,66.251863,61.235038,False,0
2022-03-31,2004-12-20,4351,False,,regime_mixture,-1,,,0.8190345,0.00056322315,True,1.6017996e-05,1.6017996e-05,0.0010093867,63.015793,58.33213,False,0
2022-03-31,2004-12-20,4351,False,,consumed,-1,,,0.8190345,,True,1.6017996e-05,1.6017996e-05,0.0010093867,63.015793,58.33213,False,0
2022-04-29,2004-12-20,4371,False,,sample,-1,,,0.8210915,,False,1.0263314e-05,1.0263314e-05,0.00052644061,51.293435,45.860829,False,0
2022-04-29,2004-12-20,4371,False,,ewma,-1,,,0.8210915,,False,1.015301e-05,1.015301e-05,0.0010429047,102.71877,95.758983,False,0
2022-04-29,2004-12-20,4371,False,,ledoit_wolf,-1,,0.0049113922,0.8210915,,False,1.0911714e-05,1.0911714e-05,0.00052443635,48.061775,42.960181,False,0
2022-04-29,2004-12-20,4371,False,,state_0_raw,0,2954.7318,,0.8210915,,False,5.0981387e-06,5.0981387e-06,0.00018293222,35.882159,26.792705,False,0
2022-04-29,2004-12-20,4371,False,,state_0_shrunk,0,2954.7318,0.98009773,0.8210915,,False,5.2553619e-06,5.2553619e-06,0.00018964646,36.08628,27.237025,False,0
2022-04-29,2004-12-20,4371,False,,state_1_raw,1,1492.6823,,0.8210915,,False,1.821003e-05,1.821003e-05,0.0012155471,66.751516,61.623351,False,0
2022-04-29,2004-12-20,4371,False,,state_1_shrunk,1,1492.6823,0.9613572,0.8210915,,False,1.7949574e-05,1.7949574e-05,0.0011888307,66.231697,61.162254,False,0
2022-04-29,2004-12-20,4371,False,,regime_mixture,-1,,,0.8210915,0.00062922787,True,1.5993209e-05,1.5993209e-05,0.0010097437,63.135778,58.307961,False,0
2022-04-29,2004-12-20,4371,False,,consumed,-1,,,0.8210915,,True,1.5993209e-05,1.5993209e-05,0.0010097437,63.135778,58.307961,False,0
2022-05-31,2004-12-20,4392,False,,sample,-1,,,0.82122952,,False,1.029517e-05,1.029517e-05,0.00053108586,51.585925,46.117244,False,0
2022-05-31,2004-12-20,4392,False,,ewma,-1,,,0.82122952,,False,8.1676483e-06,8.1676483e-06,0.0013211748,161.75706,151.0573,False,0
2022-05-31,2004-12-20,4392,False,,ledoit_wolf,-1,,0.0048025694,0.82122952,,False,1.0933441e-05,1.0933441e-05,0.00052910499,48.393273,43.250914,False,0
2022-05-31,2004-12-20,4392,False,,state_0_raw,0,2993.6693,,0.82122952,,False,5.1544217e-06,5.1544217e-06,0.00018568316,36.024053,26.978174,False,0
2022-05-31,2004-12-20,4392,False,,state_0_shrunk,0,2993.6693,0.98035151,0.82122952,,False,5.3070958e-06,5.3070958e-06,0.00019234452,36.242895,27.424291,False,0
2022-05-31,2004-12-20,4392,False,,state_1_raw,1,1473.1689,,0.82122952,,False,1.8528325e-05,1.8528325e-05,0.00124273,67.071904,62.132889,False,0
2022-05-31,2004-12-20,4392,False,,state_1_shrunk,1,1473.1689,0.96086537,0.82122952,,False,1.8251703e-05,1.8251703e-05,0.0012147919,66.557729,61.665777,False,0
2022-05-31,2004-12-20,4392,False,,regime_mixture,-1,,,0.82122952,0.0006201489,True,1.623517e-05,1.623517e-05,0.0010316674,63.545219,58.821246,False,0
2022-05-31,2004-12-20,4392,False,,consumed,-1,,,0.82122952,,True,1.623517e-05,1.623517e-05,0.0010316674,63.545219,58.821246,False,0
2022-06-30,2004-12-20,4413,False,,sample,-1,,,0.82366256,,False,1.0297678e-05,1.0297678e-05,0.00053467446,51.921848,46.399475,False,0
2022-06-30,2004-12-20,4413,False,,ewma,-1,,,0.82366256,,False,7.5393052e-06,7.5393052e-06,0.0012462026,165.2941,152.36098,False,0
2022-06-30,2004-12-20,4413,False,,ledoit_wolf,-1,,0.0047149233,0.82366256,,False,1.0927735e-05,1.0927735e-05,0.00053271385,48.748788,43.550972,False,0
2022-06-30,2004-12-20,4413,False,,state_0_raw,0,2994.9327,,0.82366256,,False,5.1562427e-06,5.1562427e-06,0.00018578952,36.031958,26.986289,False,0
2022-06-30,2004-12-20,4413,False,,state_0_shrunk,0,2994.9327,0.98035963,0.82366256,,False,5.3086594e-06,5.3086594e-06,0.00019251689,36.264691,27.443951,False,0
2022-06-30,2004-12-20,4413,False,,state_1_raw,1,1492.0676,,0.82366256,,False,1.8610519e-05,1.8610519e-05,0.0012440174,66.844852,62.379359,False,0
2022-06-30,2004-12-20,4413,False,,state_1_shrunk,1,1492.0676,0.96134189,0.82366256,,False,1.8327576e-05,1.8327576e-05,0.0012165094,66.375904,61.918474,False,0
2022-06-30,2004-12-20,4413,False,,regime_mixture,-1,,,0.82366256,0.00066579928,True,1.6280523e-05,1.6280523e-05,0.0010356077,63.610224,59.104079,False,0
2022-06-30,2004-12-20,4413,False,,consumed,-1,,,0.82366256,,True,1.6280523e-05,1.6280523e-05,0.0010356077,63.610224,59.104079,False,0
2022-07-29,2004-12-20,4433,False,,sample,-1,,,0.82557401,,False,1.0327219e-05,1.0327219e-05,0.00053499741,51.804595,46.342803,False,0
2022-07-29,2004-12-20,4433,False,,ewma,-1,,,0.82557401,,False,7.8630943e-06,7.8630943e-06,0.00083278422,105.9105,93.964193,False,0
2022-07-29,2004-12-20,4433,False,,ledoit_wolf,-1,,0.0046727359,0.82557401,,False,1.0951732e-05,1.0951732e-05,0.00053305247,48.672893,43.525768,False,0
2022-07-29,2004-12-20,4433,False,,state_0_raw,0,2995.3972,,0.82557401,,False,5.1575647e-06,5.1575647e-06,0.00018584029,36.032566,26.987432,False,0
2022-07-29,2004-12-20,4433,False,,state_0_shrunk,0,2995.3972,0.98036262,0.82557401,,False,5.3098736e-06,5.3098736e-06,0.00019257279,36.266925,27.446183,False,0
2022-07-29,2004-12-20,4433,False,,state_1_raw,1,1510.7352,,0.82557401,,False,1.8679768e-05,1.8679768e-05,0.001236196,66.178337,62.088357,False,0
2022-07-29,2004-12-20,4433,False,,state_1_shrunk,1,1510.7352,0.96180133,0.82557401,,False,1.8396473e-05,1.8396473e-05,0.0012093268,65.736881,61.638314,False,0
2022-07-29,2004-12-20,4433,False,,regime_mixture,-1,,,0.82557401,0.00058843449,True,1.6342834e-05,1.6342834e-05,0.0010316508,63.125575,58.880277,False,0
2022-07-29,2004-12-20,4433,False,,consumed,-1,,,0.82557401,,True,1.6342834e-05,1.6342834e-05,0.0010316508,63.125575,58.880277,False,0
2022-08-31,2004-12-20,4456,False,,sample,-1,,,0.8280165,,False,1.0305961e-05,1.0305961e-05,0.00053516656,51.927866,46.375613,False,0
2022-08-31,2004-12-20,4456,False,,ewma,-1,,,0.8280165,,False,4.924241e-06,4.924241e-06,0.00071332724,144.86034,147.11838,False,0
2022-08-31,2004-12-20,4456,False,,ledoit_wolf,-1,,0.0046273048,0.8280165,,False,1.0924405e-05,1.0924405e-05,0.00053323908,48.811727,43.578979,False,0
2022-08-31,2004-12-20,4456,False,,state_0_raw,0,2996.0018,,0.8280165,,False,5.1596984e-06,5.1596984e-06,0.00018587829,36.02503,26.982794,False,0
2022-08-31,2004-12-20,4456,False,,state_0_shrunk,0,2996.0018,0.9803665,0.8280165,,False,5.3112333e-06,5.3112333e-06,0.00019261388,36.265377,27.444454,False,0
2022-08-31,2004-12-20,4456,False,,state_1_raw,1,1531.9752,,0.8280165,,False,1.8546852e-05,1.8546852e-05,0.0012264795,66.128718,61.975111,False,0
2022-08-31,2004-12-20,4456,False,,state_1_shrunk,1,1531.9752,0.96231097,0.8280165,,False,1.8269536e-05,1.8269536e-05,0.0012003423,65.701847,61.533106,False,0
2022-08-31,2004-12-20,4456,False,,regime_mixture,-1,,,0.8280165,0.000603986,True,1.6254266e-05,1.6254266e-05,0.0010267113,63.165652,58.817833,False,0
2022-08-31,2004-12-20,4456,False,,consumed,-1,,,0.8280165,,True,1.6254266e-05,1.6254266e-05,0.0010267113,63.165652,58.817833,False,0
2022-09-30,2004-12-20,4477,False,,sample,-1,,,0.83098182,,False,1.0298424e-05,1.0298424e-05,0.00053667317,52.112164,46.475937,False,0
2022-09-30,2004-12-20,4477,False,,ewma,-1,,,0.83098182,,False,4.716496e-06,4.716496e-06,0.0008011796,169.86755,180.97903,False,0
2022-09-30,2004-12-20,4477,False,,ledoit_wolf,-1,,0.0045713999,0.83098182,,False,1.0910917e-05,1.0910917e-05,0.00053476236,49.011678,43.698183,False,0
2022-09-30,2004-12-20,4477,False,,state_0_raw,0,2994.959,,0.83098182,,False,5.1598728e-06,5.1598728e-06,0.00018584086,36.016559,26.978868,False,0
2022-09-30,2004-12-20,4477,False,,state_0_shrunk,0,2994.959,0.9803598,0.83098182,,False,5.3112518e-06,5.3112518e-06,0.0001926115,36.264802,27.44612,False,0
2022-09-30,2004-12-20,4477,False,,state_1_raw,1,1553.786,,0.83098182,,False,1.8467072e-05,1.8467072e-05,0.0012204111,66.085796,61.924801,False,0
2022-09-30,2004-12-20,4477,False,,state_1_shrunk,1,1553.786,0.96282035,0.83098182,,False,1.819403e-05,1.819403e-05,0.0011949097,65.675919,61.491348,False,0
2022-09-30,2004-12-20,4477,False,,regime_mixture,-1,,,0.83098182,0.00065246042,True,1.6211706e-05,1.6211706e-05,0.0010251972,63.238081,58.829861,False,0
2022-09-30,2004-12-20,4477,False,,consumed,-1,,,0.83098182,,True,1.6211706e-05,1.6211706e-05,0.0010251972,63.238081,58.829861,False,0
2022-10-31,2004-12-20,4498,False,,sample,-1,,,0.83415053,,False,1.0300566e-05,1.0300566e-05,0.00053896717,52.324036,46.666845,False,0
2022-10-31,2004-12-20,4498,False,,ewma,-1,,,0.83415053,,False,6.0927199e-06,6.0927199e-06,0.00093704064,153.79677,161.23312,False,0
2022-10-31,2004-12-20,4498,False,,ledoit_wolf,-1,,0.0045007004,0.83415053,,False,1.090573e-05,1.090573e-05,0.00053707596,49.247135,43.909623,False,0
2022-10-31,2004-12-20,4498,False,,state_0_raw,0,2993.2434,,0.83415053,,False,5.1577413e-06,5.1577413e-06,0.00018571751,36.007527,26.970651,False,0
2022-10-31,2004-12-20,4498,False,,state_0_shrunk,0,2993.2434,0.98034877,0.83415053,,False,5.3094396e-06,5.3094396e-06,0.00019254159,36.264013,27.44571,False,0
2022-10-31,2004-12-20,4498,False,,state_1_raw,1,1577.401,,0.83415053,,False,1.8366912e-05,1.8366912e-05,0.0012167606,66.24742,62.102872,False,0
2022-10-31,2004-12-20,4498,False,,state_1_shrunk,1,1577.401,0.96335656,0.83415053,,False,1.8100654e-05,1.8100654e-05,0.0011918457,65.84545,61.674348,False,0
2022-10-31,2004-12-20,4498,False,,regime_mixture,-1,,,0.83415053,0.00058622833,True,1.6166113e-05,1.6166113e-05,0.0010258176,63.45481,59.044641,False,0
2022-10-31,2004-12-20,4498,False,,consumed,-1,,,0.83415053,,True,1.6166113e-05,1.6166113e-05,0.0010258176,63.45481,59.044641,False,0
2022-11-30,2004-12-20,4519,False,,sample,-1,,,0.83640644,,False,1.0275435e-05,1.0275435e-05,0.00054177008,52.724783,46.889305,False,0
2022-11-30,2004-12-20,4519,False,,ewma,-1,,,0.83640644,,False,3.8945006e-06,3.8945006e-06,0.0010838142,278.29349,301.80786,False,0
2022-11-30,2004-12-20,4519,False,,ledoit_wolf,-1,,0.0044544026,0.83640644,,False,1.0877215e-05,1.0877215e-05,0.00053988728,49.634696,44.131772,False,0
2022-11-30,2004-12-20,4519,False,,state_0_raw,0,2993.9501,,0.83640644,,False,5.1597863e-06,5.1597863e-06,0.00018575285,36.000105,26.968109,False,0
2022-11-30,2004-12-20,4519,False,,state_0_shrunk,0,2993.9501,0.98035331,0.83640644,,False,5.3108048e-06,5.3108048e-06,0.00019263288,36.271882,27.453267,False,0
2022-11-30,2004-12-20,4519,False,,state_1_raw,1,1597.1059,,0.83640644,,False,1.8204375e-05,1.8204375e-05,0.0012163634,66.817094,62.293869,False,0
2022-11-30,2004-12-20,4519,False,,state_1_shrunk,1,1597.1059,0.9637923,0.83640644,,False,1.7945851e-05,1.7945851e-05,0.0011918613,66.414313,61.869877,False,0
2022-11-30,2004-12-20,4519,False,,regime_mixture,-1,,,0.83640644,0.00055385699,True,1.6060588e-05,1.6060588e-05,0.0010281133,64.014673,59.266947,False,0
2022-11-30,2004-12-20,4519,False,,consumed,-1,,,0.83640644,,True,1.6060588e-05,1.6060588e-05,0.0010281133,64.014673,59.266947,False,0
2022-12-30,2004-12-20,4540,False,,sample,-1,,,0.83802474,,False,1.0250732e-05,1.0250732e-05,0.000541632,52.838371,46.956206,False,0
2022-12-30,2004-12-20,4540,False,,ewma,-1,,,0.83802474,,False,3.6943543e-06,3.6943543e-06,0.00069692049,188.64473,181.59533,False,0
2022-12-30,2004-12-20,4540,False,,ledoit_wolf,-1,,0.0044178399,0.83802474,,False,1.084744e-05,1.084744e-05,0.00053976462,49.759633,44.211606,False,0
2022-12-30,2004-12-20,4540,False,,state_0_raw,0,2994.8412,,0.83802474,,False,5.1624854e-06,5.1624854e-06,0.00018581526,35.993373,26.967481,False,0
2022-12-30,2004-12-20,4540,False,,state_0_shrunk,0,2994.8412,0.98035904,0.83802474,,False,5.312655e-06,5.312655e-06,0.00019269101,36.27019,27.455097,False,0
2022-12-30,2004-12-20,4540,False,,state_1_raw,1,1616.2812,,0.83802474,,False,1.804619e-05,1.804619e-05,0.0012075038,66.911843,62.311738,False,0
2022-12-30,2004-12-20,4540,False,,state_1_shrunk,1,1616.2812,0.96420648,0.83802474,,False,1.7795005e-05,1.7795005e-05,0.0011835949,66.512761,61.891857,False,0
2022-12-30,2004-12-20,4540,False,,regime_mixture,-1,,,0.83802474,0.00059454307,True,1.5951071e-05,1.5951071e-05,0.0010228187,64.122263,59.301216,False,0
2022-12-30,2004-12-20,4540,False,,consumed,-1,,,0.83802474,,True,1.5951071e-05,1.5951071e-05,0.0010228187,64.122263,59.301216,False,0
2023-01-31,2004-12-20,4560,False,,sample,-1,,,0.83965048,,False,1.023184e-05,1.023184e-05,0.00054116513,52.890305,46.993392,False,0
2023-01-31,2004-12-20,4560,False,,ewma,-1,,,0.83965048,,False,3.5460818e-06,3.5460818e-06,0.000509609,143.71045,123.67661,False,0
2023-01-31,2004-12-20,4560,False,,ledoit_wolf,-1,,0.0043899782,0.83965048,,False,1.0824274e-05,1.0824274e-05,0.00053931086,49.824207,44.260575,False,0
2023-01-31,2004-12-20,4560,False,,state_0_raw,0,2996.5402,,0.83965048,,False,5.1658006e-06,5.1658006e-06,0.00018595184,35.996712,26.975819,False,0
2023-01-31,2004-12-20,4560,False,,state_0_shrunk,0,2996.5402,0.98036996,0.83965048,,False,5.3150677e-06,5.3150677e-06,0.00019281284,36.276648,27.464515,False,0
2023-01-31,2004-12-20,4560,False,,state_1_raw,1,1633.5351,,0.83965048,,False,1.7922723e-05,1.7922723e-05,0.0011992183,66.910499,62.302108,False,0
2023-01-31,2004-12-20,4560,False,,state_1_shrunk,1,1633.5351,0.96457115,0.83965048,,False,1.7677453e-05,1.7677453e-05,0.0011758305,66.515834,61.886067,False,0
2023-01-31,2004-12-20,4560,False,,regime_mixture,-1,,,0.83965048,0.00054368468,True,1.5868926e-05,1.5868926e-05,0.0010179342,64.146383,59.312869,False,0
2023-01-31,2004-12-20,4560,False,,consumed,-1,,,0.83965048,,True,1.5868926e-05,1.5868926e-05,0.0010179342,64.146383,59.312869,False,0
2023-02-28,2004-12-20,4579,False,,sample,-1,,,0.84151841,,False,1.0220593e-05,1.0220593e-05,0.00054072283,52.905229,46.912255,False,0
2023-02-28,2004-12-20,4579,False,,ewma,-1,,,0.84151841,,False,3.4151597e-06,3.4151597e-06,0.00044689744,130.85697,108.99745,False,0
2023-02-28,2004-12-20,4579,False,,ledoit_wolf,-1,,0.0043636781,0.84151841,,False,1.0809073e-05,1.0809073e-05,0.00053888102,49.85451,44.201091,False,0
2023-02-28,2004-12-20,4579,False,,state_0_raw,0,2998.0367,,0.84151841,,False,5.1682973e-06,5.1682973e-06,0.0001860698,36.002147,26.98444,False,0
2023-02-28,2004-12-20,4579,False,,state_0_shrunk,0,2998.0367,0.98037957,0.84151841,,False,5.3168081e-06,5.3168081e-06,0.00019291699,36.284363,27.472415,False,0
2023-02-28,2004-12-20,4579,False,,state_1_raw,1,1650.5866,,0.84151841,,False,1.7815562e-05,1.7815562e-05,0.0011910278,66.853226,62.016176,False,0
2023-02-28,2004-12-20,4579,False,,state_1_shrunk,1,1650.5866,0.96492431,0.84151841,,False,1.7575935e-05,1.7575935e-05,0.0011681454,66.462772,61.608305,False,0
2023-02-28,2004-12-20,4579,False,,regime_mixture,-1,,,0.84151841,0.00054251182,True,1.5804338e-05,1.5804338e-05,0.0010133237,64.116808,59.085319,False,0
2023-02-28,2004-12-20,4579,False,,consumed,-1,,,0.84151841,,True,1.5804338e-05,1.5804338e-05,0.0010133237,64.116808,59.085319,False,0
2023-03-31,2004-12-20,4602,False,,sample,-1,,,0.84329722,,False,1.019463e-05,1.019463e-05,0.00054041849,53.010114,47.041346,False,0
2023-03-31,2004-12-20,4602,False,,ewma,-1,,,0.84329722,,False,2.9826698e-06,2.9826698e-06,0.0004920836,164.98091,144.20967,False,0
2023-03-31,2004-12-20,4602,False,,ledoit_wolf,-1,,0.0043310937,0.84329722,,False,1.0779073e-05,1.0779073e-05,0.00053859177,49.966429,44.333157,False,0
2023-03-31,2004-12-20,4602,False,,state_0_raw,0,3000.196,,0.84329722,,False,5.1706175e-06,5.1706175e-06,0.0001862441,36.019701,27.002979,False,0
2023-03-31,2004-12-20,4602,False,,state_0_shrunk,0,3000.196,0.98039341,0.84329722,,False,5.3180783e-06,5.3180783e-06,0.00019307584,36.305566,27.493219,False,0
2023-03-31,2004-12-20,4602,False,,state_1_raw,1,1671.0442,,0.84329722,,False,1.7678626e-05,1.7678626e-05,0.0011822451,66.874265,62.164092,False,0
2023-03-31,2004-12-20,4602,False,,state_1_shrunk,1,1671.0442,0.96533884,0.84329722,,False,1.7445191e-05,1.7445191e-05,0.0011599276,66.489817,61.758616,False,0
2023-03-31,2004-12-20,4602,False,,regime_mixture,-1,,,0.84329722,0.00052561064,True,1.5709856e-05,1.5709856e-05,0.0010081531,64.173289,59.241513,False,0
2023-03-31,2004-12-20,4602,False,,consumed,-1,,,0.84329722,,True,1.5709856e-05,1.5709856e-05,0.0010081531,64.173289,59.241513,False,0
2023-04-28,2004-12-20,4621,False,,sample,-1,,,0.82955818,,False,1.0186912e-05,1.0186912e-05,0.00053913854,52.92463,47.01433,False,0
2023-04-28,2004-12-20,4621,False,,ewma,-1,,,0.82955818,,False,3.085657e-06,3.085657e-06,0.00034203533,110.84684,100.05805,False,0
2023-04-28,2004-12-20,4621,False,,ledoit_wolf,-1,,0.0043180828,0.82955818,,False,1.0768333e-05,1.0768333e-05,0.00053732193,49.898338,44.316901,False,0
2023-04-28,2004-12-20,4621,False,,state_0_raw,0,3002.1061,,0.82955818,,False,5.1728599e-06,5.1728599e-06,0.00018635268,36.025077,27.008887,False,0
2023-04-28,2004-12-20,4621,False,,state_0_shrunk,0,3002.1061,0.98040564,0.82955818,,False,5.3196126e-06,5.3196126e-06,0.00019315305,36.309608,27.49751,False,0
2023-04-28,2004-12-20,4621,False,,state_1_raw,1,1689.2938,,0.82955818,,False,1.7592782e-05,1.7592782e-05,0.0011719007,66.612586,62.058038,False,0
2023-04-28,2004-12-20,4621,False,,state_1_shrunk,1,1689.2938,0.96570044,0.82955818,,False,1.7364231e-05,1.7364231e-05,0.0011501272,66.235425,61.656958,False,0
2023-04-28,2004-12-20,4621,False,,regime_mixture,-1,,,0.82955818,0.00057133347,True,1.5488017e-05,1.5488017e-05,0.00098672958,63.709226,58.887332,False,0
2023-04-28,2004-12-20,4621,False,,consumed,-1,,,0.82955818,,True,1.5488017e-05,1.5488017e-05,0.00098672958,63.709226,58.887332,False,0
2023-05-31,2004-12-20,4643,False,,sample,-1,,,0.84326269,,False,1.0160974e-05,1.0160974e-05,0.00053774501,52.922585,47.015346,False,0
2023-05-31,2004-12-20,4643,False,,ewma,-1,,,0.84326269,,False,3.003953e-06,3.003953e-06,0.00027548482,91.707432,79.954924,False,0
2023-05-31,2004-12-20,4643,False,,ledoit_wolf,-1,,0.0043028226,0.84326269,,False,1.0739179e-05,1.0739179e-05,0.00053593997,49.905115,44.325218,False,0
2023-05-31,2004-12-20,4643,False,,state_0_raw,0,2990.7384,,0.84326269,,False,5.1789228e-06,5.1789228e-06,0.0001860321,35.921003,26.919839,False,0
2023-05-31,2004-12-20,4643,False,,state_0_shrunk,0,2990.7384,0.98033263,0.84326269,,False,5.325458e-06,5.325458e-06,0.00019283713,36.21043,27.412301,False,0
2023-05-31,2004-12-20,4643,False,,state_1_raw,1,1722.7512,,0.84326269,,False,1.7343814e-05,1.7343814e-05,0.0011538483,66.527944,61.98335,False,0
2023-05-31,2004-12-20,4643,False,,state_1_shrunk,1,1722.7512,0.96634415,0.84326269,,False,1.7126792e-05,1.7126792e-05,0.0011330446,66.156266,61.587497,False,0
2023-05-31,2004-12-20,4643,False,,regime_mixture,-1,,,0.84326269,0.00049273824,True,1.5438691e-05,1.5438691e-05,0.00098541386,63.827551,59.030197,False,0
2023-05-31,2004-12-20,4643,False,,consumed,-1,,,0.84326269,,True,1.5438691e-05,1.5438691e-05,0.00098541386,63.827551,59.030197,False,0
2023-06-30,2004-12-20,4664,False,,sample,-1,,,0.090561195,,False,1.0137391e-05,1.0137391e-05,0.00053628155,52.901338,46.965769,False,0
2023-06-30,2004-12-20,4664,False,,ewma,-1,,,0.090561195,,False,2.8063542e-06,2.8063542e-06,0.00020774431,74.026406,55.33073,False,0
2023-06-30,2004-12-20,4664,False,,ledoit_wolf,-1,,0.0042923823,0.090561195,,False,1.0713088e-05,1.0713088e-05,0.00053448651,49.890985,44.283683,False,0
2023-06-30,2004-12-20,4664,False,,state_0_raw,0,3008.4543,,0.090561195,,False,5.1673817e-06,5.1673817e-06,0.00018565769,35.928773,26.890644,False,0
2023-06-30,2004-12-20,4664,False,,state_0_shrunk,0,3008.4543,0.98044618,0.090561195,,False,5.3127208e-06,5.3127208e-06,0.00019240519,36.215942,27.379325,False,0
2023-06-30,2004-12-20,4664,False,,state_1_raw,1,1728.4022,,0.090561195,,False,1.7316008e-05,1.7316008e-05,0.0011522255,66.541061,61.983894,False,0
2023-06-30,2004-12-20,4664,False,,state_1_shrunk,1,1728.4022,0.9664505,0.090561195,,False,1.7099808e-05,1.7099808e-05,0.0011314934,66.169948,61.588364,False,0
2023-06-30,2004-12-20,4664,False,,regime_mixture,-1,,,0.090561195,0.0010414624,True,6.7384602e-06,6.7384602e-06,0.00027682189,41.080882,33.607412,False,0
2023-06-30,2004-12-20,4664,False,,consumed,-1,,,0.090561195,,True,6.7384602e-06,6.7384602e-06,0.00027682189,41.080882,33.607412,False,0
2023-07-31,2004-12-20,4684,False,,sample,-1,,,0.089423485,,False,1.0114797e-05,1.0114797e-05,0.00053466278,52.859467,46.833485,False,0
2023-07-31,2004-12-20,4684,False,,ewma,-1,,,0.089423485,,False,3.5767149e-06,3.5767149e-06,0.00019205188,53.695049,37.638756,False,0
2023-07-31,2004-12-20,4684,False,,ledoit_wolf,-1,,0.0042844738,0.089423485,,False,1.0687904e-05,1.0687904e-05,0.00053287697,49.857947,44.166993,False,0
2023-07-31,2004-12-20,4684,False,,state_0_raw,0,3044.3712,,0.089423485,,False,5.1480188e-06,5.1480188e-06,0.00018577125,36.085969,26.89259,False,0
2023-07-31,2004-12-20,4684,False,,state_0_shrunk,0,3044.3712,0.98067241,0.089423485,,False,5.2914806e-06,5.2914806e-06,0.00019240396,36.361082,27.370122,False,0
2023-07-31,2004-12-20,4684,False,,state_1_raw,1,1718.4512,,0.089423485,,False,1.7424043e-05,1.7424043e-05,0.0011591291,66.524694,61.979581,False,0
2023-07-31,2004-12-20,4684,False,,state_1_shrunk,1,1718.4512,0.96626278,0.089423485,,False,1.7202223e-05,1.7202223e-05,0.0011379934,66.153861,61.581599,False,0
2023-07-31,2004-12-20,4684,False,,regime_mixture,-1,,,0.089423485,0.0011055588,True,6.7153277e-06,6.7153277e-06,0.00027630475,41.145385,33.539183,False,0
2023-07-31,2004-12-20,4684,False,,consumed,-1,,,0.089423485,,True,6.7153277e-06,6.7153277e-06,0.00027630475,41.145385,33.539183,False,0
2023-08-31,2004-12-20,4707,False,,sample,-1,,,0.083156617,,False,1.0077372e-05,1.0077372e-05,0.00053313239,52.90391,46.848209,False,0
2023-08-31,2004-12-20,4707,False,,ewma,-1,,,0.083156617,,False,2.2877169e-06,2.2877169e-06,0.00024611744,107.58212,104.9377,False,0
2023-08-31,2004-12-20,4707,False,,ledoit_wolf,-1,,0.0042685115,0.083156617,,False,1.0646748e-05,1.0646748e-05,0.00053135845,49.908054,44.188783,False,0
2023-08-31,2004-12-20,4707,False,,state_0_raw,0,3077.2419,,0.083156617,,False,5.0889429e-06,5.0889429e-06,0.00018605656,36.560944,27.318352,False,0
2023-08-31,2004-12-20,4707,False,,state_0_shrunk,0,3077.2419,0.98087492,0.083156617,,False,5.230648e-06,5.230648e-06,0.0001925944,36.82037,27.779329,False,0
2023-08-31,2004-12-20,4707,False,,state_1_raw,1,1707.5572,,0.083156617,,False,1.7551489e-05,1.7551489e-05,0.0011650808,66.380741,61.764598,False,0
2023-08-31,2004-12-20,4707,False,,state_1_shrunk,1,1707.5572,0.96605485,0.083156617,,False,1.7322835e-05,1.7322835e-05,0.0011435617,66.0147,61.373193,False,0
2023-08-31,2004-12-20,4707,False,,regime_mixture,-1,,,0.083156617,0.0010216284,True,6.5804922e-06,6.5804922e-06,0.00027110343,41.198048,33.499672,False,0
2023-08-31,2004-12-20,4707,False,,consumed,-1,,,0.083156617,,True,6.5804922e-06,6.5804922e-06,0.00027110343,41.198048,33.499672,False,0
2023-09-29,2004-12-20,4727,False,,sample,-1,,,0.10113227,,False,1.0048474e-05,1.0048474e-05,0.00053170449,52.913952,46.847705,False,0
2023-09-29,2004-12-20,4727,False,,ewma,-1,,,0.10113227,,False,1.8386748e-06,1.8386748e-06,0.0002055356,111.78464,100.40577,False,0
2023-09-29,2004-12-20,4727,False,,ledoit_wolf,-1,,0.0042561544,0.10113227,,False,1.0614754e-05,1.0614754e-05,0.00052994063,49.924907,44.194797,False,0
2023-09-29,2004-12-20,4727,False,,state_0_raw,0,3099.3071,,0.10113227,,False,5.0777376e-06,5.0777376e-06,0.00018660385,36.749407,27.504669,False,0
2023-09-29,2004-12-20,4727,False,,state_0_shrunk,0,3099.3071,0.98100849,0.10113227,,False,5.217404e-06,5.217404e-06,0.00019305997,37.003071,27.957015,False,0
2023-09-29,2004-12-20,4727,False,,state_1_raw,1,1700.8365,,0.10113227,,False,1.7581079e-05,1.7581079e-05,0.0011669062,66.372842,61.737508,False,0
2023-09-29,2004-12-20,4727,False,,state_1_shrunk,1,1700.8365,0.96592529,0.10113227,,False,1.7349564e-05,1.7349564e-05,0.0011451944,66.007099,61.346887,False,0
2023-09-29,2004-12-20,4727,False,,regime_mixture,-1,,,0.10113227,0.0010873947,True,6.8281761e-06,6.8281761e-06,0.00028872309,42.284073,34.766301,False,0
2023-09-29,2004-12-20,4727,False,,consumed,-1,,,0.10113227,,True,6.8281761e-06,6.8281761e-06,0.00028872309,42.284073,34.766301,False,0
2023-10-31,2004-12-20,4749,False,,sample,-1,,,0.83700454,,False,1.0019642e-05,1.0019642e-05,0.00053060351,52.956335,46.852811,False,0
2023-10-31,2004-12-20,4749,False,,ewma,-1,,,0.83700454,,False,2.9985571e-06,2.9985571e-06,0.00027703002,92.387777,77.952082,False,0
2023-10-31,2004-12-20,4749,False,,ledoit_wolf,-1,,0.0042373499,0.83700454,,False,1.0582711e-05,1.0582711e-05,0.00052885153,49.973164,44.207316,False,0
2023-10-31,2004-12-20,4749,False,,state_0_raw,0,3114.8878,,0.83700454,,False,5.0735482e-06,5.0735482e-06,0.00018707799,36.873208,27.594588,False,0
2023-10-31,2004-12-20,4749,False,,state_0_shrunk,0,3114.8878,0.98110169,0.83700454,,False,5.2117992e-06,5.2117992e-06,0.00019347331,37.122173,28.041083,False,0
2023-10-31,2004-12-20,4749,False,,state_1_raw,1,1707.9397,,0.83700454,,False,1.7509048e-05,1.7509048e-05,0.0011634009,66.445698,61.752557,False,0
2023-10-31,2004-12-20,4749,False,,state_1_shrunk,1,1707.9397,0.96606219,0.83700454,,False,1.7279934e-05,1.7279934e-05,0.0011418583,66.080016,61.362888,False,0
2023-10-31,2004-12-20,4749,False,,regime_mixture,-1,,,0.83700454,0.00051886327,True,1.5484626e-05,1.5484626e-05,0.00098702146,63.742029,58.789968,False,0
2023-10-31,2004-12-20,4749,False,,consumed,-1,,,0.83700454,,True,1.5484626e-05,1.5484626e-05,0.00098702146,63.742029,58.789968,False,0
2023-11-30,2004-12-20,4770,False,,sample,-1,,,0.082503098,,False,1.000429e-05,1.000429e-05,0.00052976823,52.954106,46.697219,False,0
2023-11-30,2004-12-20,4770,False,,ewma,-1,,,0.082503098,,False,2.990901e-06,2.990901e-06,0.00028605293,95.641055,58.665135,False,0
2023-11-30,2004-12-20,4770,False,,ledoit_wolf,-1,,0.0042202717,0.082503098,,False,1.056442e-05,1.056442e-05,0.00052802631,49.981572,44.072535,False,0
2023-11-30,2004-12-20,4770,False,,state_0_raw,0,3135.394,,0.082503098,,False,5.0698596e-06,5.0698596e-06,0.00018785952,37.054186,27.543351,False,0
2023-11-30,2004-12-20,4770,False,,state_0_shrunk,0,3135.394,0.98122297,0.082503098,,False,5.2069908e-06,5.2069908e-06,0.00019418269,37.292689,27.981164,False,0
2023-11-30,2004-12-20,4770,False,,state_1_raw,1,1709.8366,,0.082503098,,False,1.7502514e-05,1.7502514e-05,0.0011631722,66.457432,61.751403,False,0
2023-11-30,2004-12-20,4770,False,,state_1_shrunk,1,1709.8366,0.96609857,0.082503098,,False,1.7273375e-05,1.7273375e-05,0.0011416321,66.092011,61.358032,False,0
2023-11-30,2004-12-20,4770,False,,regime_mixture,-1,,,0.082503098,0.0010318823,True,6.5457125e-06,6.5457125e-06,0.00027177396,41.519386,33.571548,False,0
2023-11-30,2004-12-20,4770,False,,consumed,-1,,,0.082503098,,True,6.5457125e-06,6.5457125e-06,0.00027177396,41.519386,33.571548,False,0
2023-12-29,2004-12-20,4790,False,,sample,-1,,,0.082517601,,False,9.9790392e-06,9.9790392e-06,0.00052854977,52.965998,46.601261,False,0
2023-12-29,2004-12-20,4790,False,,ewma,-1,,,0.082517601,,False,1.7413603e-06,1.7413603e-06,0.00027493229,157.88364,77.169415,False,0
2023-12-29,2004-12-20,4790,False,,ledoit_wolf,-1,,0.0042091761,0.082517601,,False,1.0536905e-05,1.0536905e-05,0.00052681708,49.997325,43.987621,False,0
2023-12-29,2004-12-20,4790,False,,state_0_raw,0,3151.8594,,0.082517601,,False,5.0481392e-06,5.0481392e-06,0.00018800447,37.24233,27.52936,False,0
2023-12-29,2004-12-20,4790,False,,state_0_shrunk,0,3151.8594,0.98131923,0.082517601,,False,5.1845232e-06,5.1845232e-06,0.00019426478,37.470135,27.961002,False,0
2023-12-29,2004-12-20,4790,False,,state_1_raw,1,1713.5363,,0.082517601,,False,1.7484494e-05,1.7484494e-05,0.0011615143,66.431108,61.714702,False,0
2023-12-29,2004-12-20,4790,False,,state_1_shrunk,1,1713.5363,0.96616929,0.082517601,,False,1.7255612e-05,1.7255612e-05,0.0011400339,66.067428,61.320425,False,0
2023-12-29,2004-12-20,4790,False,,regime_mixture,-1,,,0.082517601,0.0010587632,True,6.5258408e-06,6.5258408e-06,0.00027168726,41.63253,33.526727,False,0
2023-12-29,2004-12-20,4790,False,,consumed,-1,,,0.082517601,,True,6.5258408e-06,6.5258408e-06,0.00027168726,41.63253,33.526727,False,0
2024-01-31,2004-12-20,4811,False,,sample,-1,,,0.083103705,,False,9.9589733e-06,9.9589733e-06,0.00052734068,52.95131,46.540032,False,0
2024-01-31,2004-12-20,4811,False,,ewma,-1,,,0.083103705,,False,2.3195054e-06,2.3195054e-06,0.00027868603,120.14891,72.972288,False,0
2024-01-31,2004-12-20,4811,False,,ledoit_wolf,-1,,0.0041934678,0.083103705,,False,1.0513514e-05,1.0513514e-05,0.00052561851,49.994562,43.940198,False,0
2024-01-31,2004-12-20,4811,False,,state_0_raw,0,3169.5136,,0.083103705,,False,5.0314826e-06,5.0314826e-06,0.00018827057,37.418507,27.598586,False,0
2024-01-31,2004-12-20,4811,False,,state_0_shrunk,0,3169.5136,0.98142135,0.083103705,,False,5.1672029e-06,5.1672029e-06,0.00019446883,37.635222,28.021846,False,0
2024-01-31,2004-12-20,4811,False,,state_1_raw,1,1717.3658,,0.083103705,,False,1.7467269e-05,1.7467269e-05,0.0011598258,66.399954,61.672092,False,0
2024-01-31,2004-12-20,4811,False,,state_1_shrunk,1,1717.3658,0.96624218,0.083103705,,False,1.7238774e-05,1.7238774e-05,0.0011384081,66.037646,61.278396,False,0
2024-01-31,2004-12-20,4811,False,,regime_mixture,-1,,,0.083103705,0.0010511683,True,6.5208477e-06,6.5208477e-06,0.00027228152,41.755541,33.58186,False,0
2024-01-31,2004-12-20,4811,False,,consumed,-1,,,0.083103705,,True,6.5208477e-06,6.5208477e-06,0.00027228152,41.755541,33.58186,False,0
2024-02-29,2004-12-20,4831,False,,sample,-1,,,0.082341516,,False,9.9558326e-06,9.9558326e-06,0.0005264239,52.875929,46.360129,False,0
2024-02-29,2004-12-20,4831,False,,ewma,-1,,,0.082341516,,False,2.9471871e-06,2.9471871e-06,0.00029663054,100.6487,61.615371,False,0
2024-02-29,2004-12-20,4831,False,,ledoit_wolf,-1,,0.0041778877,0.082341516,,False,1.0507506e-05,1.0507506e-05,0.00052471137,49.936816,43.783872,False,0
2024-02-29,2004-12-20,4831,False,,state_0_raw,0,3187.0464,,0.082341516,,False,5.0420163e-06,5.0420163e-06,0.00018890215,37.465598,27.506676,False,0
2024-02-29,2004-12-20,4831,False,,state_0_shrunk,0,3187.0464,0.98152167,0.082341516,,False,5.1767157e-06,5.1767157e-06,0.00019503659,37.675739,27.923321,False,0
2024-02-29,2004-12-20,4831,False,,state_1_raw,1,1720.6119,,0.082341516,,False,1.7452642e-05,1.7452642e-05,0.0011584558,66.377101,61.638411,False,0
2024-02-29,2004-12-20,4831,False,,state_1_shrunk,1,1720.6119,0.96630372,0.082341516,,False,1.7224991e-05,1.7224991e-05,0.0011370923,66.014099,61.241101,False,0
2024-02-29,2004-12-20,4831,False,,regime_mixture,-1,,,0.082341516,0.0010637501,True,6.5197693e-06,6.5197693e-06,0.00027195628,41.712562,33.401746,False,0
2024-02-29,2004-12-20,4831,False,,consumed,-1,,,0.082341516,,True,6.5197693e-06,6.5197693e-06,0.00027195628,41.712562,33.401746,False,0
2024-03-28,2004-12-20,4851,False,,sample,-1,,,0.084411501,,False,9.9292966e-06,9.9292966e-06,0.00052492277,52.866058,46.316933,False,0
2024-03-28,2004-12-20,4851,False,,ewma,-1,,,0.084411501,,False,2.2910756e-06,2.2910756e-06,0.00019665081,85.833401,54.128303,False,0
2024-03-28,2004-12-20,4851,False,,ledoit_wolf,-1,,0.0041696577,0.084411501,,False,1.0478601e-05,1.0478601e-05,0.00052321901,49.932145,43.747667,False,0
2024-03-28,2004-12-20,4851,False,,state_0_raw,0,3165.096,,0.084411501,,False,4.9878538e-06,4.9878538e-06,0.00018619924,37.330534,27.359085,False,0
2024-03-28,2004-12-20,4851,False,,state_0_shrunk,0,3165.096,0.9813959,0.084411501,,False,5.1247868e-06,5.1247868e-06,0.00019239804,37.542643,27.782062,False,0
2024-03-28,2004-12-20,4851,False,,state_1_raw,1,1762.549,,0.084411501,,False,1.7230236e-05,1.7230236e-05,0.0011394992,66.133698,61.261203,False,0
2024-03-28,2004-12-20,4851,False,,state_1_shrunk,1,1762.549,0.96707907,0.084411501,,False,1.7014001e-05,1.7014001e-05,0.0011192027,65.781278,60.87775,False,0
2024-03-28,2004-12-20,4851,False,,regime_mixture,-1,,,0.084411501,0.0010351564,True,6.4841739e-06,6.4841739e-06,0.00026998984,41.638278,33.329157,False,0
2024-03-28,2004-12-20,4851,False,,consumed,-1,,,0.084411501,,True,6.4841739e-06,6.4841739e-06,0.00026998984,41.638278,33.329157,False,0
2024-04-30,2004-12-20,4873,False,,sample,-1,,,0.08469197,,False,9.8985496e-06,9.8985496e-06,0.00052395048,52.932046,46.339881,False,0
2024-04-30,2004-12-20,4873,False,,ewma,-1,,,0.08469197,,False,2.0629059e-06,2.0629059e-06,0.00030287255,146.8184,114.4018,False,0
2024-04-30,2004-12-20,4873,False,,ledoit_wolf,-1,,0.0041496005,0.08469197,,False,1.0444581e-05,1.0444581e-05,0.00052225835,50.002807,43.777057,False,0
2024-04-30,2004-12-20,4873,False,,state_0_raw,0,3186.4941,,0.08469197,,False,4.9690421e-06,4.9690421e-06,0.00018737502,37.708478,27.654052,False,0
2024-04-30,2004-12-20,4873,False,,state_0_shrunk,0,3186.4941,0.98151853,0.08469197,,False,5.1043561e-06,5.1043561e-06,0.00019349347,37.907518,28.064198,False,0
2024-04-30,2004-12-20,4873,False,,state_1_raw,1,1759.7975,,0.08469197,,False,1.7240563e-05,1.7240563e-05,0.0011396858,66.104906,61.218676,False,0
2024-04-30,2004-12-20,4873,False,,state_1_shrunk,1,1759.7975,0.9670293,0.08469197,,False,1.7022623e-05,1.7022623e-05,0.0011193206,65.754888,60.837037,False,0
2024-04-30,2004-12-20,4873,False,,regime_mixture,-1,,,0.08469197,0.00097503105,True,6.4695756e-06,6.4695756e-06,0.00027125598,41.927941,33.560361,False,0
2024-04-30,2004-12-20,4873,False,,consumed,-1,,,0.08469197,,True,6.4695756e-06,6.4695756e-06,0.00027125598,41.927941,33.560361,False,0
2024-05-31,2004-12-20,4895,False,,sample,-1,,,0.082582679,,False,9.8731822e-06,9.8731822e-06,0.00052227438,52.898282,46.280034,False,0
2024-05-31,2004-12-20,4895,False,,ewma,-1,,,0.082582679,,False,4.3251143e-06,4.3251143e-06,0.00021380164,49.4326,34.638984,False,0
2024-05-31,2004-12-20,4895,False,,ledoit_wolf,-1,,0.0041413868,0.082582679,,False,1.0416717e-05,1.0416717e-05,0.00052059162,49.976552,43.725942,False,0
2024-05-31,2004-12-20,4895,False,,state_0_raw,0,3203.2094,,0.082582679,,False,4.9594389e-06,4.9594389e-06,0.00018682338,37.670265,27.601837,False,0
2024-05-31,2004-12-20,4895,False,,state_0_shrunk,0,3203.2094,0.98161319,0.082582679,,False,5.0935094e-06,5.0935094e-06,0.00019288702,37.86918,28.010331,False,0
2024-05-31,2004-12-20,4895,False,,state_1_raw,1,1762.7125,,0.082582679,,False,1.722324e-05,1.722324e-05,0.0011380066,66.073898,61.169122,False,0
2024-05-31,2004-12-20,4895,False,,state_1_shrunk,1,1762.7125,0.96708203,0.082582679,,False,1.7005271e-05,1.7005271e-05,0.0011176743,65.725168,60.788636,False,0
2024-05-31,2004-12-20,4895,False,,regime_mixture,-1,,,0.082582679,0.00098342854,True,6.4256607e-06,6.4256607e-06,0.00026859734,41.800735,33.390181,False,0
2024-05-31,2004-12-20,4895,False,,consumed,-1,,,0.082582679,,True,6.4256607e-06,6.4256607e-06,0.00026859734,41.800735,33.390181,False,0
2024-06-28,2004-12-20,4914,False,,sample,-1,,,0.082471642,,False,9.8511269e-06,9.8511269e-06,0.00052063668,52.850469,46.208719,False,0
2024-06-28,2004-12-20,4914,False,,ewma,-1,,,0.082471642,,False,2.5907291e-06,2.5907291e-06,0.00014950882,57.709168,31.408583,False,0
2024-06-28,2004-12-20,4914,False,,ledoit_wolf,-1,,0.0041386337,0.082471642,,False,1.0393165e-05,1.0393165e-05,0.00051896125,49.932935,43.660263,False,0
2024-06-28,2004-12-20,4914,False,,state_0_raw,0,3217.855,,0.082471642,,False,4.9395134e-06,4.9395134e-06,0.00018600007,37.655545,27.546082,False,0
2024-06-28,2004-12-20,4914,False,,state_0_shrunk,0,3217.855,0.98169535,0.082471642,,False,5.0730587e-06,5.0730587e-06,0.00019201997,37.850925,27.95195,False,0
2024-06-28,2004-12-20,4914,False,,state_1_raw,1,1765.8268,,0.082471642,,False,1.7209356e-05,1.7209356e-05,0.0011365336,66.041611,61.122806,False,0
2024-06-28,2004-12-20,4914,False,,state_1_shrunk,1,1765.8268,0.96713817,0.082471642,,False,1.6991517e-05,1.6991517e-05,0.0011162307,65.693408,60.742758,False,0
2024-06-28,2004-12-20,4914,False,,regime_mixture,-1,,,0.082471642,0.00099575991,True,6.406077e-06,6.406077e-06,0.00026756675,41.767645,33.327161,False,0
2024-06-28,2004-12-20,4914,False,,consumed,-1,,,0.082471642,,True,6.406077e-06,6.406077e-06,0.00026756675,41.767645,33.327161,False,0
2024-07-31,2004-12-20,4936,False,,sample,-1,,,0.088483377,,False,9.8316011e-06,9.8316011e-06,0.0005197704,52.86732,46.134485,False,0
2024-07-31,2004-12-20,4936,False,,ewma,-1,,,0.088483377,,False,2.0128609e-06,2.0128609e-06,0.00036025568,178.97694,153.84709,False,0
2024-07-31,2004-12-20,4936,False,,ledoit_wolf,-1,,0.0041232048,0.088483377,,False,1.0371489e-05,1.0371489e-05,0.00051810482,49.954721,43.59641,False,0
2024-07-31,2004-12-20,4936,False,,state_0_raw,0,3240.3054,,0.088483377,,False,4.9321487e-06,4.9321487e-06,0.00018719379,37.953802,27.713354,False,0
2024-07-31,2004-12-20,4936,False,,state_0_shrunk,0,3240.3054,0.98181986,0.088483377,,False,5.0643023e-06,5.0643023e-06,0.00019313181,38.135917,28.106093,False,0
2024-07-31,2004-12-20,4936,False,,state_1_raw,1,1764.6088,,0.088483377,,False,1.7215092e-05,1.7215092e-05,0.0011367182,66.030331,61.109472,False,0
2024-07-31,2004-12-20,4936,False,,state_1_shrunk,1,1764.6088,0.96711624,0.088483377,,False,1.6996352e-05,1.6996352e-05,0.0011163671,65.682749,60.727286,False,0
2024-07-31,2004-12-20,4936,False,,regime_mixture,-1,,,0.088483377,0.0010305699,True,6.4874402e-06,6.4874402e-06,0.0002740849,42.248543,33.765779,False,0
2024-07-31,2004-12-20,4936,False,,consumed,-1,,,0.088483377,,True,6.4874402e-06,6.4874402e-06,0.0002740849,42.248543,33.765779,False,0
2024-08-30,2004-12-20,4958,False,,sample,-1,,,0.76915215,,False,9.8360916e-06,9.8360916e-06,0.00052043954,52.911213,46.152289,False,0
2024-08-30,2004-12-20,4958,False,,ewma,-1,,,0.76915215,,False,2.5869766e-06,2.5869766e-06,0.00045663039,176.51122,130.91124,False,0
2024-08-30,2004-12-20,4958,False,,ledoit_wolf,-1,,0.004080264,0.76915215,,False,1.0370706e-05,1.0370706e-05,0.00051878819,50.024385,43.637252,False,0
2024-08-30,2004-12-20,4958,False,,state_0_raw,0,3238.8033,,0.76915215,,False,4.932521e-06,4.932521e-06,0.00018695308,37.902135,27.65995,False,0
2024-08-30,2004-12-20,4958,False,,state_0_shrunk,0,3238.8033,0.98181159,0.76915215,,False,5.064374e-06,5.064374e-06,0.00019291228,38.092028,28.058218,False,0
2024-08-30,2004-12-20,4958,False,,state_1_raw,1,1791.9733,,0.76915215,,False,1.7142741e-05,1.7142741e-05,0.0011294335,65.884066,60.930751,False,0
2024-08-30,2004-12-20,4958,False,,state_1_shrunk,1,1791.9733,0.96760213,0.76915215,,False,1.6929293e-05,1.6929293e-05,0.0011096415,65.545647,60.558017,False,0
2024-08-30,2004-12-20,4958,False,,regime_mixture,-1,,,0.76915215,0.00071309404,True,1.4435864e-05,1.4435864e-05,0.00089758364,62.177342,56.708114,False,0
2024-08-30,2004-12-20,4958,False,,consumed,-1,,,0.76915215,,True,1.4435864e-05,1.4435864e-05,0.00089758364,62.177342,56.708114,False,0
2024-09-30,2004-12-20,4978,False,,sample,-1,,,0.084816707,,False,9.8184471e-06,9.8184471e-06,0.0005197152,52.932526,46.159302,False,0
2024-09-30,2004-12-20,4978,False,,ewma,-1,,,0.084816707,,False,1.9576869e-06,1.9576869e-06,0.00031992429,163.41953,122.55755,False,0
2024-09-30,2004-12-20,4978,False,,ledoit_wolf,-1,,0.004061431,0.084816707,,False,1.0349874e-05,1.0349874e-05,0.00051807371,50.056039,43.653733,False,0
2024-09-30,2004-12-20,4978,False,,state_0_raw,0,3254.9298,,0.084816707,,False,4.9216056e-06,4.9216056e-06,0.00018702575,38.000963,27.705634,False,0
2024-09-30,2004-12-20,4978,False,,state_0_shrunk,0,3254.9298,0.98190007,0.084816707,,False,5.0525658e-06,5.0525658e-06,0.00019293957,38.186454,28.10036,False,0
2024-09-30,2004-12-20,4978,False,,state_1_raw,1,1796.9292,,0.084816707,,False,1.7130371e-05,1.7130371e-05,0.0011285918,65.882505,60.951218,False,0
2024-09-30,2004-12-20,4978,False,,state_1_shrunk,1,1796.9292,0.96768859,0.084816707,,False,1.6917243e-05,1.6917243e-05,0.0011088565,65.545936,60.579425,False,0
2024-09-30,2004-12-20,4978,False,,regime_mixture,-1,,,0.084816707,0.0010501654,True,6.4090376e-06,6.4090376e-06,0.00026990551,42.113267,33.524119,False,0
2024-09-30,2004-12-20,4978,False,,consumed,-1,,,0.084816707,,True,6.4090376e-06,6.4090376e-06,0.00026990551,42.113267,33.524119,False,0
2024-10-31,2004-12-20,5001,False,,sample,-1,,,0.84680924,,False,9.7837248e-06,9.7837248e-06,0.00051818515,52.963995,46.179461,False,0
2024-10-31,2004-12-20,5001,False,,ewma,-1,,,0.84680924,,False,2.0865711e-06,2.0865711e-06,0.00025339965,121.44309,99.213213,False,0
2024-10-31,2004-12-20,5001,False,,ledoit_wolf,-1,,0.0040501417,0.84680924,,False,1.0312343e-05,1.0312343e-05,0.00051655342,50.090792,43.677074,False,0
2024-10-31,2004-12-20,5001,False,,state_0_raw,0,3258.1121,,0.84680924,,False,4.9187879e-06,4.9187879e-06,0.00018701231,38.019999,27.720248,False,0
2024-10-31,2004-12-20,5001,False,,state_0_shrunk,0,3258.1121,0.98191743,0.84680924,,False,5.0488752e-06,5.0488752e-06,0.00019289462,38.205463,28.113913,False,0
2024-10-31,2004-12-20,5001,False,,state_1_raw,1,1818.9593,,0.84680924,,False,1.6960073e-05,1.6960073e-05,0.0011175406,65.892439,60.93484,False,0
2024-10-31,2004-12-20,5001,False,,state_1_shrunk,1,1818.9593,0.96806743,0.84680924,,False,1.675362e-05,1.675362e-05,0.0010983412,65.558441,60.56625,False,0
2024-10-31,2004-12-20,5001,False,,regime_mixture,-1,,,0.84680924,0.00051457724,True,1.5126676e-05,1.5126676e-05,0.00095933941,63.420372,58.115319,False,0
2024-10-31,2004-12-20,5001,False,,consumed,-1,,,0.84680924,,True,1.5126676e-05,1.5126676e-05,0.00095933941,63.420372,58.115319,False,0
2024-11-29,2004-12-20,5021,False,,sample,-1,,,0.0871935,,False,9.7704513e-06,9.7704513e-06,0.00051754109,52.97003,46.127195,False,0
2024-11-29,2004-12-20,5021,False,,ewma,-1,,,0.0871935,,False,1.8169377e-06,1.8169377e-06,0.00026581841,146.30023,85.50521,False,0
2024-11-29,2004-12-20,5021,False,,ledoit_wolf,-1,,0.0040368729,0.0871935,,False,1.0297215e-05,1.0297215e-05,0.00051591733,50.102608,43.633117,False,0
2024-11-29,2004-12-20,5021,False,,state_0_raw,0,3274.211,,0.0871935,,False,4.9095715e-06,4.9095715e-06,0.00018687798,38.064011,27.698447,False,0
2024-11-29,2004-12-20,5021,False,,state_0_shrunk,0,3274.211,0.98200474,0.0871935,,False,5.038877e-06,5.038877e-06,0.00019272048,38.246712,28.089088,False,0
2024-11-29,2004-12-20,5021,False,,state_1_raw,1,1822.7273,,0.0871935,,False,1.6966213e-05,1.6966213e-05,0.0011178915,65.889278,60.904614,False,0
2024-11-29,2004-12-20,5021,False,,state_1_shrunk,1,1822.7273,0.96813134,0.0871935,,False,1.6759463e-05,1.6759463e-05,0.0010986989,65.556931,60.536776,False,0
2024-11-29,2004-12-20,5021,False,,regime_mixture,-1,,,0.0871935,0.00099963731,True,6.4138121e-06,6.4138121e-06,0.00027097913,42.249309,33.610415,False,0
2024-11-29,2004-12-20,5021,False,,consumed,-1,,,0.0871935,,True,6.4138121e-06,6.4138121e-06,0.00027097913,42.249309,33.610415,False,0
2024-12-31,2004-12-20,5042,False,,sample,-1,,,0.090410367,,False,9.7491415e-06,9.7491415e-06,0.00051686163,53.016118,46.117837,False,0
2024-12-31,2004-12-20,5042,False,,ewma,-1,,,0.090410367,,False,3.6902608e-06,3.6902608e-06,0.00036578502,99.121727,79.370228,False,0
2024-12-31,2004-12-20,5042,False,,ledoit_wolf,-1,,0.0040185,0.090410367,,False,1.0272849e-05,1.0272849e-05,0.00051524734,50.156224,43.633955,False,0
2024-12-31,2004-12-20,5042,False,,state_0_raw,0,3290.6977,,0.090410367,,False,4.900237e-06,4.900237e-06,0.00018658144,38.076002,27.697787,False,0
2024-12-31,2004-12-20,5042,False,,state_0_shrunk,0,3290.6977,0.98209328,0.090410367,,False,5.0286567e-06,5.0286567e-06,0.00019238857,38.258441,28.08639,False,0
2024-12-31,2004-12-20,5042,False,,state_1_raw,1,1827.4854,,0.090410367,,False,1.6941872e-05,1.6941872e-05,0.0011179432,65.986995,60.89823,False,0
2024-12-31,2004-12-20,5042,False,,state_1_shrunk,1,1827.4854,0.96821167,0.090410367,,False,1.6735635e-05,1.6735635e-05,0.0010987761,65.654878,60.532054,False,0
2024-12-31,2004-12-20,5042,False,,regime_mixture,-1,,,0.090410367,0.0010435948,True,6.4484757e-06,6.4484757e-06,0.00027358433,42.426202,33.801054,False,0
2024-12-31,2004-12-20,5042,False,,consumed,-1,,,0.090410367,,True,6.4484757e-06,6.4484757e-06,0.00027358433,42.426202,33.801054,False,0
2025-01-31,2004-12-20,5062,False,,sample,-1,,,0.088677959,,False,9.7249057e-06,9.7249057e-06,0.00051590634,53.05001,46.145194,False,0
2025-01-31,2004-12-20,5062,False,,ewma,-1,,,0.088677959,,False,2.7276391e-06,2.7276391e-06,0.00030304849,111.10285,95.136114,False,0
2025-01-31,2004-12-20,5062,False,,ledoit_wolf,-1,,0.0040038623,0.088677959,,False,1.0245897e-05,1.0245897e-05,0.00051430106,50.195803,43.666262,False,0
2025-01-31,2004-12-20,5062,False,,state_0_raw,0,3317.1715,,0.088677959,,False,4.9000083e-06,4.9000083e-06,0.00018756405,38.278314,27.890945,False,0
2025-01-31,2004-12-20,5062,False,,state_0_shrunk,0,3317.1715,0.98223365,0.088677959,,False,5.0266181e-06,5.0266181e-06,0.00019329259,38.453805,28.269848,False,0
2025-01-31,2004-12-20,5062,False,,state_1_raw,1,1822.0972,,0.088677959,,False,1.695855e-05,1.695855e-05,0.0011202306,66.05698,60.988619,False,0
2025-01-31,2004-12-20,5062,False,,state_1_shrunk,1,1822.0972,0.96812067,0.088677959,,False,1.6750406e-05,1.6750406e-05,0.0011009054,65.7241,60.621004,False,0
2025-01-31,2004-12-20,5062,False,,regime_mixture,-1,,,0.088677959,0.0010266889,True,6.4238148e-06,6.4238148e-06,0.00027303686,42.50385,33.852364,False,0
2025-01-31,2004-12-20,5062,False,,consumed,-1,,,0.088677959,,True,6.4238148e-06,6.4238148e-06,0.00027303686,42.50385,33.852364,False,0
2025-02-28,2004-12-20,5081,False,,sample,-1,,,0.70085439,,False,9.7117916e-06,9.7117916e-06,0.00051510506,53.039138,46.128824,False,0
2025-02-28,2004-12-20,5081,False,,ewma,-1,,,0.70085439,,False,2.8453985e-06,2.8453985e-06,0.00033977511,119.41214,99.417576,False,0
2025-02-28,2004-12-20,5081,False,,ledoit_wolf,-1,,0.003987535,0.70085439,,False,1.0229888e-05,1.0229888e-05,0.00051350881,50.196913,43.660521,False,0
2025-02-28,2004-12-20,5081,False,,state_0_raw,0,3335.4202,,0.70085439,,False,4.8916287e-06,4.8916287e-06,0.00018804949,38.443125,28.004426,False,0
2025-02-28,2004-12-20,5081,False,,state_0_shrunk,0,3335.4202,0.98232914,0.70085439,,False,5.0174386e-06,5.0174386e-06,0.00019372392,38.610123,28.376189,False,0
2025-02-28,2004-12-20,5081,False,,state_1_raw,1,1824.5099,,0.70085439,,False,1.6959062e-05,1.6959062e-05,0.0011198245,66.031042,60.976841,False,0
2025-02-28,2004-12-20,5081,False,,state_1_shrunk,1,1824.5099,0.96816148,0.70085439,,False,1.6750747e-05,1.6750747e-05,0.0011005116,65.699257,60.609987,False,0
2025-02-28,2004-12-20,5081,False,,regime_mixture,-1,,,0.70085439,0.00090369618,True,1.3552652e-05,1.3552652e-05,0.00082867279,61.144696,55.389609,False,0
2025-02-28,2004-12-20,5081,False,,consumed,-1,,,0.70085439,,True,1.3552652e-05,1.3552652e-05,0.00082867279,61.144696,55.389609,False,0
2025-03-31,2004-12-20,5102,False,,sample,-1,,,0.83841837,,False,9.7067511e-06,9.7067511e-06,0.00051565082,53.122906,46.246655,False,0
2025-03-31,2004-12-20,5102,False,,ewma,-1,,,0.83841837,,False,4.7759231e-06,4.7759231e-06,0.0005061402,105.97746,98.032136,False,0
2025-03-31,2004-12-20,5102,False,,ledoit_wolf,-1,,0.0039483587,0.83841837,,False,1.0219997e-05,1.0219997e-05,0.00051406764,50.300178,43.791757,False,0
2025-03-31,2004-12-20,5102,False,,state_0_raw,0,3333.1581,,0.83841837,,False,4.8892405e-06,4.8892405e-06,0.00018783011,38.417033,27.978508,False,0
2025-03-31,2004-12-20,5102,False,,state_0_shrunk,0,3333.1581,0.98231736,0.83841837,,False,5.0148122e-06,5.0148122e-06,0.0001935211,38.5899,28.356003,False,0
2025-03-31,2004-12-20,5102,False,,state_1_raw,1,1848.055,,0.83841837,,False,1.6867191e-05,1.6867191e-05,0.0011133362,66.006022,61.046881,False,0
2025-03-31,2004-12-20,5102,False,,state_1_shrunk,1,1848.055,0.96855437,0.83841837,,False,1.6663883e-05,1.6663883e-05,0.0010944833,65.679968,60.684142,False,0
2025-03-31,2004-12-20,5102,False,,regime_mixture,-1,,,0.83841837,0.00055213351,True,1.4954957e-05,1.4954957e-05,0.00094858106,63.429207,58.082904,False,0
2025-03-31,2004-12-20,5102,False,,consumed,-1,,,0.83841837,,True,1.4954957e-05,1.4954957e-05,0.00094858106,63.429207,58.082904,False,0
2025-04-30,2004-12-20,5123,False,,sample,-1,,,0.83950592,,False,9.7384883e-06,9.7384883e-06,0.00052596213,54.008601,47.239768,False,0
2025-04-30,2004-12-20,5123,False,,ewma,-1,,,0.83950592,,False,4.7462676e-06,4.7462676e-06,0.0018200882,383.47779,395.81427,False,0
2025-04-30,2004-12-20,5123,False,,ledoit_wolf,-1,,0.003988392,0.83950592,,False,1.0265986e-05,1.0265986e-05,0.00052433036,51.074526,44.673978,False,0
2025-04-30,2004-12-20,5123,False,,state_0_raw,0,3383.1149,,0.83950592,,False,4.9334241e-06,4.9334241e-06,0.0001905589,38.626092,28.153403,False,0
2025-04-30,2004-12-20,5123,False,,state_0_shrunk,0,3383.1149,0.98257392,0.83950592,,False,5.0580838e-06,5.0580838e-06,0.00019629489,38.808153,28.543439,False,0
2025-04-30,2004-12-20,5123,False,,state_1_raw,1,1822.8783,,0.83950592,,False,1.706269e-05,1.706269e-05,0.0011558834,67.743326,63.086053,False,0
2025-04-30,2004-12-20,5123,False,,state_1_shrunk,1,1822.8783,0.96813389,0.83950592,,False,1.6852021e-05,1.6852021e-05,0.0011357489,67.395411,62.695775,False,0
2025-04-30,2004-12-20,5123,False,,regime_mixture,-1,,,0.83950592,0.00056115579,True,1.5134346e-05,1.5134346e-05,0.00098463185,65.059425,59.977583,False,0
2025-04-30,2004-12-20,5123,False,,consumed,-1,,,0.83950592,,True,1.5134346e-05,1.5134346e-05,0.00098463185,65.059425,59.977583,False,0
2025-05-30,2004-12-20,5144,False,,sample,-1,,,0.58742634,,False,9.7132893e-06,9.7132893e-06,0.00052555382,54.106679,47.343014,False,0
2025-05-30,2004-12-20,5144,False,,ewma,-1,,,0.58742634,,False,2.1723712e-06,2.1723712e-06,0.00081055755,373.1211,348.63823,False,0
2025-05-30,2004-12-20,5144,False,,ledoit_wolf,-1,,0.0039684317,0.58742634,,False,1.0238415e-05,1.0238415e-05,0.00052393199,51.173155,44.775922,False,0
2025-05-30,2004-12-20,5144,False,,state_0_raw,0,3386.4115,,0.58742634,,False,4.9356955e-06,4.9356955e-06,0.00019059887,38.616417,28.152008,False,0
2025-05-30,2004-12-20,5144,False,,state_0_shrunk,0,3386.4115,0.98259059,0.58742634,,False,5.0595568e-06,5.0595568e-06,0.00019631988,38.801793,28.544025,False,0
2025-05-30,2004-12-20,5144,False,,state_1_raw,1,1842.2785,,0.58742634,,False,1.6926007e-05,1.6926007e-05,0.00114883,67.873655,63.242342,False,0
2025-05-30,2004-12-20,5144,False,,state_1_shrunk,1,1842.2785,0.96845888,0.58742634,,False,1.6720849e-05,1.6720849e-05,0.0011291107,67.527115,62.852944,False,0
2025-05-30,2004-12-20,5144,False,,regime_mixture,-1,,,0.58742634,0.001237129,True,1.2319894e-05,1.2319894e-05,0.00074343624,60.344371,54.528188,False,0
2025-05-30,2004-12-20,5144,False,,consumed,-1,,,0.58742634,,True,1.2319894e-05,1.2319894e-05,0.00074343624,60.344371,54.528188,False,0
2025-06-30,2004-12-20,5164,False,,sample,-1,,,0.086682634,,False,9.6849755e-06,9.6849755e-06,0.00052420283,54.125364,47.345765,False,0
2025-06-30,2004-12-20,5164,False,,ewma,-1,,,0.086682634,,False,1.7450737e-06,1.7450737e-06,0.00036886507,211.37506,182.01547,False,0
2025-06-30,2004-12-20,5164,False,,ledoit_wolf,-1,,0.003959904,0.086682634,,False,1.0207929e-05,1.0207929e-05,0.0005225891,51.19443,44.781746,False,0
2025-06-30,2004-12-20,5164,False,,state_0_raw,0,3416.5733,,0.086682634,,False,4.9254546e-06,4.9254546e-06,0.0001909147,38.760829,28.278396,False,0
2025-06-30,2004-12-20,5164,False,,state_0_shrunk,0,3416.5733,0.98274163,0.086682634,,False,5.0474986e-06,5.0474986e-06,0.0001965609,38.94224,28.663519,False,0
2025-06-30,2004-12-20,5164,False,,state_1_raw,1,1831.378,,0.086682634,,False,1.6977656e-05,1.6977656e-05,0.0011536022,67.948263,63.335464,False,0
2025-06-30,2004-12-20,5164,False,,state_1_shrunk,1,1831.378,0.9682771,0.086682634,,False,1.6768832e-05,1.6768832e-05,0.0011335753,67.600135,62.94356,False,0
2025-06-30,2004-12-20,5164,False,,regime_mixture,-1,,,0.086682634,0.0010550466,True,6.4225174e-06,6.4225174e-06,0.00027699731,43.129087,34.446346,False,0
2025-06-30,2004-12-20,5164,False,,consumed,-1,,,0.086682634,,True,6.4225174e-06,6.4225174e-06,0.00027699731,43.129087,34.446346,False,0
2025-07-31,2004-12-20,5186,False,,sample,-1,,,0.086807496,,False,9.653933e-06,9.653933e-06,0.00052241676,54.114397,47.306797,False,0
2025-07-31,2004-12-20,5186,False,,ewma,-1,,,0.086807496,,False,1.8400707e-06,1.8400707e-06,0.00017613988,95.72452,60.098627,False,0
2025-07-31,2004-12-20,5186,False,,ledoit_wolf,-1,,0.0039552947,0.086807496,,False,1.0174786e-05,1.0174786e-05,0.000520811,51.186432,44.747173,False,0
2025-07-31,2004-12-20,5186,False,,state_0_raw,0,3438.1553,,0.086807496,,False,4.9020602e-06,4.9020602e-06,0.0001903158,38.823636,28.280155,False,0
2025-07-31,2004-12-20,5186,False,,state_0_shrunk,0,3438.1553,0.9828481,0.086807496,,False,5.0230858e-06,5.0230858e-06,0.00019590751,39.001427,28.66216,False,0
2025-07-31,2004-12-20,5186,False,,state_1_raw,1,1832.0873,,0.086807496,,False,1.6980001e-05,1.6980001e-05,0.001153377,67.925615,63.30846,False,0
2025-07-31,2004-12-20,5186,False,,state_1_shrunk,1,1832.0873,0.96828899,0.086807496,,False,1.6770164e-05,1.6770164e-05,0.0011333083,67.578847,62.917497,False,0
2025-07-31,2004-12-20,5186,False,,regime_mixture,-1,,,0.086807496,0.0010545844,True,6.4022979e-06,6.4022979e-06,0.00027649519,43.186867,34.464478,False,0
2025-07-31,2004-12-20,5186,False,,consumed,-1,,,0.086807496,,True,6.4022979e-06,6.4022979e-06,0.00027649519,43.186867,34.464478,False,0
2025-08-29,2004-12-20,5207,False,,sample,-1,,,0.08473918,,False,9.6310582e-06,9.6310582e-06,0.00052147055,54.144678,47.282473,False,0
2025-08-29,2004-12-20,5207,False,,ewma,-1,,,0.08473918,,False,1.7106447e-06,1.7106447e-06,0.00023894848,139.68329,79.709722,False,0
2025-08-29,2004-12-20,5207,False,,ledoit_wolf,-1,,0.0039401847,0.08473918,,False,1.0149069e-05,1.0149069e-05,0.00051987391,51.223801,44.732313,False,0
2025-08-29,2004-12-20,5207,False,,state_0_raw,0,3458.5581,,0.08473918,,False,4.8851578e-06,4.8851578e-06,0.00019092242,39.082139,28.41898,False,0
2025-08-29,2004-12-20,5207,False,,state_0_shrunk,0,3458.5581,0.98294756,0.08473918,,False,5.0052386e-06,5.0052386e-06,0.00019645603,39.250082,28.793013,False,0
2025-08-29,2004-12-20,5207,False,,state_1_raw,1,1833.0494,,0.08473918,,False,1.6978501e-05,1.6978501e-05,0.0011529612,67.907129,63.287013,False,0
2025-08-29,2004-12-20,5207,False,,state_1_shrunk,1,1833.0494,0.96830511,0.08473918,,False,1.6768117e-05,1.6768117e-05,0.001132886,67.56191,62.896371,False,0
2025-08-29,2004-12-20,5207,False,,regime_mixture,-1,,,0.08473918,0.0010376767,True,6.3578434e-06,6.3578434e-06,0.00027503108,43.258549,34.424751,False,0
2025-08-29,2004-12-20,5207,False,,consumed,-1,,,0.08473918,,True,6.3578434e-06,6.3578434e-06,0.00027503108,43.258549,34.424751,False,0
2025-09-30,2004-12-20,5228,False,,sample,-1,,,0.085270397,,False,9.6101795e-06,9.6101795e-06,0.00051975668,54.083972,47.207145,False,0
2025-09-30,2004-12-20,5228,False,,ewma,-1,,,0.085270397,,False,1.9221208e-06,1.9221208e-06,0.00013447066,69.959529,38.142518,False,0
2025-09-30,2004-12-20,5228,False,,ledoit_wolf,-1,,0.0039364688,0.085270397,,False,1.012628e-05,1.012628e-05,0.00051816741,51.170562,44.66492,False,0
2025-09-30,2004-12-20,5228,False,,state_0_raw,0,3476.8767,,0.085270397,,False,4.8741191e-06,4.8741191e-06,0.00019013742,39.009596,28.34491,False,0
2025-09-30,2004-12-20,5228,False,,state_0_shrunk,0,3476.8767,0.98303588,0.085270397,,False,4.9932814e-06,4.9932814e-06,0.00019562685,39.178013,28.717798,False,0
2025-09-30,2004-12-20,5228,False,,state_1_raw,1,1836.9582,,0.085270397,,False,1.6967863e-05,1.6967863e-05,0.0011515649,67.86741,63.236372,False,0
2025-09-30,2004-12-20,5228,False,,state_1_shrunk,1,1836.9582,0.96837042,0.085270397,,False,1.6757552e-05,1.6757552e-05,0.0011315212,67.523063,62.846577,False,0
2025-09-30,2004-12-20,5228,False,,regime_mixture,-1,,,0.085270397,0.001044472,True,6.3532086e-06,6.3532086e-06,0.00027465092,43.23027,34.397492,False,0
2025-09-30,2004-12-20,5228,False,,consumed,-1,,,0.085270397,,True,6.3532086e-06,6.3532086e-06,0.00027465092,43.23027,34.397492,False,0
2025-10-31,2004-12-20,5251,False,,sample,-1,,,0.086231061,,False,9.5902406e-06,9.5902406e-06,0.00051895991,54.113335,47.221128,False,0
2025-10-31,2004-12-20,5251,False,,ewma,-1,,,0.086231061,,False,1.3698267e-06,1.3698267e-06,0.00037319369,272.43862,138.53672,False,0
2025-10-31,2004-12-20,5251,False,,ledoit_wolf,-1,,0.0039229764,0.086231061,,False,1.0105055e-05,1.0105055e-05,0.00051737985,51.200102,44.679308,False,0
2025-10-31,2004-12-20,5251,False,,state_0_raw,0,3495.9822,,0.086231061,,False,4.8645076e-06,4.8645076e-06,0.00019014216,39.087647,28.40013,False,0
2025-10-31,2004-12-20,5251,False,,state_0_shrunk,0,3495.9822,0.98312702,0.086231061,,False,4.9826905e-06,4.9826905e-06,0.00019558785,39.253462,28.76992,False,0
2025-10-31,2004-12-20,5251,False,,state_1_raw,1,1846.111,,0.086231061,,False,1.6941035e-05,1.6941035e-05,0.0011499769,67.881152,63.22528,False,0
2025-10-31,2004-12-20,5251,False,,state_1_shrunk,1,1846.111,0.9685223,0.086231061,,False,1.6731921e-05,1.6731921e-05,0.0011300547,67.538851,62.838125,False,0
2025-10-31,2004-12-20,5251,False,,regime_mixture,-1,,,0.086231061,0.001070132,True,6.3541993e-06,6.3541993e-06,0.00027537824,43.337993,34.500235,False,0
2025-10-31,2004-12-20,5251,False,,consumed,-1,,,0.086231061,,True,6.3541993e-06,6.3541993e-06,0.00027537824,43.337993,34.500235,False,0
2025-11-28,2004-12-20,5270,False,,sample,-1,,,0.20248847,,False,9.5789117e-06,9.5789117e-06,0.00051872844,54.15317,47.228107,False,0
2025-11-28,2004-12-20,5270,False,,ewma,-1,,,0.20248847,,False,1.6685955e-06,1.6685955e-06,0.00042584769,255.21326,165.07761,False,0
2025-11-28,2004-12-20,5270,False,,ledoit_wolf,-1,,0.0038998459,0.20248847,,False,1.0090525e-05,1.0090525e-05,0.00051715821,51.251865,44.698222,False,0
2025-11-28,2004-12-20,5270,False,,state_0_raw,0,3514.0938,,0.20248847,,False,4.866788e-06,4.866788e-06,0.00019116862,39.280245,28.533886,False,0
2025-11-28,2004-12-20,5270,False,,state_0_shrunk,0,3514.0938,0.98321253,0.20248847,,False,4.9840884e-06,4.9840884e-06,0.00019656279,39.438063,28.896808,False,0
2025-11-28,2004-12-20,5270,False,,state_1_raw,1,1849.0744,,0.20248847,,False,1.6919406e-05,1.6919406e-05,0.0011499543,67.96659,63.255012,False,0
2025-11-28,2004-12-20,5270,False,,state_1_shrunk,1,1849.0744,0.96857116,0.20248847,,False,1.6710946e-05,1.6710946e-05,0.0011300564,67.623725,62.86818,False,0
2025-11-28,2004-12-20,5270,False,,regime_mixture,-1,,,0.20248847,0.0015857198,True,7.8898593e-06,7.8898593e-06,0.00038443503,48.725207,40.953599,False,0
2025-11-28,2004-12-20,5270,False,,consumed,-1,,,0.20248847,,True,7.8898593e-06,7.8898593e-06,0.00038443503,48.725207,40.953599,False,0
2025-12-31,2004-12-20,5292,False,,sample,-1,,,0.087327927,,False,9.5511796e-06,9.5511796e-06,0.00051715277,54.145435,47.194923,False,0
2025-12-31,2004-12-20,5292,False,,ewma,-1,,,0.087327927,,False,1.867086e-06,1.867086e-06,0.00025367372,135.86612,79.638762,False,0
2025-12-31,2004-12-20,5292,False,,ledoit_wolf,-1,,0.0038935198,0.087327927,,False,1.0060848e-05,1.0060848e-05,0.00051559054,51.247226,44.669514,False,0
2025-12-31,2004-12-20,5292,False,,state_0_raw,0,3535.6627,,0.087327927,,False,4.8482355e-06,4.8482355e-06,0.00019083478,39.361699,28.56614,False,0
2025-12-31,2004-12-20,5292,False,,state_0_shrunk,0,3535.6627,0.98331323,0.087327927,,False,4.964628e-06,4.964628e-06,0.00019617509,39.514559,28.924403,False,0
2025-12-31,2004-12-20,5292,False,,state_1_raw,1,1849.3334,,0.087327927,,False,1.6918441e-05,1.6918441e-05,0.0011498616,67.964984,63.254239,False,0
2025-12-31,2004-12-20,5292,False,,state_1_shrunk,1,1849.3334,0.96857542,0.087327927,,False,1.6709137e-05,1.6709137e-05,0.0011299199,67.622878,62.867593,False,0
2025-12-31,2004-12-20,5292,False,,regime_mixture,-1,,,0.087327927,0.001050452,True,6.3550161e-06,6.3550161e-06,0.00027687863,43.568517,34.676141,False,0
2025-12-31,2004-12-20,5292,False,,consumed,-1,,,0.087327927,,True,6.3550161e-06,6.3550161e-06,0.00027687863,43.568517,34.676141,False,0
2026-01-30,2004-12-20,5312,False,,sample,-1,,,0.087003249,,False,9.5481106e-06,9.5481106e-06,0.0005158299,54.024291,47.096285,False,0
2026-01-30,2004-12-20,5312,False,,ewma,-1,,,0.087003249,,False,2.0065867e-06,2.0065867e-06,0.0010130623,504.86844,67.183738,False,0
2026-01-30,2004-12-20,5312,False,,ledoit_wolf,-1,,0.0039175479,0.087003249,,False,1.0062095e-05,1.0062095e-05,0.00051426557,51.109196,44.555105,False,0
2026-01-30,2004-12-20,5312,False,,state_0_raw,0,3554.6894,,0.087003249,,False,4.8615252e-06,4.8615252e-06,0.00019079505,39.245925,28.477143,False,0
2026-01-30,2004-12-20,5312,False,,state_0_shrunk,0,3554.6894,0.98340106,0.087003249,,False,4.976945e-06,4.976945e-06,0.00019607631,39.39692,28.833716,False,0
2026-01-30,2004-12-20,5312,False,,state_1_raw,1,1851.3281,,0.087003249,,False,1.69148e-05,1.69148e-05,0.0011491722,67.938862,63.222937,False,0
2026-01-30,2004-12-20,5312,False,,state_1_shrunk,1,1851.3281,0.96860821,0.087003249,,False,1.6705996e-05,1.6705996e-05,0.001129231,67.594351,62.834768,False,0
2026-01-30,2004-12-20,5312,False,,regime_mixture,-1,,,0.087003249,0.0010365401,True,6.3615653e-06,6.3615653e-06,0.0002763494,43.440473,34.579849,False,0
2026-01-30,2004-12-20,5312,False,,consumed,-1,,,0.087003249,,True,6.3615653e-06,6.3615653e-06,0.0002763494,43.440473,34.579849,False,0
2026-02-27,2004-12-20,5331,False,,sample,-1,,,0.086418945,,False,9.5336294e-06,9.5336294e-06,0.00051517296,54.037444,47.103446,False,0
2026-02-27,2004-12-20,5331,False,,ewma,-1,,,0.086418945,,False,2.350449e-06,2.350449e-06,0.00067518086,287.25612,85.650699,False,0
2026-02-27,2004-12-20,5331,False,,ledoit_wolf,-1,,0.0039080956,0.086418945,,False,1.0047395e-05,1.0047395e-05,0.00051361616,51.119336,44.559473,False,0
2026-02-27,2004-12-20,5331,False,,state_0_raw,0,3584.9856,,0.086418945,,False,4.8615489e-06,4.8615489e-06,0.00019243644,39.58336,28.724597,False,0
2026-02-27,2004-12-20,5331,False,,state_0_shrunk,0,3584.9856,0.98353903,0.086418945,,False,4.9755731e-06,4.9755731e-06,0.00019762901,39.71985,29.069628,False,0
2026-02-27,2004-12-20,5331,False,,state_1_raw,1,1839.6534,,0.086418945,,False,1.6966317e-05,1.6966317e-05,0.0011538913,68.010712,63.327342,False,0
2026-02-27,2004-12-20,5331,False,,state_1_shrunk,1,1839.6534,0.96841529,0.086418945,,False,1.6754415e-05,1.6754415e-05,0.0011336573,67.663196,62.935312,False,0
2026-02-27,2004-12-20,5331,False,,regime_mixture,-1,,,0.086418945,0.0010027624,True,6.3602534e-06,6.3602534e-06,0.00027753968,43.636576,34.735789,False,0
2026-02-27,2004-12-20,5331,False,,consumed,-1,,,0.086418945,,True,6.3602534e-06,6.3602534e-06,0.00027753968,43.636576,34.735789,False,0
2026-03-31,2004-12-20,5353,False,,sample,-1,,,0.83450272,,False,9.5125724e-06,9.5125724e-06,0.00051536175,54.176908,47.174252,False,0
2026-03-31,2004-12-20,5353,False,,ewma,-1,,,0.83450272,,False,2.006827e-06,2.006827e-06,0.00086188094,429.47445,257.06575,False,0
2026-03-31,2004-12-20,5353,False,,ledoit_wolf,-1,,0.0038822728,0.83450272,,False,1.002451e-05,1.002451e-05,0.00051381572,51.255942,44.631301,False,0
2026-03-31,2004-12-20,5353,False,,state_0_raw,0,3588.2187,,0.83450272,,False,4.86543e-06,4.86543e-06,0.00019254302,39.573689,28.717866,False,0
2026-03-31,2004-12-20,5353,False,,state_0_shrunk,0,3588.2187,0.98355362,0.83450272,,False,4.9787735e-06,4.9787735e-06,0.00019773494,39.715593,29.065484,False,0
2026-03-31,2004-12-20,5353,False,,state_1_raw,1,1858.5473,,0.83450272,,False,1.6835464e-05,1.6835464e-05,0.001147952,68.186536,63.340516,False,0
2026-03-31,2004-12-20,5353,False,,state_1_shrunk,1,1858.5473,0.96872634,0.83450272,,False,1.6628934e-05,1.6628934e-05,0.0011281094,67.840152,62.952402,False,0
2026-03-31,2004-12-20,5353,False,,regime_mixture,-1,,,0.83450272,0.0005485214,True,1.4886132e-05,1.4886132e-05,0.00097372669,65.411665,60.131884,False,0
2026-03-31,2004-12-20,5353,False,,consumed,-1,,,0.83450272,,True,1.4886132e-05,1.4886132e-05,0.00097372669,65.411665,60.131884,False,0
2026-04-30,2004-12-20,5374,False,,sample,-1,,,0.089691728,,False,9.4829759e-06,9.4829759e-06,0.00051452627,54.257891,47.21892,False,0
2026-04-30,2004-12-20,5374,False,,ewma,-1,,,0.089691728,,False,1.9849626e-06,1.9849626e-06,0.00050058754,252.18991,160.42508,False,0
2026-04-30,2004-12-20,5374,False,,ledoit_wolf,-1,,0.0038672212,0.089691728,,False,9.99243e-06,9.99243e-06,0.000512989,51.337762,44.678587,False,0
2026-04-30,2004-12-20,5374,False,,state_0_raw,0,3602.5041,,0.089691728,,False,4.861503e-06,4.861503e-06,0.00019282284,39.663216,28.755369,False,0
2026-04-30,2004-12-20,5374,False,,state_0_shrunk,0,3602.5041,0.98361777,0.089691728,,False,4.9739135e-06,4.9739135e-06,0.00019797241,39.802142,29.100604,False,0
2026-04-30,2004-12-20,5374,False,,state_1_raw,1,1867.7688,,0.089691728,,False,1.6749148e-05,1.6749148e-05,0.001144825,68.351237,63.471996,False,0
2026-04-30,2004-12-20,5374,False,,state_1_shrunk,1,1867.7688,0.96887594,0.089691728,,False,1.6545307e-05,1.6545307e-05,0.0011251486,68.004092,63.083177,False,0
2026-04-30,2004-12-20,5374,False,,regime_mixture,-1,,,0.089691728,0.00099215933,True,6.3832797e-06,6.3832797e-06,0.00028011946,43.883313,34.952323,False,0
2026-04-30,2004-12-20,5374,False,,consumed,-1,,,0.089691728,,True,6.3832797e-06,6.3832797e-06,0.00028011946,43.883313,34.952323,False,0
2026-05-29,2004-12-20,5394,False,,sample,-1,,,0.085855957,,False,9.474478e-06,9.474478e-06,0.00051362553,54.211486,47.085985,False,0
2026-05-29,2004-12-20,5394,False,,ewma,-1,,,0.085855957,,False,2.9365257e-06,2.9365257e-06,0.00037139156,126.47312,64.251286,False,0
2026-05-29,2004-12-20,5394,False,,ledoit_wolf,-1,,0.0038544023,0.085855957,,False,9.9815858e-06,9.9815858e-06,0.00051209634,51.304106,44.563599,False,0
2026-05-29,2004-12-20,5394,False,,state_0_raw,0,3625.9898,,0.085855957,,False,4.8633053e-06,4.8633053e-06,0.00019364009,39.816561,28.758078,False,0
2026-05-29,2004-12-20,5394,False,,state_0_shrunk,0,3625.9898,0.98372215,0.085855957,,False,4.9749906e-06,4.9749906e-06,0.00019872161,39.944118,29.094756,False,0
2026-05-29,2004-12-20,5394,False,,state_1_raw,1,1864.9778,,0.085855957,,False,1.6765036e-05,1.6765036e-05,0.0011460298,68.358322,63.487164,False,0
2026-05-29,2004-12-20,5394,False,,state_1_shrunk,1,1864.9778,0.96883081,0.085855957,,False,1.6560158e-05,1.6560158e-05,0.0011262587,68.01014,63.094574,False,0
2026-05-29,2004-12-20,5394,False,,regime_mixture,-1,,,0.085855957,0.00098353347,True,6.3360479e-06,6.3360479e-06,0.0002772877,43.763511,34.671707,False,0
2026-05-29,2004-12-20,5394,False,,consumed,-1,,,0.085855957,,True,6.3360479e-06,6.3360479e-06,0.0002772877,43.763511,34.671707,False,0
2026-06-30,2004-12-20,5415,False,,sample,-1,,,0.098667171,,False,9.5179631e-06,9.5179631e-06,0.00051401687,54.004923,46.842248,False,0
2026-06-30,2004-12-20,5415,False,,ewma,-1,,,0.098667171,,False,4.6427732e-06,4.6427732e-06,0.00064249695,138.38646,78.68809,False,0
2026-06-30,2004-12-20,5415,False,,ledoit_wolf,-1,,0.0038305176,0.098667171,,False,1.0022931e-05,1.0022931e-05,0.00051249653,51.132402,44.35486,False,0
2026-06-30,2004-12-20,5415,False,,state_0_raw,0,3656.7017,,0.098667171,,False,4.9233461e-06,4.9233461e-06,0.00019689973,39.99307,28.850119,False,0
2026-06-30,2004-12-20,5415,False,,state_0_shrunk,0,3656.7017,0.98385665,0.098667171,,False,5.0344311e-06,5.0344311e-06,0.00020187828,40.099522,29.168402,False,0
2026-06-30,2004-12-20,5415,False,,state_1_raw,1,1856.0581,,0.098667171,,False,1.6815252e-05,1.6815252e-05,0.00115004,68.392673,63.533088,False,0
2026-06-30,2004-12-20,5415,False,,state_1_shrunk,1,1856.0581,0.96868571,0.098667171,,False,1.6609429e-05,1.6609429e-05,0.0011300622,68.037389,63.131656,False,0
2026-06-30,2004-12-20,5415,False,,regime_mixture,-1,,,0.098667171,0.0010640243,True,6.5896182e-06,6.5896182e-06,0.00029214014,44.333394,35.371987,False,0
2026-06-30,2004-12-20,5415,False,,consumed,-1,,,0.098667171,,True,6.5896182e-06,6.5896182e-06,0.00029214014,44.333394,35.371987,False,0
2026-07-31,2004-12-20,5437,False,,sample,-1,,,0.092016865,,False,9.5511299e-06,9.5511299e-06,0.00051305995,53.717199,46.554664,False,0
2026-07-31,2004-12-20,5437,False,,ewma,-1,,,0.092016865,,False,3.7288375e-06,3.7288375e-06,0.00046629371,125.05069,44.927774,False,0
2026-07-31,2004-12-20,5437,False,,ledoit_wolf,-1,,0.0038162966,0.092016865,,False,1.0053548e-05,1.0053548e-05,0.00051154857,50.882394,44.102909,False,0
2026-07-31,2004-12-20,5437,False,,state_0_raw,0,3684.4882,,0.092016865,,False,4.984616e-06,4.984616e-06,0.00019796605,39.715407,28.62022,False,0
2026-07-31,2004-12-20,5437,False,,state_0_shrunk,0,3684.4882,0.98397645,0.092016865,,False,5.094875e-06,5.094875e-06,0.00020286992,39.81843,28.931641,False,0
2026-07-31,2004-12-20,5437,False,,state_1_raw,1,1849.8786,,0.092016865,,False,1.6839798e-05,1.6839798e-05,0.0011524155,68.434043,63.595392,False,0
2026-07-31,2004-12-20,5437,False,,state_1_shrunk,1,1849.8786,0.96858439,0.092016865,,False,1.6633609e-05,1.6633609e-05,0.0011322679,68.07109,63.185208,False,0
2026-07-31,2004-12-20,5437,False,,regime_mixture,-1,,,0.092016865,0.00098705323,True,6.5628398e-06,6.5628398e-06,0.00028704654,43.73816,34.725846,False,0
2026-07-31,2004-12-20,5437,False,,consumed,-1,,,0.092016865,,True,6.5628398e-06,6.5628398e-06,0.00028704654,43.73816,34.725846,False,0
