date,seed,converged,loglik,n_iter_run,error,usable,selected,within_selection_tol
2009-12-31,42,True,-3571.39,11,,True,False,False
2009-12-31,43,True,-3388.41,8,,True,False,False
2009-12-31,44,True,-3298.27,20,,True,False,False
2009-12-31,45,True,-3593.99,20,,True,False,False
2009-12-31,46,True,-3298.27,21,,True,False,False
2009-12-31,47,True,-3571.39,10,,True,False,False
2009-12-31,48,True,-3571.39,14,,True,False,False
2009-12-31,49,True,-3298.27,22,,True,False,False
2009-12-31,50,True,-3298.27,21,,True,False,False
2009-12-31,51,True,-3298.27,21,,True,False,False
2009-12-31,52,True,-3258.69,7,,True,True,True
2009-12-31,53,True,-3593.99,19,,True,False,False
2009-12-31,54,True,-3593.99,47,,True,False,False
2009-12-31,55,True,-3593.99,19,,True,False,False
2009-12-31,56,True,-3593.99,29,,True,False,False
2009-12-31,57,True,-3593.99,31,,True,False,False
2010-01-29,42,True,-3676.43,12,,True,False,False
2010-01-29,43,True,-3488.64,8,,True,False,False
2010-01-29,44,True,-3372.04,14,,True,False,False
2010-01-29,45,True,-3696.44,19,,True,False,False
2010-01-29,46,True,-3319.55,12,,True,True,True
2010-01-29,47,True,-3676.43,11,,True,False,False
2010-01-29,48,True,-3676.43,15,,True,False,False
2010-01-29,49,True,-3372.04,16,,True,False,False
2010-01-29,50,True,-3372.04,15,,True,False,False
2010-01-29,51,True,-3372.98,12,,True,False,False
2010-01-29,52,True,-3350.24,7,,True,False,False
2010-01-29,53,True,-3696.44,24,,True,False,False
2010-01-29,54,True,-3696.44,47,,True,False,False
2010-01-29,55,True,-3696.44,17,,True,False,False
2010-01-29,56,True,-3676.43,20,,True,False,False
2010-01-29,57,True,-3676.43,23,,True,False,False
2010-02-26,42,True,-3761.59,11,,True,False,False
2010-02-26,43,True,-3580.02,8,,True,False,False
2010-02-26,44,True,-3440.37,13,,True,False,False
2010-02-26,45,True,-3779.39,19,,True,False,False
2010-02-26,46,True,-3403.11,12,,True,True,True
2010-02-26,47,True,-3761.59,10,,True,False,False
2010-02-26,48,True,-3761.59,16,,True,False,False
2010-02-26,49,True,-3440.37,14,,True,False,False
2010-02-26,50,True,-3440.37,13,,True,False,False
2010-02-26,51,True,-3439.82,11,,True,False,False
2010-02-26,52,True,-3433.27,7,,True,False,False
2010-02-26,53,True,-3779.39,15,,True,False,False
2010-02-26,54,True,-3779.39,31,,True,False,False
2010-02-26,55,True,-3779.39,17,,True,False,False
2010-02-26,56,True,-3761.59,21,,True,False,False
2010-02-26,57,True,-3779.39,28,,True,False,False
2010-03-31,42,True,-3892.27,11,,True,False,False
2010-03-31,43,True,-3532.95,10,,True,False,False
2010-03-31,44,True,-3519.94,6,,True,True,True
2010-03-31,45,True,-3909.12,16,,True,False,False
2010-03-31,46,True,-3519.94,11,,True,False,True
2010-03-31,47,True,-3892.27,11,,True,False,False
2010-03-31,48,True,-3892.27,17,,True,False,False
2010-03-31,49,True,-3533.87,13,,True,False,False
2010-03-31,50,True,-3533.87,13,,True,False,False
2010-03-31,51,True,-3532.95,10,,True,False,False
2010-03-31,52,True,-3546.07,11,,True,False,False
2010-03-31,53,True,-3909.12,17,,True,False,False
2010-03-31,54,True,-3909.12,31,,True,False,False
2010-03-31,55,True,-3909.12,15,,True,False,False
2010-03-31,56,True,-3909.12,19,,True,False,False
2010-03-31,57,True,-3892.27,29,,True,False,False
2010-04-30,42,True,-4008.21,11,,True,False,False
2010-04-30,43,True,-3813.02,11,,True,False,False
2010-04-30,44,True,-3616.43,12,,True,False,False
2010-04-30,45,True,-4024.84,16,,True,False,False
2010-04-30,46,True,-3624.44,11,,True,False,False
2010-04-30,47,True,-4008.21,12,,True,False,False
2010-04-30,48,True,-4008.21,30,,True,False,False
2010-04-30,49,True,-3616.43,13,,True,False,False
2010-04-30,50,True,-3624.44,19,,True,False,False
2010-04-30,51,True,-3615.13,10,,True,True,True
2010-04-30,52,True,-3646.35,7,,True,False,False
2010-04-30,53,True,-4024.93,20,,True,False,False
2010-04-30,54,True,-4032.89,27,,True,False,False
2010-04-30,55,True,-4024.84,15,,True,False,False
2010-04-30,56,True,-4008.21,50,,True,False,False
2010-04-30,57,True,-4008.21,53,,True,False,False
2010-05-28,42,True,-3694.87,12,,True,False,False
2010-05-28,43,True,-3674.98,10,,True,False,False
2010-05-28,44,True,-3675.65,11,,True,False,False
2010-05-28,45,True,-4127.91,19,,True,False,False
2010-05-28,46,True,-3694.87,11,,True,False,False
2010-05-28,47,True,-4117.82,11,,True,False,False
2010-05-28,48,True,-4117.82,18,,True,False,False
2010-05-28,49,True,-3675.65,12,,True,False,False
2010-05-28,50,True,-3713.32,11,,True,False,False
2010-05-28,51,True,-3674.98,10,,True,True,True
2010-05-28,52,True,-3713.32,7,,True,False,False
2010-05-28,53,True,-4122.36,39,,True,False,False
2010-05-28,54,True,-4122.36,27,,True,False,False
2010-05-28,55,True,-4127.91,17,,True,False,False
2010-05-28,56,True,-4117.82,23,,True,False,False
2010-05-28,57,True,-4117.82,26,,True,False,False
2010-06-30,42,True,-3729.81,38,,True,False,False
2010-06-30,43,True,-3965.05,11,,True,False,False
2010-06-30,44,True,-3729.81,28,,True,False,False
2010-06-30,45,True,-4212.46,36,,True,False,False
2010-06-30,46,True,-3767.52,10,,True,False,False
2010-06-30,47,True,-4207.26,12,,True,False,False
2010-06-30,48,True,-4207.26,14,,True,False,False
2010-06-30,49,True,-3729.81,29,,True,False,False
2010-06-30,50,True,-3782.19,12,,True,False,False
2010-06-30,51,True,-3729.81,10,,True,True,True
2010-06-30,52,True,-3782.19,7,,True,False,False
2010-06-30,53,True,-4212.46,24,,True,False,False
2010-06-30,54,True,-4212.46,26,,True,False,False
2010-06-30,55,True,-4212.46,27,,True,False,False
2010-06-30,56,True,-4207.26,17,,True,False,False
2010-06-30,57,True,-4207.26,19,,True,False,False
2010-07-30,42,True,-3796.18,23,,True,False,False
2010-07-30,43,True,-4052.36,11,,True,False,False
2010-07-30,44,True,-3796.18,19,,True,False,False
2010-07-30,45,True,-3796.18,34,,True,False,False
2010-07-30,46,True,-3849.07,10,,True,False,False
2010-07-30,47,True,-4303.38,11,,True,False,False
2010-07-30,48,True,-4303.38,15,,True,False,False
2010-07-30,49,True,-3796.18,20,,True,False,False
2010-07-30,50,True,-3796.18,20,,True,False,False
2010-07-30,51,True,-3796.18,10,,True,True,True
2010-07-30,52,True,-3859.63,7,,True,False,False
2010-07-30,53,True,-3849.07,28,,True,False,False
2010-07-30,54,True,-3849.07,32,,True,False,False
2010-07-30,55,True,-3849.07,29,,True,False,False
2010-07-30,56,True,-4303.38,18,,True,False,False
2010-07-30,57,True,-4303.38,20,,True,False,False
2010-08-31,42,True,-3884.45,20,,True,False,False
2010-08-31,43,True,-4151.13,10,,True,False,False
2010-08-31,44,True,-3884.45,14,,True,False,False
2010-08-31,45,True,-4393.86,18,,True,False,False
2010-08-31,46,True,-3941.23,10,,True,False,False
2010-08-31,47,True,-4393.86,11,,True,False,False
2010-08-31,48,True,-4393.86,13,,True,False,False
2010-08-31,49,True,-3884.45,16,,True,False,False
2010-08-31,50,True,-3884.45,14,,True,False,False
2010-08-31,51,True,-3883.07,10,,True,True,True
2010-08-31,52,True,-3947.91,7,,True,False,False
2010-08-31,53,True,-3941.23,29,,True,False,False
2010-08-31,54,True,-3941.23,32,,True,False,False
2010-08-31,55,True,-4434.55,19,,True,False,False
2010-08-31,56,True,-4393.86,15,,True,False,False
2010-08-31,57,True,-4393.86,17,,True,False,False
2010-09-30,42,True,-4029.04,11,,True,False,False
2010-09-30,43,True,-4243.68,10,,True,False,False
2010-09-30,44,True,-3976.01,11,,True,False,False
2010-09-30,45,True,-4029.04,46,,True,False,False
2010-09-30,46,True,-4029.04,10,,True,False,False
2010-09-30,47,True,-4467.94,11,,True,False,False
2010-09-30,48,True,-4467.94,13,,True,False,False
2010-09-30,49,True,-3976.01,13,,True,False,False
2010-09-30,50,True,-3976.01,11,,True,True,True
2010-09-30,51,True,-3976.01,20,,True,False,False
2010-09-30,52,True,-3976.01,14,,True,False,False
2010-09-30,53,True,-4467.94,18,,True,False,False
2010-09-30,54,True,-4029.04,46,,True,False,False
2010-09-30,55,True,-4506.2,18,,True,False,False
2010-09-30,56,True,-4467.94,16,,True,False,False
2010-09-30,57,True,-4467.94,17,,True,False,False
2010-10-29,42,True,-4122.32,11,,True,False,False
2010-10-29,43,True,-4341.11,10,,True,False,False
2010-10-29,44,True,-4076.95,21,,True,False,False
2010-10-29,45,True,-4583.49,19,,True,False,False
2010-10-29,46,True,-4122.32,10,,True,False,False
2010-10-29,47,True,-4552.12,11,,True,False,False
2010-10-29,48,True,-4552.12,14,,True,False,False
2010-10-29,49,True,-4076.95,22,,True,False,False
2010-10-29,50,True,-4121.73,12,,True,False,False
2010-10-29,51,True,-4076.95,14,,True,True,True
2010-10-29,52,True,-4121.73,7,,True,False,False
2010-10-29,53,True,-4575.53,28,,True,False,False
2010-10-29,54,True,-4575.53,30,,True,False,False
2010-10-29,55,True,-4583.49,16,,True,False,False
2010-10-29,56,True,-4552.12,18,,True,False,False
2010-10-29,57,True,-4552.12,20,,True,False,False
2010-11-30,42,True,-4645.21,11,,True,False,False
2010-11-30,43,True,-4437.96,10,,True,False,False
2010-11-30,44,True,-4163.27,16,,True,False,False
2010-11-30,45,True,-4660.36,28,,True,False,False
2010-11-30,46,True,-4214.2,9,,True,False,False
2010-11-30,47,True,-4645.21,11,,True,False,False
2010-11-30,48,True,-4645.21,15,,True,False,False
2010-11-30,49,True,-4163.27,17,,True,False,False
2010-11-30,50,True,-4209.16,12,,True,False,False
2010-11-30,51,True,-4163.27,22,,True,True,True
2010-11-30,52,True,-4209.16,8,,True,False,False
2010-11-30,53,True,-4660.36,27,,True,False,False
2010-11-30,54,True,-4660.36,30,,True,False,False
2010-11-30,55,True,-4660.36,32,,True,False,False
2010-11-30,56,True,-4660.36,26,,True,False,False
2010-11-30,57,True,-4645.21,23,,True,False,False
2010-12-31,42,True,-4748.32,12,,True,False,False
2010-12-31,43,True,-4553.47,9,,True,False,False
2010-12-31,44,True,-4257.72,21,,True,False,False
2010-12-31,45,True,-4756.56,27,,True,False,False
2010-12-31,46,True,-4326.87,9,,True,False,False
2010-12-31,47,True,-4748.32,11,,True,False,False
2010-12-31,48,True,-4748.32,15,,True,False,False
2010-12-31,49,True,-4257.72,22,,True,False,False
2010-12-31,50,True,-4317.21,13,,True,False,False
2010-12-31,51,True,-4257.72,22,,True,True,True
2010-12-31,52,True,-4317.21,8,,True,False,False
2010-12-31,53,True,-4756.56,23,,True,False,False
2010-12-31,54,True,-4756.56,27,,True,False,False
2010-12-31,55,True,-4756.56,25,,True,False,False
2010-12-31,56,True,-4748.32,21,,True,False,False
2010-12-31,57,True,-4748.32,23,,True,False,False
2011-01-31,42,True,-4416.46,11,,True,False,False
2011-01-31,43,True,-4328.73,13,,True,False,False
2011-01-31,44,True,-4328.73,19,,True,False,False
2011-01-31,45,True,-4863.32,24,,True,False,False
2011-01-31,46,True,-4328.73,14,,True,True,True
2011-01-31,47,True,-4864.44,15,,True,False,False
2011-01-31,48,True,-4864.44,18,,True,False,False
2011-01-31,49,True,-4328.73,20,,True,False,False
2011-01-31,50,True,-4402.95,14,,True,False,False
2011-01-31,51,True,-4328.73,14,,True,False,False
2011-01-31,52,True,-4402.95,8,,True,False,False
2011-01-31,53,True,-4863.32,25,,True,False,False
2011-01-31,54,True,-4888.38,25,,True,False,False
2011-01-31,55,True,-4863.32,25,,True,False,False
2011-01-31,56,True,-4863.32,24,,True,False,False
2011-01-31,57,True,-4863.32,25,,True,False,False
2011-02-28,42,True,-4935.49,12,,True,False,False
2011-02-28,43,True,-4747.75,9,,True,False,False
2011-02-28,44,True,-4404.2,14,,True,False,False
2011-02-28,45,True,-4907.78,50,,True,False,False
2011-02-28,46,True,-4509.21,9,,True,False,False
2011-02-28,47,True,-4935.49,16,,True,False,False
2011-02-28,48,True,-4935.49,22,,True,False,False
2011-02-28,49,True,-4404.2,16,,True,False,False
2011-02-28,50,True,-4492.28,17,,True,False,False
2011-02-28,51,True,-4404.2,12,,True,True,True
2011-02-28,52,True,-4492.28,9,,True,False,False
2011-02-28,53,True,-4907.78,49,,True,False,False
2011-02-28,54,True,-4907.78,59,,True,False,False
2011-02-28,55,True,-4907.78,50,,True,False,False
2011-02-28,56,True,-4935.49,39,,True,False,False
2011-02-28,57,True,-4907.78,58,,True,False,False
2011-03-31,42,True,-5033.33,12,,True,False,False
2011-03-31,43,True,-4855.77,11,,True,False,False
2011-03-31,44,True,-4488.56,12,,True,False,False
2011-03-31,45,True,-5032.95,22,,True,False,False
2011-03-31,46,True,-4610.83,9,,True,False,False
2011-03-31,47,True,-5042.89,15,,True,False,False
2011-03-31,48,True,-5042.89,19,,True,False,False
2011-03-31,49,True,-4488.56,14,,True,False,False
2011-03-31,50,True,-4590.01,22,,True,False,False
2011-03-31,51,True,-4488.56,12,,True,True,True
2011-03-31,52,True,-4590.01,9,,True,False,False
2011-03-31,53,True,-5032.95,20,,True,False,False
2011-03-31,54,True,-5032.95,30,,True,False,False
2011-03-31,55,True,-5032.95,21,,True,False,False
2011-03-31,56,True,-5032.95,32,,True,False,False
2011-03-31,57,True,-5032.95,31,,True,False,False
2011-04-29,42,True,-5118.89,12,,True,False,False
2011-04-29,43,True,-4721.83,22,,True,False,False
2011-04-29,44,True,-4570.83,11,,True,False,False
2011-04-29,45,True,-5110.91,22,,True,False,False
2011-04-29,46,True,-4710.79,9,,True,False,False
2011-04-29,47,True,-5118.89,15,,True,False,False
2011-04-29,48,True,-5118.89,22,,True,False,False
2011-04-29,49,True,-4570.83,12,,True,False,False
2011-04-29,50,True,-5118.89,20,,True,False,False
2011-04-29,51,True,-4570.83,12,,True,True,True
2011-04-29,52,True,-4685.36,11,,True,False,False
2011-04-29,53,True,-5110.91,21,,True,False,False
2011-04-29,54,True,-5110.91,29,,True,False,False
2011-04-29,55,True,-5110.91,21,,True,False,False
2011-04-29,56,True,-5110.91,20,,True,False,False
2011-04-29,57,True,-5110.91,28,,True,False,False
2011-05-31,42,True,-4808.48,12,,True,False,False
2011-05-31,43,True,-4652.54,11,,True,False,False
2011-05-31,44,True,-4803.78,16,,True,False,False
2011-05-31,45,True,-5180.34,25,,True,False,False
2011-05-31,46,True,-4652.54,11,,True,True,True
2011-05-31,47,True,-5199.51,14,,True,False,False
2011-05-31,48,True,-5180.34,24,,True,False,False
2011-05-31,49,True,-4652.54,12,,True,False,False
2011-05-31,50,True,-4652.54,24,,True,False,False
2011-05-31,51,True,-4652.54,12,,True,False,False
2011-05-31,52,True,-4778.18,11,,True,False,False
2011-05-31,53,True,-5180.34,25,,True,False,False
2011-05-31,54,True,-5180.34,32,,True,False,False
2011-05-31,55,True,-5180.34,25,,True,False,False
2011-05-31,56,True,-5180.34,31,,True,False,False
2011-05-31,57,True,-5180.34,26,,True,False,False
2011-06-30,42,True,-5285.56,12,,True,False,False
2011-06-30,43,True,-4916.32,18,,True,False,False
2011-06-30,44,True,-4732.14,11,,True,False,False
2011-06-30,45,True,-5260.41,23,,True,False,False
2011-06-30,46,True,-4905.23,10,,True,False,False
2011-06-30,47,True,-5285.56,14,,True,False,False
2011-06-30,48,True,-5260.41,20,,True,False,False
2011-06-30,49,True,-4732.14,16,,True,False,False
2011-06-30,50,True,-4732.14,24,,True,False,False
2011-06-30,51,True,-4732.14,12,,True,True,True
2011-06-30,52,True,-4732.14,12,,True,False,False
2011-06-30,53,True,-5260.41,22,,True,False,False
2011-06-30,54,True,-5260.41,29,,True,False,False
2011-06-30,55,True,-5260.41,22,,True,False,False
2011-06-30,56,True,-5260.41,27,,True,False,False
2011-06-30,57,True,-5260.41,23,,True,False,False
2011-07-29,42,True,-4999.41,13,,True,False,False
2011-07-29,43,True,-5010.5,18,,True,False,False
2011-07-29,44,True,-4959.97,20,,True,False,False
2011-07-29,45,True,-5348.54,21,,True,False,False
2011-07-29,46,True,-4810.01,12,,True,True,True
2011-07-29,47,True,-5375.87,15,,True,False,False
2011-07-29,48,True,-5404.09,25,,True,False,False
2011-07-29,49,True,-4810.01,11,,True,False,False
2011-07-29,50,True,-4810.01,23,,True,False,False
2011-07-29,51,True,-4810.01,13,,True,False,True
2011-07-29,52,True,-4962.34,13,,True,False,False
2011-07-29,53,True,-5348.54,21,,True,False,False
2011-07-29,54,True,-5348.54,23,,True,False,False
2011-07-29,55,True,-5348.54,21,,True,False,False
2011-07-29,56,True,-5348.54,25,,True,False,False
2011-07-29,57,True,-5348.54,25,,True,False,False
2011-08-31,42,True,-5008.64,32,,True,False,False
2011-08-31,43,True,-4846.21,11,,True,True,True
2011-08-31,44,True,-4846.21,10,,True,False,False
2011-08-31,45,True,-5394.45,21,,True,False,False
2011-08-31,46,True,-5008.64,29,,True,False,False
2011-08-31,47,True,-5405.83,16,,True,False,False
2011-08-31,48,True,-5405.83,31,,True,False,False
2011-08-31,49,True,-4846.21,14,,True,False,False
2011-08-31,50,True,-4846.21,18,,True,False,False
2011-08-31,51,True,-4846.21,12,,True,False,True
2011-08-31,52,True,-5009.21,16,,True,False,False
2011-08-31,53,True,-5394.45,24,,True,False,False
2011-08-31,54,True,-5394.45,23,,True,False,False
2011-08-31,55,True,-5394.45,20,,True,False,False
2011-08-31,56,True,-5441.65,25,,True,False,False
2011-08-31,57,True,-5394.45,20,,True,False,False
2011-09-30,42,True,-5472.62,14,,True,False,False
2011-09-30,43,True,-5087.83,28,,True,False,False
2011-09-30,44,True,-4927.26,11,,True,False,False
2011-09-30,45,True,-5466.91,21,,True,False,False
2011-09-30,46,True,-5087.83,24,,True,False,False
2011-09-30,47,True,-5472.62,15,,True,False,False
2011-09-30,48,True,-5472.62,22,,True,False,False
2011-09-30,49,True,-4927.26,12,,True,False,False
2011-09-30,50,True,-4927.26,18,,True,False,False
2011-09-30,51,True,-4927.26,12,,True,True,True
2011-09-30,52,True,-4927.26,17,,True,False,False
2011-09-30,53,True,-5466.91,26,,True,False,False
2011-09-30,54,True,-5466.91,22,,True,False,False
2011-09-30,55,True,-5466.91,19,,True,False,False
2011-09-30,56,True,-5510.1,25,,True,False,False
2011-09-30,57,True,-5510.1,21,,True,False,False
2011-10-31,42,True,-5543.85,17,,True,False,False
2011-10-31,43,True,-5163.63,25,,True,False,False
2011-10-31,44,True,-5004.34,14,,True,False,False
2011-10-31,45,True,-5542.32,25,,True,False,False
2011-10-31,46,True,-5163.63,21,,True,False,False
2011-10-31,47,True,-5543.85,18,,True,False,False
2011-10-31,48,True,-5543.85,25,,True,False,False
2011-10-31,49,True,-5004.34,15,,True,False,False
2011-10-31,50,True,-5004.34,20,,True,False,False
2011-10-31,51,True,-5004.34,12,,True,True,True
2011-10-31,52,True,-5004.34,20,,True,False,False
2011-10-31,53,True,-5580.54,24,,True,False,False
2011-10-31,54,True,-5580.54,22,,True,False,False
2011-10-31,55,True,-5542.32,19,,True,False,False
2011-10-31,56,True,-5543.85,41,,True,False,False
2011-10-31,57,True,-5580.54,27,,True,False,False
2011-11-30,42,True,-5617.48,19,,True,False,False
2011-11-30,43,True,-5238.48,24,,True,False,False
2011-11-30,44,True,-5088.61,13,,True,False,False
2011-11-30,45,True,-5647.52,23,,True,False,False
2011-11-30,46,True,-5238.48,20,,True,False,False
2011-11-30,47,True,-5617.48,23,,True,False,False
2011-11-30,48,True,-5617.48,29,,True,False,False
2011-11-30,49,True,-5088.61,14,,True,False,False
2011-11-30,50,True,-5088.61,19,,True,False,False
2011-11-30,51,True,-5088.61,19,,True,True,True
2011-11-30,52,True,-5088.61,20,,True,False,False
2011-11-30,53,True,-5648.15,17,,True,False,False
2011-11-30,54,True,-5648.15,25,,True,False,False
2011-11-30,55,True,-5613.16,20,,True,False,False
2011-11-30,56,True,-5617.48,48,,True,False,False
2011-11-30,57,True,-5617.48,59,,True,False,False
2011-12-30,42,True,-5735.63,22,,True,False,False
2011-12-30,43,True,-5331.22,24,,True,False,False
2011-12-30,44,True,-5218.01,9,,True,False,False
2011-12-30,45,True,-5743.08,17,,True,False,False
2011-12-30,46,True,-5331.22,20,,True,False,False
2011-12-30,47,True,-5739.89,16,,True,False,False
2011-12-30,48,True,-5735.63,19,,True,False,False
2011-12-30,49,True,-5218.01,10,,True,False,False
2011-12-30,50,True,-5735.63,17,,True,False,False
2011-12-30,51,True,-5218.01,27,,True,True,True
2011-12-30,52,True,-5218.01,17,,True,False,False
2011-12-30,53,True,-5709.9,18,,True,False,False
2011-12-30,54,True,-5743.08,26,,True,False,False
2011-12-30,55,True,-5709.9,20,,True,False,False
2011-12-30,56,True,-5746.49,17,,True,False,False
2011-12-30,57,True,-5743.08,23,,True,False,False
2012-01-31,42,True,-5429.71,23,,True,False,False
2012-01-31,43,True,-5429.71,24,,True,False,False
2012-01-31,44,True,-5349.87,26,,True,False,False
2012-01-31,45,True,-5822.38,20,,True,False,False
2012-01-31,46,True,-5429.71,21,,True,False,False
2012-01-31,47,True,-5816.03,16,,True,False,False
2012-01-31,48,True,-5825.15,23,,True,False,False
2012-01-31,49,True,-5349.87,27,,True,True,True
2012-01-31,50,True,-5349.87,33,,True,False,False
2012-01-31,51,True,-5350.62,16,,True,False,False
2012-01-31,52,True,-5432.33,17,,True,False,False
2012-01-31,53,True,-5791.04,18,,True,False,False
2012-01-31,54,True,-5822.38,27,,True,False,False
2012-01-31,55,True,-5791.04,19,,True,False,False
2012-01-31,56,True,-5822.38,25,,True,False,False
2012-01-31,57,True,-5791.04,19,,True,False,False
2012-02-29,42,True,-5532.91,25,,True,False,False
2012-02-29,43,True,-5520.25,17,,True,False,False
2012-02-29,44,True,-5532.91,15,,True,False,False
2012-02-29,45,True,-5887.94,17,,True,False,False
2012-02-29,46,True,-5520.25,18,,True,False,False
2012-02-29,47,True,-5887.94,18,,True,False,False
2012-02-29,48,True,-5925.16,21,,True,False,False
2012-02-29,49,True,-5501.06,10,,True,True,True
2012-02-29,50,True,-5538.87,18,,True,False,False
2012-02-29,51,True,-5520.25,18,,True,False,False
2012-02-29,52,True,-5532.91,19,,True,False,False
2012-02-29,53,True,-5921.61,20,,True,False,False
2012-02-29,54,True,-5887.94,41,,True,False,False
2012-02-29,55,True,-5887.94,19,,True,False,False
2012-02-29,56,True,-5921.61,23,,True,False,False
2012-02-29,57,True,-5887.94,19,,True,False,False
2012-03-30,42,True,-5656.74,26,,True,False,False
2012-03-30,43,True,-5656.74,27,,True,False,False
2012-03-30,44,True,-5656.74,15,,True,False,False
2012-03-30,45,True,-5965.75,17,,True,False,False
2012-03-30,46,True,-5656.74,24,,True,False,False
2012-03-30,47,True,-5997.61,17,,True,False,False
2012-03-30,48,True,-6002.97,36,,True,False,False
2012-03-30,49,True,-5660.82,11,,True,False,False
2012-03-30,50,True,-5656.74,34,,True,True,True
2012-03-30,51,True,-5670.44,16,,True,False,False
2012-03-30,52,True,-5656.74,14,,True,False,True
2012-03-30,53,True,-5965.75,18,,True,False,False
2012-03-30,54,True,-5965.75,37,,True,False,False
2012-03-30,55,True,-5965.75,18,,True,False,False
2012-03-30,56,True,-5965.75,18,,True,False,False
2012-03-30,57,True,-5965.75,19,,True,False,False
2012-04-30,42,True,-6066.38,17,,True,False,False
2012-04-30,43,True,-5761.87,28,,True,False,False
2012-04-30,44,True,-5790.94,10,,True,False,False
2012-04-30,45,True,-6030.25,17,,True,False,False
2012-04-30,46,True,-5761.87,25,,True,False,False
2012-04-30,47,True,-6066.38,16,,True,False,False
2012-04-30,48,True,-6069.73,28,,True,False,False
2012-04-30,49,True,-5790.94,11,,True,False,False
2012-04-30,50,True,-5761.87,26,,True,True,True
2012-04-30,51,True,-5774.16,15,,True,False,False
2012-04-30,52,True,-5761.87,12,,True,False,True
2012-04-30,53,True,-6030.25,18,,True,False,False
2012-04-30,54,True,-6030.25,37,,True,False,False
2012-04-30,55,True,-6030.25,18,,True,False,False
2012-04-30,56,True,-6030.25,18,,True,False,False
2012-04-30,57,True,-6069.73,21,,True,False,False
2012-05-31,42,True,-6174.3,19,,True,False,False
2012-05-31,43,True,-5882.45,40,,True,True,True
2012-05-31,44,True,-5940.89,15,,True,False,False
2012-05-31,45,True,-6129.84,17,,True,False,False
2012-05-31,46,True,-5882.45,37,,True,False,False
2012-05-31,47,True,-6174.3,17,,True,False,False
2012-05-31,48,True,-6172.49,20,,True,False,False
2012-05-31,49,True,-5940.89,17,,True,False,False
2012-05-31,50,True,-5882.45,22,,True,False,True
2012-05-31,51,True,-5893.55,14,,True,False,False
2012-05-31,52,True,-5882.45,9,,True,False,True
2012-05-31,53,True,-6129.84,17,,True,False,False
2012-05-31,54,True,-6129.84,36,,True,False,False
2012-05-31,55,True,-6129.84,18,,True,False,False
2012-05-31,56,True,-6129.84,17,,True,False,False
2012-05-31,57,True,-6172.49,20,,True,False,False
2012-06-29,42,True,-6286.29,24,,True,False,False
2012-06-29,43,True,-6045.55,15,,True,False,False
2012-06-29,44,True,-6052.3,13,,True,False,False
2012-06-29,45,True,-6245.54,24,,True,False,False
2012-06-29,46,True,-5994.16,16,,True,True,True
2012-06-29,47,True,-6285.74,16,,True,False,False
2012-06-29,48,True,-6282.91,21,,True,False,False
2012-06-29,49,True,-6052.3,14,,True,False,False
2012-06-29,50,True,-6064.92,17,,True,False,False
2012-06-29,51,True,-5994.16,16,,True,False,False
2012-06-29,52,True,-6007.45,8,,True,False,False
2012-06-29,53,True,-6245.54,26,,True,False,False
2012-06-29,54,True,-6245.54,25,,True,False,False
2012-06-29,55,True,-6245.54,21,,True,False,False
2012-06-29,56,True,-6245.54,20,,True,False,False
2012-06-29,57,True,-6282.91,20,,True,False,False
2012-07-31,42,True,-6371.97,15,,True,False,False
2012-07-31,43,True,-6182.34,16,,True,False,False
2012-07-31,44,True,-6169.79,13,,True,False,False
2012-07-31,45,True,-6336.2,22,,True,False,False
2012-07-31,46,True,-6171.96,9,,True,False,False
2012-07-31,47,True,-6371.38,16,,True,False,False
2012-07-31,48,True,-6372.86,23,,True,False,False
2012-07-31,49,True,-6140.38,42,,True,False,False
2012-07-31,50,True,-6140.38,58,,True,False,False
2012-07-31,51,True,-6079.33,16,,True,True,True
2012-07-31,52,True,-6153.15,34,,True,False,False
2012-07-31,53,True,-6336.2,18,,True,False,False
2012-07-31,54,True,-6336.2,36,,True,False,False
2012-07-31,55,True,-6336.2,19,,True,False,False
2012-07-31,56,True,-6336.2,17,,True,False,False
2012-07-31,57,True,-6372.86,23,,True,False,False
2012-08-31,42,True,-6320.86,11,,True,False,False
2012-08-31,43,True,-6330.8,15,,True,False,False
2012-08-31,44,True,-6320.47,10,,True,False,False
2012-08-31,45,True,-6413.2,17,,True,False,False
2012-08-31,46,True,-6320.86,9,,True,False,False
2012-08-31,47,True,-6455.75,16,,True,False,False
2012-08-31,48,True,-6453.9,22,,True,False,False
2012-08-31,49,True,-6176.56,19,,True,False,False
2012-08-31,50,True,-6176.56,36,,True,False,False
2012-08-31,51,True,-6176.56,16,,True,True,True
2012-08-31,52,True,-6176.56,35,,True,False,False
2012-08-31,53,True,-6413.2,17,,True,False,False
2012-08-31,54,True,-6413.2,37,,True,False,False
2012-08-31,55,True,-6413.2,18,,True,False,False
2012-08-31,56,True,-6413.2,17,,True,False,False
2012-08-31,57,True,-6413.2,25,,True,False,False
2012-09-28,42,True,-6434.06,11,,True,False,False
2012-09-28,43,True,-6434.06,13,,True,False,False
2012-09-28,44,True,-6434.74,9,,True,False,False
2012-09-28,45,True,-6477.77,17,,True,False,False
2012-09-28,46,True,-6264.7,16,,True,True,True
2012-09-28,47,True,-6527.56,17,,True,False,False
2012-09-28,48,True,-6521.84,21,,True,False,False
2012-09-28,49,True,-6264.7,17,,True,False,False
2012-09-28,50,True,-6477.77,24,,True,False,False
2012-09-28,51,True,-6264.7,16,,True,False,False
2012-09-28,52,True,-6264.7,30,,True,False,False
2012-09-28,53,True,-6477.77,17,,True,False,False
2012-09-28,54,True,-6477.77,27,,True,False,False
2012-09-28,55,True,-6477.77,18,,True,False,False
2012-09-28,56,True,-6477.77,17,,True,False,False
2012-09-28,57,True,-6477.77,24,,True,False,False
2012-10-31,42,True,-6590.91,12,,True,False,False
2012-10-31,43,True,-6349.69,14,,True,False,False
2012-10-31,44,True,-6349.69,13,,True,False,False
2012-10-31,45,True,-6540.19,17,,True,False,False
2012-10-31,46,True,-6549.64,11,,True,False,False
2012-10-31,47,True,-6591.47,17,,True,False,False
2012-10-31,48,True,-6540.19,45,,True,False,False
2012-10-31,49,True,-6349.69,14,,True,False,False
2012-10-31,50,True,-6540.19,23,,True,False,False
2012-10-31,51,True,-6349.69,15,,True,True,True
2012-10-31,52,True,-6349.69,15,,True,False,False
2012-10-31,53,True,-6540.19,17,,True,False,False
2012-10-31,54,True,-6540.19,26,,True,False,False
2012-10-31,55,True,-6540.19,17,,True,False,False
2012-10-31,56,True,-6540.19,22,,True,False,False
2012-10-31,57,True,-6540.19,23,,True,False,False
2012-11-30,42,True,-6434.84,42,,True,False,False
2012-11-30,43,True,-6434.84,15,,True,True,True
2012-11-30,44,True,-6434.84,13,,True,False,False
2012-11-30,45,True,-6619.53,18,,True,False,False
2012-11-30,46,True,-6434.84,15,,True,False,False
2012-11-30,47,True,-6671.94,17,,True,False,False
2012-11-30,48,True,-6619.53,15,,True,False,False
2012-11-30,49,True,-6434.84,14,,True,False,False
2012-11-30,50,True,-6619.53,32,,True,False,False
2012-11-30,51,True,-6434.84,15,,True,False,True
2012-11-30,52,True,-6434.84,19,,True,False,False
2012-11-30,53,True,-6619.53,17,,True,False,False
2012-11-30,54,True,-6619.53,25,,True,False,False
2012-11-30,55,True,-6619.53,18,,True,False,False
2012-11-30,56,True,-6619.53,17,,True,False,False
2012-11-30,57,True,-6619.53,22,,True,False,False
2012-12-31,42,True,-6519.7,34,,True,False,False
2012-12-31,43,True,-6795.55,10,,True,False,False
2012-12-31,44,True,-6519.7,11,,True,False,False
2012-12-31,45,True,-6690.19,17,,True,False,False
2012-12-31,46,True,-6519.7,14,,True,True,True
2012-12-31,47,True,-6747.28,17,,True,False,False
2012-12-31,48,True,-6690.19,29,,True,False,False
2012-12-31,49,True,-6519.7,13,,True,False,False
2012-12-31,50,True,-6690.19,15,,True,False,False
2012-12-31,51,True,-6747.28,15,,True,False,False
2012-12-31,52,True,-6519.7,17,,True,False,False
2012-12-31,53,True,-6690.19,17,,True,False,False
2012-12-31,54,True,-6690.19,35,,True,False,False
2012-12-31,55,True,-6690.19,17,,True,False,False
2012-12-31,56,True,-6690.19,17,,True,False,False
2012-12-31,57,True,-6690.19,22,,True,False,False
2013-01-31,42,True,-6641.51,40,,True,False,False
2013-01-31,43,True,-6938.43,10,,True,False,False
2013-01-31,44,True,-6641.51,11,,True,False,False
2013-01-31,45,True,-6791.85,17,,True,False,False
2013-01-31,46,True,-6850.06,41,,True,False,False
2013-01-31,47,True,-6850.06,17,,True,False,False
2013-01-31,48,True,-6791.85,27,,True,False,False
2013-01-31,49,True,-6641.51,14,,True,True,True
2013-01-31,50,True,-6791.85,15,,True,False,False
2013-01-31,51,True,-6850.06,14,,True,False,False
2013-01-31,52,True,-6641.51,17,,True,False,True
2013-01-31,53,True,-6791.85,17,,True,False,False
2013-01-31,54,True,-6791.85,24,,True,False,False
2013-01-31,55,True,-6791.85,17,,True,False,False
2013-01-31,56,True,-6791.85,17,,True,False,False
2013-01-31,57,True,-6791.85,18,,True,False,False
2013-02-28,42,True,-6736.88,54,,True,True,True
2013-02-28,43,True,-7042.93,10,,True,False,False
2013-02-28,44,True,-6736.88,51,,True,False,False
2013-02-28,45,True,-6861.67,17,,True,False,False
2013-02-28,46,True,-6921.83,22,,True,False,False
2013-02-28,47,True,-6921.83,18,,True,False,False
2013-02-28,48,True,-6861.67,15,,True,False,False
2013-02-28,49,True,-6736.88,12,,True,False,False
2013-02-28,50,True,-6861.67,15,,True,False,False
2013-02-28,51,True,-6921.83,13,,True,False,False
2013-02-28,52,True,-6736.88,16,,True,False,True
2013-02-28,53,True,-6861.67,17,,True,False,False
2013-02-28,54,True,-6861.67,24,,True,False,False
2013-02-28,55,True,-6861.67,17,,True,False,False
2013-02-28,56,True,-6861.67,21,,True,False,False
2013-02-28,57,True,-6861.67,21,,True,False,False
2013-03-28,42,True,-7011.43,19,,True,False,False
2013-03-28,43,True,-6842.39,13,,True,True,True
2013-03-28,44,True,-7058.3,27,,True,False,False
2013-03-28,45,True,-6949.41,17,,True,False,False
2013-03-28,46,True,-7171.01,11,,True,False,False
2013-03-28,47,True,-7011.43,19,,True,False,False
2013-03-28,48,True,-6949.41,15,,True,False,False
2013-03-28,49,True,-6842.39,16,,True,False,False
2013-03-28,50,True,-6949.41,15,,True,False,False
2013-03-28,51,True,-7011.43,14,,True,False,False
2013-03-28,52,True,-6842.39,16,,True,False,False
2013-03-28,53,True,-6949.41,17,,True,False,False
2013-03-28,54,True,-6949.41,36,,True,False,False
2013-03-28,55,True,-6949.41,17,,True,False,False
2013-03-28,56,True,-6949.41,17,,True,False,False
2013-03-28,57,True,-6949.41,18,,True,False,False
2013-04-30,42,True,-7041.46,34,,True,False,False
2013-04-30,43,True,-7302.98,12,,True,False,False
2013-04-30,44,True,-6943.71,10,,True,True,True
2013-04-30,45,True,-7039.74,17,,True,False,False
2013-04-30,46,True,-7302.98,13,,True,False,False
2013-04-30,47,True,-7104.5,19,,True,False,False
2013-04-30,48,True,-7039.74,25,,True,False,False
2013-04-30,49,True,-6943.71,12,,True,False,False
2013-04-30,50,True,-7039.74,15,,True,False,False
2013-04-30,51,True,-7104.5,14,,True,False,False
2013-04-30,52,True,-6943.71,16,,True,False,False
2013-04-30,53,True,-7039.74,20,,True,False,False
2013-04-30,54,True,-7039.74,36,,True,False,False
2013-04-30,55,True,-7039.74,17,,True,False,False
2013-04-30,56,True,-7039.74,17,,True,False,False
2013-04-30,57,True,-7039.74,21,,True,False,False
2013-05-31,42,True,-7136.61,35,,True,False,False
2013-05-31,43,True,-7440,11,,True,False,False
2013-05-31,44,True,-7252.29,16,,True,False,False
2013-05-31,45,True,-7136.46,18,,True,False,False
2013-05-31,46,True,-7440,11,,True,False,False
2013-05-31,47,True,-7204.06,20,,True,False,False
2013-05-31,48,True,-7136.46,25,,True,False,False
2013-05-31,49,True,-7054.32,17,,True,True,True
2013-05-31,50,True,-7136.46,15,,True,False,False
2013-05-31,51,True,-7204.06,16,,True,False,False
2013-05-31,52,True,-7054.32,17,,True,False,True
2013-05-31,53,True,-7136.46,20,,True,False,False
2013-05-31,54,True,-7136.46,36,,True,False,False
2013-05-31,55,True,-7136.46,18,,True,False,False
2013-05-31,56,True,-7136.46,21,,True,False,False
2013-05-31,57,True,-7136.46,18,,True,False,False
2013-06-28,42,True,-7215.36,30,,True,False,False
2013-06-28,43,True,-7530.39,20,,True,False,False
2013-06-28,44,True,-7152.41,10,,True,False,False
2013-06-28,45,True,-7214.76,17,,True,False,False
2013-06-28,46,True,-7530.39,21,,True,False,False
2013-06-28,47,True,-7284.98,21,,True,False,False
2013-06-28,48,True,-7214.76,24,,True,False,False
2013-06-28,49,True,-7152.41,13,,True,True,True
2013-06-28,50,True,-7214.76,22,,True,False,False
2013-06-28,51,True,-7284.98,15,,True,False,False
2013-06-28,52,True,-7152.41,17,,True,False,True
2013-06-28,53,True,-7214.76,17,,True,False,False
2013-06-28,54,True,-7214.76,37,,True,False,False
2013-06-28,55,True,-7214.76,17,,True,False,False
2013-06-28,56,True,-7214.76,17,,True,False,False
2013-06-28,57,True,-7214.76,21,,True,False,False
2013-07-31,42,True,-7332.9,32,,True,False,False
2013-07-31,43,True,-7654.76,18,,True,False,False
2013-07-31,44,True,-7293.71,10,,True,True,True
2013-07-31,45,True,-7333.87,18,,True,False,False
2013-07-31,46,True,-7654.76,19,,True,False,False
2013-07-31,47,True,-7333.87,20,,True,False,False
2013-07-31,48,True,-7333.87,17,,True,False,False
2013-07-31,49,True,-7293.71,13,,True,False,False
2013-07-31,50,True,-7333.87,24,,True,False,False
2013-07-31,51,True,-7403.62,17,,True,False,False
2013-07-31,52,True,-7293.71,17,,True,False,True
2013-07-31,53,True,-7333.87,19,,True,False,False
2013-07-31,54,True,-7333.87,26,,True,False,False
2013-07-31,55,True,-7333.87,19,,True,False,False
2013-07-31,56,True,-7333.87,23,,True,False,False
2013-07-31,57,True,-7333.87,23,,True,False,False
2013-08-30,42,True,-7423.41,43,,True,False,False
2013-08-30,43,True,-7493.18,15,,True,False,False
2013-08-30,44,True,-7603.03,15,,True,False,False
2013-08-30,45,True,-7426.67,20,,True,False,False
2013-08-30,46,True,-7762.53,24,,True,False,False
2013-08-30,47,True,-7423.41,25,,True,False,False
2013-08-30,48,True,-7426.67,27,,True,False,False
2013-08-30,49,True,-7422.41,18,,True,True,True
2013-08-30,50,True,-7423.41,25,,True,False,False
2013-08-30,51,True,-7495.27,18,,True,False,False
2013-08-30,52,True,-7422.41,17,,True,False,True
2013-08-30,53,True,-7426.67,23,,True,False,False
2013-08-30,54,True,-7426.67,37,,True,False,False
2013-08-30,55,True,-7426.67,20,,True,False,False
2013-08-30,56,True,-7426.67,19,,True,False,False
2013-08-30,57,True,-7426.67,24,,True,False,False
2013-09-30,42,True,-7495.84,17,,True,False,False
2013-09-30,43,True,-7861.01,18,,True,False,False
2013-09-30,44,True,-7495.84,27,,True,False,False
2013-09-30,45,True,-7494.74,43,,True,True,True
2013-09-30,46,True,-7861.01,18,,True,False,False
2013-09-30,47,True,-7494.74,52,,True,False,False
2013-09-30,48,True,-7494.74,35,,True,False,False
2013-09-30,49,True,-7526.76,18,,True,False,False
2013-09-30,50,True,-7494.74,29,,True,False,False
2013-09-30,51,True,-7495.84,27,,True,False,False
2013-09-30,52,True,-7526.76,17,,True,False,False
2013-09-30,53,True,-7494.74,44,,True,False,False
2013-09-30,54,True,-7494.74,40,,True,False,False
2013-09-30,55,True,-7494.74,42,,True,False,False
2013-09-30,56,True,-7494.74,40,,True,False,False
2013-09-30,57,True,-7494.74,45,,True,False,False
2013-10-31,42,True,-7679.89,19,,True,False,False
2013-10-31,43,True,-7979.14,15,,True,False,False
2013-10-31,44,True,-7653.15,11,,True,False,False
2013-10-31,45,True,-7594.84,46,,True,False,False
2013-10-31,46,True,-7979.14,15,,True,False,False
2013-10-31,47,True,-7594.84,55,,True,False,False
2013-10-31,48,True,-7594.84,42,,True,False,False
2013-10-31,49,True,-7594.84,45,,True,False,False
2013-10-31,50,True,-7594.84,51,,True,False,False
2013-10-31,51,True,-7679.89,17,,True,False,False
2013-10-31,52,True,-7653.15,15,,True,False,False
2013-10-31,53,True,-7594.84,47,,True,True,True
2013-10-31,54,True,-7594.84,63,,True,False,False
2013-10-31,55,True,-7594.84,47,,True,False,False
2013-10-31,56,True,-7594.84,45,,True,False,False
2013-10-31,57,True,-7594.84,50,,True,False,False
2013-11-29,42,True,-7680.5,17,,True,False,False
2013-11-29,43,True,-8087.52,14,,True,False,False
2013-11-29,44,True,-7680.5,21,,True,False,False
2013-11-29,45,True,-7680.5,57,,True,False,False
2013-11-29,46,True,-8061.61,46,,True,False,False
2013-11-29,47,True,-7680.5,51,,True,False,False
2013-11-29,48,True,-7680.5,64,,True,True,True
2013-11-29,49,True,-7680.5,20,,True,False,False
2013-11-29,50,True,-7680.5,51,,True,False,False
2013-11-29,51,True,-7771.25,15,,True,False,False
2013-11-29,52,True,-7756.98,18,,True,False,False
2013-11-29,53,True,-7680.5,60,,True,False,False
2013-11-29,54,True,-7680.5,74,,True,False,True
2013-11-29,55,True,-7680.5,58,,True,False,False
2013-11-29,56,True,-7680.5,57,,True,False,True
2013-11-29,57,True,-7680.5,62,,True,False,True
2013-12-31,42,True,-7758.12,17,,True,False,False
2013-12-31,43,True,-7849.01,16,,True,False,False
2013-12-31,44,True,-7889.74,19,,True,False,False
2013-12-31,45,True,-7758.12,35,,True,False,False
2013-12-31,46,True,-8163.43,35,,True,False,False
2013-12-31,47,True,-7758.12,43,,True,False,False
2013-12-31,48,True,-7758.12,42,,True,False,False
2013-12-31,49,True,-7758.12,15,,True,False,False
2013-12-31,50,True,-7758.12,30,,True,False,False
2013-12-31,51,True,-7758.12,22,,True,False,False
2013-12-31,52,True,-7758.12,22,,True,False,False
2013-12-31,53,True,-7758.12,38,,True,False,False
2013-12-31,54,True,-7758.12,51,,True,False,False
2013-12-31,55,True,-7758.12,36,,True,False,False
2013-12-31,56,True,-7758.12,36,,True,True,True
2013-12-31,57,True,-7758.12,37,,True,False,True
2014-01-31,42,True,-7938.45,26,,True,False,False
2014-01-31,43,True,-8263.5,34,,True,False,False
2014-01-31,44,True,-7980.87,20,,True,False,False
2014-01-31,45,True,-7842.65,34,,True,False,False
2014-01-31,46,True,-8268.87,29,,True,False,False
2014-01-31,47,True,-7842.65,42,,True,False,False
2014-01-31,48,True,-7842.65,33,,True,False,False
2014-01-31,49,True,-7842.65,27,,True,False,False
2014-01-31,50,True,-7842.65,29,,True,False,False
2014-01-31,51,True,-7938.45,21,,True,False,False
2014-01-31,52,True,-7842.65,27,,True,False,False
2014-01-31,53,True,-7842.65,37,,True,False,False
2014-01-31,54,True,-7842.65,50,,True,False,False
2014-01-31,55,True,-7842.65,35,,True,False,False
2014-01-31,56,True,-7842.65,40,,True,False,False
2014-01-31,57,True,-7842.65,36,,True,True,True
2014-02-28,42,True,-8037.92,25,,True,False,False
2014-02-28,43,True,-8361.35,24,,True,False,False
2014-02-28,44,True,-7940.32,31,,True,False,False
2014-02-28,45,True,-7940.32,32,,True,False,False
2014-02-28,46,True,-8037.92,18,,True,False,False
2014-02-28,47,True,-7940.32,40,,True,True,True
2014-02-28,48,True,-7940.32,38,,True,False,False
2014-02-28,49,True,-7940.32,26,,True,False,False
2014-02-28,50,True,-7940.32,28,,True,False,False
2014-02-28,51,True,-8037.92,19,,True,False,False
2014-02-28,52,True,-7940.32,21,,True,False,True
2014-02-28,53,True,-7940.32,35,,True,False,False
2014-02-28,54,True,-7940.32,48,,True,False,False
2014-02-28,55,True,-7940.32,33,,True,False,False
2014-02-28,56,True,-7940.32,38,,True,False,False
2014-02-28,57,True,-7940.32,34,,True,False,False
2014-03-31,42,True,-8007.02,19,,True,False,False
2014-03-31,43,True,-8456.23,22,,True,False,False
2014-03-31,44,True,-8007.02,20,,True,False,False
2014-03-31,45,True,-8007.02,30,,True,False,False
2014-03-31,46,True,-8456.23,22,,True,False,False
2014-03-31,47,True,-8007.02,36,,True,False,False
2014-03-31,48,True,-8007.02,35,,True,False,False
2014-03-31,49,True,-8007.02,13,,True,False,False
2014-03-31,50,True,-8007.02,34,,True,True,True
2014-03-31,51,True,-8114.1,15,,True,False,False
2014-03-31,52,True,-8007.02,17,,True,False,False
2014-03-31,53,True,-8007.02,32,,True,False,False
2014-03-31,54,True,-8007.02,45,,True,False,False
2014-03-31,55,True,-8007.02,31,,True,False,False
2014-03-31,56,True,-8007.02,31,,True,False,False
2014-03-31,57,True,-8007.02,32,,True,False,False
2014-04-30,42,True,-8205.4,23,,True,False,False
2014-04-30,43,True,-8205.4,20,,True,False,False
2014-04-30,44,True,-8091.14,14,,True,False,False
2014-04-30,45,True,-8091.14,29,,True,False,False
2014-04-30,46,True,-8205.4,22,,True,False,False
2014-04-30,47,True,-8091.14,34,,True,False,False
2014-04-30,48,True,-8091.14,33,,True,False,False
2014-04-30,49,True,-8091.14,19,,True,True,True
2014-04-30,50,True,-8091.14,26,,True,False,True
2014-04-30,51,True,-8205.4,21,,True,False,False
2014-04-30,52,True,-8091.14,21,,True,False,False
2014-04-30,53,True,-8091.14,31,,True,False,False
2014-04-30,54,True,-8091.14,46,,True,False,False
2014-04-30,55,True,-8091.14,29,,True,False,False
2014-04-30,56,True,-8091.14,29,,True,False,False
2014-04-30,57,True,-8091.14,30,,True,False,False
2014-05-30,42,True,-8172.13,23,,True,False,False
2014-05-30,43,True,-8172.13,25,,True,False,False
2014-05-30,44,True,-8172.13,21,,True,False,False
2014-05-30,45,True,-8172.13,31,,True,False,False
2014-05-30,46,True,-8290.69,21,,True,False,False
2014-05-30,47,True,-8172.13,28,,True,False,False
2014-05-30,48,True,-8172.13,34,,True,False,False
2014-05-30,49,True,-8172.13,26,,True,False,False
2014-05-30,50,True,-8172.13,27,,True,False,False
2014-05-30,51,True,-8172.13,23,,True,False,False
2014-05-30,52,True,-8172.13,8,,True,True,True
2014-05-30,53,True,-8172.13,32,,True,False,False
2014-05-30,54,True,-8172.13,36,,True,False,False
2014-05-30,55,True,-8172.13,30,,True,False,False
2014-05-30,56,True,-8172.13,34,,True,False,False
2014-05-30,57,True,-8172.13,35,,True,False,False
2014-06-30,42,True,-8374.18,22,,True,False,False
2014-06-30,43,True,-8259.68,23,,True,False,False
2014-06-30,44,True,-8259.68,18,,True,False,False
2014-06-30,45,True,-8259.68,21,,True,False,False
2014-06-30,46,True,-8374.18,21,,True,False,False
2014-06-30,47,True,-8259.68,25,,True,False,False
2014-06-30,48,True,-8259.68,24,,True,False,False
2014-06-30,49,True,-8259.68,17,,True,True,True
2014-06-30,50,True,-8259.68,17,,True,False,False
2014-06-30,51,True,-8374.18,21,,True,False,False
2014-06-30,52,True,-8259.68,13,,True,False,True
2014-06-30,53,True,-8259.68,23,,True,False,False
2014-06-30,54,True,-8259.68,26,,True,False,False
2014-06-30,55,True,-8259.68,21,,True,False,True
2014-06-30,56,True,-8259.68,21,,True,False,True
2014-06-30,57,True,-8259.68,22,,True,False,True
2014-07-31,42,True,-8457.77,23,,True,False,False
2014-07-31,43,True,-8457.77,21,,True,False,False
2014-07-31,44,True,-8343.04,17,,True,False,False
2014-07-31,45,True,-8343.04,19,,True,True,True
2014-07-31,46,True,-8343.04,21,,True,False,False
2014-07-31,47,True,-8343.04,24,,True,False,True
2014-07-31,48,True,-8343.04,23,,True,False,True
2014-07-31,49,True,-8343.04,15,,True,False,False
2014-07-31,50,True,-8343.04,16,,True,False,False
2014-07-31,51,True,-8343.04,20,,True,False,False
2014-07-31,52,True,-8343.04,12,,True,False,True
2014-07-31,53,True,-8343.04,22,,True,False,True
2014-07-31,54,True,-8343.04,37,,True,False,True
2014-07-31,55,True,-8343.04,19,,True,False,False
2014-07-31,56,True,-8343.04,20,,True,False,True
2014-07-31,57,True,-8343.04,24,,True,False,True
2014-08-29,42,True,-8539.43,23,,True,False,False
2014-08-29,43,True,-8416.37,22,,True,False,False
2014-08-29,44,True,-8416.37,17,,True,True,True
2014-08-29,45,True,-8416.37,18,,True,False,False
2014-08-29,46,True,-8539.43,21,,True,False,False
2014-08-29,47,True,-8416.37,22,,True,False,False
2014-08-29,48,True,-8416.37,18,,True,False,True
2014-08-29,49,True,-8416.37,11,,True,False,False
2014-08-29,50,True,-8416.37,20,,True,False,True
2014-08-29,51,True,-8539.43,21,,True,False,False
2014-08-29,52,True,-8416.37,11,,True,False,True
2014-08-29,53,True,-8416.37,20,,True,False,False
2014-08-29,54,True,-8416.37,24,,True,False,False
2014-08-29,55,True,-8416.37,19,,True,False,True
2014-08-29,56,True,-8416.37,22,,True,False,True
2014-08-29,57,True,-8416.37,22,,True,False,False
2014-09-30,42,True,-8617.9,22,,True,False,False
2014-09-30,43,True,-8491.57,24,,True,False,False
2014-09-30,44,True,-8491.57,17,,True,False,False
2014-09-30,45,True,-8491.57,19,,True,True,True
2014-09-30,46,True,-8491.57,24,,True,False,False
2014-09-30,47,True,-8491.57,23,,True,False,True
2014-09-30,48,True,-8491.57,22,,True,False,False
2014-09-30,49,True,-8491.57,14,,True,False,False
2014-09-30,50,True,-8491.57,16,,True,False,False
2014-09-30,51,True,-8617.9,20,,True,False,False
2014-09-30,52,True,-8491.57,12,,True,False,False
2014-09-30,53,True,-8491.57,19,,True,False,False
2014-09-30,54,True,-8491.57,25,,True,False,True
2014-09-30,55,True,-8491.57,19,,True,False,False
2014-09-30,56,True,-8491.57,19,,True,False,False
2014-09-30,57,True,-8491.57,23,,True,False,True
2014-10-31,42,True,-8627.23,23,,True,False,False
2014-10-31,43,True,-8627.23,26,,True,False,False
2014-10-31,44,True,-8627.23,21,,True,False,False
2014-10-31,45,True,-8627.23,21,,True,False,False
2014-10-31,46,True,-8627.23,25,,True,False,False
2014-10-31,47,True,-8627.23,25,,True,False,False
2014-10-31,48,True,-8627.23,25,,True,False,False
2014-10-31,49,True,-8627.23,17,,True,False,False
2014-10-31,50,True,-8627.23,18,,True,False,False
2014-10-31,51,True,-8740.85,21,,True,False,False
2014-10-31,52,True,-8627.23,16,,True,False,False
2014-10-31,53,True,-8627.23,24,,True,True,True
2014-10-31,54,True,-8627.23,39,,True,False,False
2014-10-31,55,True,-8627.23,22,,True,False,True
2014-10-31,56,True,-8627.23,25,,True,False,False
2014-10-31,57,True,-8627.23,22,,True,False,False
2014-11-28,42,True,-8699.86,23,,True,False,False
2014-11-28,43,True,-8699.86,26,,True,False,False
2014-11-28,44,True,-8699.86,22,,True,False,False
2014-11-28,45,True,-8699.86,27,,True,False,False
2014-11-28,46,True,-8819.02,21,,True,False,False
2014-11-28,47,True,-8699.86,31,,True,True,True
2014-11-28,48,True,-8699.86,30,,True,False,False
2014-11-28,49,True,-8699.86,15,,True,False,False
2014-11-28,50,True,-8699.86,24,,True,False,False
2014-11-28,51,True,-8819.02,21,,True,False,False
2014-11-28,52,True,-8699.86,19,,True,False,False
2014-11-28,53,True,-8699.86,27,,True,False,False
2014-11-28,54,True,-8699.86,45,,True,False,True
2014-11-28,55,True,-8699.86,27,,True,False,False
2014-11-28,56,True,-8699.86,27,,True,False,False
2014-11-28,57,True,-8699.86,31,,True,False,True
2014-12-31,42,True,-8804.5,18,,True,False,False
2014-12-31,43,True,-8804.5,21,,True,False,False
2014-12-31,44,True,-8804.5,16,,True,False,False
2014-12-31,45,True,-8804.5,24,,True,True,True
2014-12-31,46,True,-8924.35,20,,True,False,False
2014-12-31,47,True,-8804.5,28,,True,False,True
2014-12-31,48,True,-8804.5,27,,True,False,False
2014-12-31,49,True,-8804.5,20,,True,False,False
2014-12-31,50,True,-8804.5,21,,True,False,True
2014-12-31,51,True,-8924.35,20,,True,False,False
2014-12-31,52,True,-8804.5,11,,True,False,False
2014-12-31,53,True,-8804.5,26,,True,False,True
2014-12-31,54,True,-8804.5,42,,True,False,False
2014-12-31,55,True,-8804.5,24,,True,False,False
2014-12-31,56,True,-8804.5,24,,True,False,False
2014-12-31,57,True,-8804.5,25,,True,False,False
2015-01-30,42,True,-8915.82,22,,True,False,False
2015-01-30,43,True,-8915.82,25,,True,False,False
2015-01-30,44,True,-8915.82,20,,True,False,False
2015-01-30,45,True,-8915.82,21,,True,False,False
2015-01-30,46,True,-9014.32,21,,True,False,False
2015-01-30,47,True,-8915.82,17,,True,False,False
2015-01-30,48,True,-8915.82,25,,True,False,False
2015-01-30,49,True,-8915.82,14,,True,False,False
2015-01-30,50,True,-8915.82,18,,True,False,False
2015-01-30,51,True,-8915.82,23,,True,False,False
2015-01-30,52,True,-8915.82,15,,True,False,False
2015-01-30,53,True,-8915.82,22,,True,False,False
2015-01-30,54,True,-8915.82,40,,True,False,False
2015-01-30,55,True,-8915.82,22,,True,True,True
2015-01-30,56,True,-8915.82,22,,True,False,False
2015-01-30,57,True,-8915.82,26,,True,False,True
2015-02-27,42,True,-8987.98,23,,True,False,False
2015-02-27,43,True,-8987.98,25,,True,False,False
2015-02-27,44,True,-8987.98,20,,True,False,False
2015-02-27,45,True,-8987.98,22,,True,False,False
2015-02-27,46,True,-8987.98,25,,True,False,False
2015-02-27,47,True,-8987.98,17,,True,False,False
2015-02-27,48,True,-8987.98,26,,True,True,True
2015-02-27,49,True,-8987.98,16,,True,False,False
2015-02-27,50,True,-8987.98,19,,True,False,True
2015-02-27,51,True,-9084.8,21,,True,False,False
2015-02-27,52,True,-8987.98,13,,True,False,False
2015-02-27,53,True,-8987.98,24,,True,False,False
2015-02-27,54,True,-8987.98,41,,True,False,True
2015-02-27,55,True,-8987.98,22,,True,False,False
2015-02-27,56,True,-8987.98,22,,True,False,False
2015-02-27,57,True,-8987.98,26,,True,False,False
2015-03-31,42,True,-9062.94,25,,True,False,False
2015-03-31,43,True,-9062.94,27,,True,False,False
2015-03-31,44,True,-9062.94,21,,True,False,False
2015-03-31,45,True,-9062.94,23,,True,False,False
2015-03-31,46,True,-9165.09,21,,True,False,False
2015-03-31,47,True,-9062.94,27,,True,False,False
2015-03-31,48,True,-9062.94,27,,True,True,True
2015-03-31,49,True,-9062.94,18,,True,False,False
2015-03-31,50,True,-9062.94,20,,True,False,False
2015-03-31,51,True,-9165.09,21,,True,False,False
2015-03-31,52,True,-9062.94,18,,True,False,False
2015-03-31,53,True,-9062.94,24,,True,False,False
2015-03-31,54,True,-9062.94,42,,True,False,False
2015-03-31,55,True,-9062.94,24,,True,False,True
2015-03-31,56,True,-9062.94,24,,True,False,False
2015-03-31,57,True,-9062.94,27,,True,False,False
2015-04-30,42,True,-9125.97,21,,True,False,False
2015-04-30,43,True,-9236.29,19,,True,False,False
2015-04-30,44,True,-9125.97,19,,True,False,False
2015-04-30,45,True,-9125.97,27,,True,False,False
2015-04-30,46,True,-9236.29,20,,True,False,False
2015-04-30,47,True,-9125.97,30,,True,False,False
2015-04-30,48,True,-9125.97,30,,True,False,False
2015-04-30,49,True,-9125.97,15,,True,False,False
2015-04-30,50,True,-9125.97,24,,True,True,True
2015-04-30,51,True,-9236.29,20,,True,False,False
2015-04-30,52,True,-9125.97,15,,True,False,False
2015-04-30,53,True,-9125.97,27,,True,False,False
2015-04-30,54,True,-9125.97,47,,True,False,False
2015-04-30,55,True,-9125.97,27,,True,False,False
2015-04-30,56,True,-9125.97,27,,True,False,False
2015-04-30,57,True,-9125.97,30,,True,False,False
2015-05-29,42,True,-9186.66,19,,True,False,False
2015-05-29,43,True,-9186.66,22,,True,False,False
2015-05-29,44,True,-9186.66,21,,True,False,False
2015-05-29,45,True,-9186.66,24,,True,True,True
2015-05-29,46,True,-9186.66,22,,True,False,False
2015-05-29,47,True,-9186.66,27,,True,False,False
2015-05-29,48,True,-9186.66,27,,True,False,True
2015-05-29,49,True,-9186.66,13,,True,False,False
2015-05-29,50,True,-9186.66,20,,True,False,False
2015-05-29,51,True,-9305.15,19,,True,False,False
2015-05-29,52,True,-9186.66,13,,True,False,False
2015-05-29,53,True,-9186.66,24,,True,False,False
2015-05-29,54,True,-9186.66,45,,True,False,True
2015-05-29,55,True,-9186.66,24,,True,False,False
2015-05-29,56,True,-9186.66,24,,True,False,False
2015-05-29,57,True,-9186.66,27,,True,False,False
2015-06-30,42,True,-9254.54,18,,True,False,False
2015-06-30,43,True,-9254.54,21,,True,False,False
2015-06-30,44,True,-9254.54,19,,True,True,True
2015-06-30,45,True,-9254.54,21,,True,False,False
2015-06-30,46,True,-9381.34,19,,True,False,False
2015-06-30,47,True,-9254.54,24,,True,False,False
2015-06-30,48,True,-9254.54,24,,True,False,True
2015-06-30,49,True,-9254.54,12,,True,False,False
2015-06-30,50,True,-9254.54,17,,True,False,False
2015-06-30,51,True,-9381.34,19,,True,False,False
2015-06-30,52,True,-9254.54,12,,True,False,False
2015-06-30,53,True,-9254.54,22,,True,False,True
2015-06-30,54,True,-9254.54,43,,True,False,False
2015-06-30,55,True,-9254.54,22,,True,False,True
2015-06-30,56,True,-9254.54,21,,True,False,False
2015-06-30,57,True,-9254.54,24,,True,False,False
2015-07-31,42,True,-9342.43,18,,True,False,False
2015-07-31,43,True,-9342.43,21,,True,False,False
2015-07-31,44,True,-9342.43,16,,True,False,False
2015-07-31,45,True,-9342.43,21,,True,False,False
2015-07-31,46,True,-9474.1,19,,True,False,False
2015-07-31,47,True,-9342.43,25,,True,True,True
2015-07-31,48,True,-9342.43,24,,True,False,False
2015-07-31,49,True,-9342.43,12,,True,False,False
2015-07-31,50,True,-9342.43,17,,True,False,False
2015-07-31,51,True,-9474.1,19,,True,False,False
2015-07-31,52,True,-9342.43,12,,True,False,False
2015-07-31,53,True,-9342.43,22,,True,False,False
2015-07-31,54,True,-9342.43,43,,True,False,False
2015-07-31,55,True,-9342.43,22,,True,False,False
2015-07-31,56,True,-9342.43,21,,True,False,False
2015-07-31,57,True,-9342.43,24,,True,False,False
2015-08-31,42,True,-9419.6,18,,True,True,True
2015-08-31,43,True,-9419.6,21,,True,False,True
2015-08-31,44,True,-9419.6,16,,True,False,False
2015-08-31,45,True,-9419.6,20,,True,False,False
2015-08-31,46,True,-9563.8,22,,True,False,False
2015-08-31,47,True,-9419.6,23,,True,False,False
2015-08-31,48,True,-9419.6,23,,True,False,True
2015-08-31,49,True,-9419.6,16,,True,False,False
2015-08-31,50,True,-9419.6,16,,True,False,True
2015-08-31,51,True,-9563.8,22,,True,False,False
2015-08-31,52,True,-9419.6,11,,True,False,False
2015-08-31,53,True,-9419.6,22,,True,False,True
2015-08-31,54,True,-9419.6,45,,True,False,True
2015-08-31,55,True,-9419.6,21,,True,False,True
2015-08-31,56,True,-9419.6,20,,True,False,False
2015-08-31,57,True,-9419.6,23,,True,False,True
2015-09-30,42,True,-9523.06,18,,True,True,True
2015-09-30,43,True,-9523.06,20,,True,False,True
2015-09-30,44,True,-9523.06,16,,True,False,True
2015-09-30,45,True,-9523.06,19,,True,False,True
2015-09-30,46,True,-9523.06,20,,True,False,True
2015-09-30,47,True,-9523.06,22,,True,False,True
2015-09-30,48,True,-9523.06,17,,True,False,False
2015-09-30,49,True,-9523.06,11,,True,False,False
2015-09-30,50,True,-9523.06,15,,True,False,True
2015-09-30,51,True,-9523.06,19,,True,False,True
2015-09-30,52,True,-9523.06,12,,True,False,True
2015-09-30,53,True,-9523.06,19,,True,False,False
2015-09-30,54,True,-9523.06,41,,True,False,True
2015-09-30,55,True,-9523.06,19,,True,False,False
2015-09-30,56,True,-9523.06,19,,True,False,True
2015-09-30,57,True,-9523.06,20,,True,False,True
2015-10-30,42,True,-9633.58,22,,True,False,False
2015-10-30,43,True,-9633.58,21,,True,True,True
2015-10-30,44,True,-9633.58,16,,True,False,True
2015-10-30,45,True,-9633.58,19,,True,False,True
2015-10-30,46,True,-9633.58,20,,True,False,False
2015-10-30,47,True,-9633.58,21,,True,False,False
2015-10-30,48,True,-9633.58,21,,True,False,True
2015-10-30,49,True,-9633.58,12,,True,False,True
2015-10-30,50,True,-9633.58,14,,True,False,False
2015-10-30,51,True,-9633.58,21,,True,False,True
2015-10-30,52,True,-9633.58,11,,True,False,True
2015-10-30,53,True,-9633.58,19,,True,False,True
2015-10-30,54,True,-9633.58,41,,True,False,True
2015-10-30,55,True,-9633.58,19,,True,False,True
2015-10-30,56,True,-9633.58,21,,True,False,True
2015-10-30,57,True,-9633.58,21,,True,False,True
2015-11-30,42,True,-9701.09,18,,True,True,True
2015-11-30,43,True,-9701.09,21,,True,False,True
2015-11-30,44,True,-9701.09,16,,True,False,True
2015-11-30,45,True,-9701.09,18,,True,False,False
2015-11-30,46,True,-9701.09,21,,True,False,False
2015-11-30,47,True,-9701.09,21,,True,False,True
2015-11-30,48,True,-9701.09,21,,True,False,True
2015-11-30,49,True,-9701.09,12,,True,False,True
2015-11-30,50,True,-9701.09,14,,True,False,False
2015-11-30,51,True,-9701.09,21,,True,False,True
2015-11-30,52,True,-9701.09,11,,True,False,True
2015-11-30,53,True,-9701.09,19,,True,False,True
2015-11-30,54,True,-9701.09,38,,True,False,False
2015-11-30,55,True,-9701.09,19,,True,False,True
2015-11-30,56,True,-9701.09,18,,True,False,True
2015-11-30,57,True,-9701.09,21,,True,False,True
2015-12-31,42,True,-9822.07,20,,True,True,True
2015-12-31,43,True,-9822.07,22,,True,False,False
2015-12-31,44,True,-9822.07,19,,True,False,False
2015-12-31,45,True,-9822.07,22,,True,False,False
2015-12-31,46,True,-9822.07,25,,True,False,False
2015-12-31,47,True,-9822.07,25,,True,False,False
2015-12-31,48,True,-9822.07,25,,True,False,True
2015-12-31,49,True,-9822.07,13,,True,False,False
2015-12-31,50,True,-9822.07,18,,True,False,True
2015-12-31,51,True,-9822.07,25,,True,False,False
2015-12-31,52,True,-9822.07,13,,True,False,False
2015-12-31,53,True,-9822.07,23,,True,False,True
2015-12-31,54,True,-9822.07,41,,True,False,False
2015-12-31,55,True,-9822.07,23,,True,False,True
2015-12-31,56,True,-9822.07,22,,True,False,False
2015-12-31,57,True,-9822.07,25,,True,False,False
2016-01-29,42,True,-9923.85,20,,True,True,True
2016-01-29,43,True,-9923.85,25,,True,False,True
2016-01-29,44,True,-9923.85,18,,True,False,False
2016-01-29,45,True,-9923.85,21,,True,False,False
2016-01-29,46,True,-9923.85,22,,True,False,True
2016-01-29,47,True,-9923.85,16,,True,False,False
2016-01-29,48,True,-9923.85,24,,True,False,True
2016-01-29,49,True,-9923.85,13,,True,False,False
2016-01-29,50,True,-9923.85,17,,True,False,False
2016-01-29,51,True,-9923.85,21,,True,False,True
2016-01-29,52,True,-9923.85,13,,True,False,False
2016-01-29,53,True,-9923.85,23,,True,False,False
2016-01-29,54,True,-9923.85,25,,True,False,False
2016-01-29,55,True,-9923.85,22,,True,False,False
2016-01-29,56,True,-9923.85,24,,True,False,True
2016-01-29,57,True,-9923.85,24,,True,False,False
2016-02-29,42,True,-10037.4,20,,True,True,True
2016-02-29,43,True,-10037.4,25,,True,False,False
2016-02-29,44,True,-10037.4,18,,True,False,False
2016-02-29,45,True,-10037.4,21,,True,False,False
2016-02-29,46,True,-10037.4,26,,True,False,False
2016-02-29,47,True,-10037.4,17,,True,False,False
2016-02-29,48,True,-10037.4,24,,True,False,False
2016-02-29,49,True,-10037.4,17,,True,False,False
2016-02-29,50,True,-10037.4,18,,True,False,False
2016-02-29,51,True,-10037.4,21,,True,False,True
2016-02-29,52,True,-10037.4,12,,True,False,False
2016-02-29,53,True,-10037.4,22,,True,False,False
2016-02-29,54,True,-10037.4,26,,True,False,False
2016-02-29,55,True,-10037.4,22,,True,False,False
2016-02-29,56,True,-10037.4,24,,True,False,False
2016-02-29,57,True,-10037.4,24,,True,False,False
2016-03-31,42,True,-10132,21,,True,True,True
2016-03-31,43,True,-10132,23,,True,False,False
2016-03-31,44,True,-10132,19,,True,False,False
2016-03-31,45,True,-10132,23,,True,False,True
2016-03-31,46,True,-10132,23,,True,False,True
2016-03-31,47,True,-10132,17,,True,False,False
2016-03-31,48,True,-10132,24,,True,False,False
2016-03-31,49,True,-10132,18,,True,False,False
2016-03-31,50,True,-10132,18,,True,False,False
2016-03-31,51,True,-10132,22,,True,False,True
2016-03-31,52,True,-10132,12,,True,False,False
2016-03-31,53,True,-10132,24,,True,False,False
2016-03-31,54,True,-10132,26,,True,False,False
2016-03-31,55,True,-10132,22,,True,False,False
2016-03-31,56,True,-10132,22,,True,False,False
2016-03-31,57,True,-10132,23,,True,False,False
2016-04-29,42,True,-10191.1,26,,True,False,False
2016-04-29,43,True,-10191.1,23,,True,False,False
2016-04-29,44,True,-10191.1,18,,True,False,False
2016-04-29,45,True,-10191.1,21,,True,False,False
2016-04-29,46,True,-10191.1,25,,True,False,False
2016-04-29,47,True,-10191.1,24,,True,False,False
2016-04-29,48,True,-10191.1,20,,True,False,False
2016-04-29,49,True,-10191.1,17,,True,False,False
2016-04-29,50,True,-10191.1,17,,True,False,False
2016-04-29,51,True,-10191.1,22,,True,True,True
2016-04-29,52,True,-10191.1,12,,True,False,False
2016-04-29,53,True,-10191.1,23,,True,False,False
2016-04-29,54,True,-10191.1,44,,True,False,True
2016-04-29,55,True,-10191.1,22,,True,False,False
2016-04-29,56,True,-10191.1,24,,True,False,True
2016-04-29,57,True,-10191.1,24,,True,False,False
2016-05-31,42,True,-10257,25,,True,True,True
2016-05-31,43,True,-10257,24,,True,False,True
2016-05-31,44,True,-10257,18,,True,False,False
2016-05-31,45,True,-10257,20,,True,False,False
2016-05-31,46,True,-10257,24,,True,False,False
2016-05-31,47,True,-10257,16,,True,False,True
2016-05-31,48,True,-10257,19,,True,False,False
2016-05-31,49,True,-10257,16,,True,False,False
2016-05-31,50,True,-10257,21,,True,False,True
2016-05-31,51,True,-10257,21,,True,False,False
2016-05-31,52,True,-10257,12,,True,False,True
2016-05-31,53,True,-10257,22,,True,False,False
2016-05-31,54,True,-10257,25,,True,False,True
2016-05-31,55,True,-10257,21,,True,False,False
2016-05-31,56,True,-10257,21,,True,False,False
2016-05-31,57,True,-10257,22,,True,False,False
2016-06-30,42,True,-10366.8,25,,True,False,False
2016-06-30,43,True,-10366.8,23,,True,False,False
2016-06-30,44,True,-10366.8,17,,True,False,False
2016-06-30,45,True,-10366.8,21,,True,False,False
2016-06-30,46,True,-10366.8,23,,True,True,True
2016-06-30,47,True,-10366.8,23,,True,False,False
2016-06-30,48,True,-10366.8,20,,True,False,False
2016-06-30,49,True,-10366.8,14,,True,False,True
2016-06-30,50,True,-10366.8,17,,True,False,False
2016-06-30,51,True,-10366.8,22,,True,False,True
2016-06-30,52,True,-10366.8,12,,True,False,False
2016-06-30,53,True,-10366.8,23,,True,False,True
2016-06-30,54,True,-10366.8,43,,True,False,False
2016-06-30,55,True,-10366.8,21,,True,False,False
2016-06-30,56,True,-10366.8,23,,True,False,False
2016-06-30,57,True,-10366.8,22,,True,False,False
2016-07-29,42,True,-10518.6,19,,True,True,True
2016-07-29,43,True,-10518.6,20,,True,False,True
2016-07-29,44,True,-10518.6,16,,True,False,True
2016-07-29,45,True,-10518.6,20,,True,False,False
2016-07-29,46,True,-10518.6,20,,True,False,True
2016-07-29,47,True,-10518.6,16,,True,False,False
2016-07-29,48,True,-10518.6,21,,True,False,False
2016-07-29,49,True,-10518.6,11,,True,False,True
2016-07-29,50,True,-10518.6,16,,True,False,False
2016-07-29,51,True,-10518.6,19,,True,False,True
2016-07-29,52,True,-10518.6,11,,True,False,False
2016-07-29,53,True,-10518.6,21,,True,False,False
2016-07-29,54,True,-10518.6,43,,True,False,False
2016-07-29,55,True,-10518.6,20,,True,False,False
2016-07-29,56,True,-10518.6,20,,True,False,False
2016-07-29,57,True,-10518.6,22,,True,False,False
2016-08-31,42,True,-10594,23,,True,False,False
2016-08-31,43,True,-10594,21,,True,True,True
2016-08-31,44,True,-10594,16,,True,False,False
2016-08-31,45,True,-10594,19,,True,False,False
2016-08-31,46,True,-10594,23,,True,False,False
2016-08-31,47,True,-10594,21,,True,False,False
2016-08-31,48,True,-10594,18,,True,False,False
2016-08-31,49,True,-10594,11,,True,False,True
2016-08-31,50,True,-10594,16,,True,False,False
2016-08-31,51,True,-10594,19,,True,False,True
2016-08-31,52,True,-10594,11,,True,False,False
2016-08-31,53,True,-10594,21,,True,False,False
2016-08-31,54,True,-10594,25,,True,False,True
2016-08-31,55,True,-10594,20,,True,False,False
2016-08-31,56,True,-10594,21,,True,False,False
2016-08-31,57,True,-10594,22,,True,False,False
2016-09-30,42,True,-10675.3,19,,True,True,True
2016-09-30,43,True,-10675.3,23,,True,False,True
2016-09-30,44,True,-10675.3,15,,True,False,False
2016-09-30,45,True,-10675.3,19,,True,False,False
2016-09-30,46,True,-10675.3,20,,True,False,True
2016-09-30,47,True,-10675.3,16,,True,False,False
2016-09-30,48,True,-10675.3,21,,True,False,True
2016-09-30,49,True,-10675.3,14,,True,False,False
2016-09-30,50,True,-10675.3,19,,True,False,False
2016-09-30,51,True,-10675.3,19,,True,False,True
2016-09-30,52,True,-10675.3,11,,True,False,False
2016-09-30,53,True,-10675.3,21,,True,False,True
2016-09-30,54,True,-10675.3,24,,True,False,False
2016-09-30,55,True,-10675.3,19,,True,False,False
2016-09-30,56,True,-10675.3,21,,True,False,False
2016-09-30,57,True,-10675.3,21,,True,False,False
2016-10-31,42,True,-10746,22,,True,False,False
2016-10-31,43,True,-10746,20,,True,True,True
2016-10-31,44,True,-10746,16,,True,False,True
2016-10-31,45,True,-10746,18,,True,False,False
2016-10-31,46,True,-10746,20,,True,False,True
2016-10-31,47,True,-10746,15,,True,False,False
2016-10-31,48,True,-10746,18,,True,False,False
2016-10-31,49,True,-10746,14,,True,False,False
2016-10-31,50,True,-10746,18,,True,False,False
2016-10-31,51,True,-10746,19,,True,False,True
2016-10-31,52,True,-10746,11,,True,False,True
2016-10-31,53,True,-10746,19,,True,False,False
2016-10-31,54,True,-10746,24,,True,False,False
2016-10-31,55,True,-10746,19,,True,False,False
2016-10-31,56,True,-10746,20,,True,False,False
2016-10-31,57,True,-10746,21,,True,False,False
2016-11-30,42,True,-10832.9,22,,True,False,False
2016-11-30,43,True,-10832.9,21,,True,True,True
2016-11-30,44,True,-10832.9,17,,True,False,True
2016-11-30,45,True,-10832.9,18,,True,False,False
2016-11-30,46,True,-10832.9,21,,True,False,True
2016-11-30,47,True,-10832.9,15,,True,False,False
2016-11-30,48,True,-10832.9,20,,True,False,False
2016-11-30,49,True,-10832.9,14,,True,False,False
2016-11-30,50,True,-10832.9,15,,True,False,False
2016-11-30,51,True,-10832.9,20,,True,False,True
2016-11-30,52,True,-10832.9,11,,True,False,False
2016-11-30,53,True,-10832.9,19,,True,False,False
2016-11-30,54,True,-10832.9,23,,True,False,False
2016-11-30,55,True,-10832.9,19,,True,False,False
2016-11-30,56,True,-10832.9,20,,True,False,False
2016-11-30,57,True,-10832.9,21,,True,False,False
2016-12-30,42,True,-10896.7,21,,True,True,True
2016-12-30,43,True,-10896.7,22,,True,False,False
2016-12-30,44,True,-10896.7,15,,True,False,False
2016-12-30,45,True,-10896.7,18,,True,False,False
2016-12-30,46,True,-10896.7,21,,True,False,False
2016-12-30,47,True,-10896.7,20,,True,False,False
2016-12-30,48,True,-10896.7,20,,True,False,False
2016-12-30,49,True,-10896.7,12,,True,False,True
2016-12-30,50,True,-10896.7,15,,True,False,False
2016-12-30,51,True,-10896.7,21,,True,False,True
2016-12-30,52,True,-10896.7,11,,True,False,False
2016-12-30,53,True,-10896.7,20,,True,False,False
2016-12-30,54,True,-10896.7,23,,True,False,True
2016-12-30,55,True,-10896.7,19,,True,False,False
2016-12-30,56,True,-10896.7,20,,True,False,False
2016-12-30,57,True,-10896.7,20,,True,False,False
2017-01-31,42,True,-10960.8,21,,True,False,False
2017-01-31,43,True,-10960.8,23,,True,False,False
2017-01-31,44,True,-10960.8,15,,True,False,False
2017-01-31,45,True,-10960.8,18,,True,False,False
2017-01-31,46,True,-10960.8,21,,True,False,False
2017-01-31,47,True,-10960.8,20,,True,False,False
2017-01-31,48,True,-10960.8,20,,True,False,False
2017-01-31,49,True,-10960.8,13,,True,True,True
2017-01-31,50,True,-10960.8,15,,True,False,False
2017-01-31,51,True,-10960.8,20,,True,False,False
2017-01-31,52,True,-10960.8,11,,True,False,False
2017-01-31,53,True,-10960.8,20,,True,False,False
2017-01-31,54,True,-10960.8,36,,True,False,False
2017-01-31,55,True,-10960.8,19,,True,False,False
2017-01-31,56,True,-10960.8,19,,True,False,False
2017-01-31,57,True,-10960.8,21,,True,False,False
2017-02-28,42,True,-11024.2,23,,True,True,True
2017-02-28,43,True,-11024.2,25,,True,False,False
2017-02-28,44,True,-11024.2,21,,True,False,True
2017-02-28,45,True,-11024.2,19,,True,False,False
2017-02-28,46,True,-11024.2,25,,True,False,True
2017-02-28,47,True,-11024.2,20,,True,False,False
2017-02-28,48,True,-11024.2,20,,True,False,False
2017-02-28,49,True,-11024.2,14,,True,False,False
2017-02-28,50,True,-11024.2,15,,True,False,False
2017-02-28,51,True,-11024.2,24,,True,False,True
2017-02-28,52,True,-11024.2,14,,True,False,False
2017-02-28,53,True,-11024.2,20,,True,False,False
2017-02-28,54,True,-11024.2,33,,True,False,False
2017-02-28,55,True,-11024.2,19,,True,False,False
2017-02-28,56,True,-11024.2,19,,True,False,False
2017-02-28,57,True,-11024.2,21,,True,False,False
2017-03-31,42,True,-11093.7,25,,True,False,False
2017-03-31,43,True,-11093.7,28,,True,True,True
2017-03-31,44,True,-11093.7,15,,True,False,False
2017-03-31,45,True,-11093.7,19,,True,False,False
2017-03-31,46,True,-11093.7,27,,True,False,False
2017-03-31,47,True,-11093.7,19,,True,False,True
2017-03-31,48,True,-11093.7,20,,True,False,False
2017-03-31,49,True,-11093.7,14,,True,False,False
2017-03-31,50,True,-11093.7,15,,True,False,False
2017-03-31,51,True,-11093.7,26,,True,False,False
2017-03-31,52,True,-11093.7,11,,True,False,False
2017-03-31,53,True,-11093.7,21,,True,False,False
2017-03-31,54,True,-11093.7,27,,True,False,True
2017-03-31,55,True,-11093.7,19,,True,False,False
2017-03-31,56,True,-11093.7,21,,True,False,False
2017-03-31,57,True,-11093.7,20,,True,False,False
2017-04-28,42,True,-11162.2,21,,True,False,False
2017-04-28,43,True,-11162.2,21,,True,False,False
2017-04-28,44,True,-11162.2,15,,True,False,False
2017-04-28,45,True,-11162.2,19,,True,False,False
2017-04-28,46,True,-11162.2,27,,True,False,False
2017-04-28,47,True,-11162.2,19,,True,True,True
2017-04-28,48,True,-11162.2,18,,True,False,False
2017-04-28,49,True,-11162.2,14,,True,False,False
2017-04-28,50,True,-11162.2,15,,True,False,False
2017-04-28,51,True,-11162.2,26,,True,False,True
2017-04-28,52,True,-11162.2,11,,True,False,False
2017-04-28,53,True,-11162.2,20,,True,False,False
2017-04-28,54,True,-11162.2,27,,True,False,True
2017-04-28,55,True,-11162.2,19,,True,False,False
2017-04-28,56,True,-11162.2,19,,True,False,False
2017-04-28,57,True,-11162.2,20,,True,False,False
2017-05-31,42,True,-11238.4,21,,True,False,False
2017-05-31,43,True,-11238.4,27,,True,False,False
2017-05-31,44,True,-11238.4,15,,True,False,False
2017-05-31,45,True,-11238.4,19,,True,False,False
2017-05-31,46,True,-11238.4,21,,True,False,False
2017-05-31,47,True,-11238.4,20,,True,False,False
2017-05-31,48,True,-11238.4,17,,True,False,False
2017-05-31,49,True,-11238.4,15,,True,True,True
2017-05-31,50,True,-11238.4,15,,True,False,False
2017-05-31,51,True,-11238.4,26,,True,False,True
2017-05-31,52,True,-11238.4,11,,True,False,False
2017-05-31,53,True,-11238.4,19,,True,False,False
2017-05-31,54,True,-11238.4,27,,True,False,False
2017-05-31,55,True,-11238.4,19,,True,False,False
2017-05-31,56,True,-11238.4,20,,True,False,False
2017-05-31,57,True,-11238.4,20,,True,False,False
2017-06-30,42,True,-11310.5,25,,True,False,False
2017-06-30,43,True,-11310.5,28,,True,False,False
2017-06-30,44,True,-11310.5,15,,True,False,False
2017-06-30,45,True,-11310.5,19,,True,False,False
2017-06-30,46,True,-11310.5,28,,True,False,False
2017-06-30,47,True,-11310.5,20,,True,True,True
2017-06-30,48,True,-11310.5,17,,True,False,False
2017-06-30,49,True,-11310.5,15,,True,False,False
2017-06-30,50,True,-11310.5,15,,True,False,False
2017-06-30,51,True,-11310.5,27,,True,False,True
2017-06-30,52,True,-11310.5,10,,True,False,False
2017-06-30,53,True,-11310.5,20,,True,False,False
2017-06-30,54,True,-11310.5,28,,True,False,True
2017-06-30,55,True,-11310.5,19,,True,False,False
2017-06-30,56,True,-11310.5,19,,True,False,False
2017-06-30,57,True,-11310.5,20,,True,False,False
2017-07-31,42,True,-11380.9,21,,True,False,False
2017-07-31,43,True,-11380.9,28,,True,True,True
2017-07-31,44,True,-11380.9,24,,True,False,True
2017-07-31,45,True,-11380.9,19,,True,False,False
2017-07-31,46,True,-11380.9,20,,True,False,False
2017-07-31,47,True,-11380.9,20,,True,False,False
2017-07-31,48,True,-11380.9,16,,True,False,False
2017-07-31,49,True,-11380.9,16,,True,False,True
2017-07-31,50,True,-11380.9,14,,True,False,False
2017-07-31,51,True,-11380.9,26,,True,False,False
2017-07-31,52,True,-11380.9,10,,True,False,True
2017-07-31,53,True,-11380.9,19,,True,False,False
2017-07-31,54,True,-11380.9,28,,True,False,False
2017-07-31,55,True,-11380.9,19,,True,False,False
2017-07-31,56,True,-11380.9,20,,True,False,False
2017-07-31,57,True,-11380.9,19,,True,False,False
2017-08-31,42,True,-11458.9,21,,True,False,False
2017-08-31,43,True,-11458.9,21,,True,False,False
2017-08-31,44,True,-11458.9,14,,True,False,False
2017-08-31,45,True,-11458.9,19,,True,False,False
2017-08-31,46,True,-11458.9,20,,True,False,False
2017-08-31,47,True,-11458.9,21,,True,False,False
2017-08-31,48,True,-11458.9,14,,True,True,True
2017-08-31,49,True,-11458.9,19,,True,False,False
2017-08-31,50,True,-11458.9,12,,True,False,False
2017-08-31,51,True,-11458.9,20,,True,False,False
2017-08-31,52,True,-11458.9,13,,True,False,False
2017-08-31,53,True,-11458.9,20,,True,False,False
2017-08-31,54,True,-11458.9,23,,True,False,False
2017-08-31,55,True,-11458.9,19,,True,False,False
2017-08-31,56,True,-11458.9,19,,True,False,False
2017-08-31,57,True,-11458.9,21,,True,False,False
2017-09-29,42,True,-11522.1,22,,True,False,False
2017-09-29,43,True,-11522.1,30,,True,False,False
2017-09-29,44,True,-11522.1,26,,True,False,False
2017-09-29,45,True,-11522.1,19,,True,False,False
2017-09-29,46,True,-11522.1,20,,True,False,False
2017-09-29,47,True,-11522.1,21,,True,False,False
2017-09-29,48,True,-11522.1,17,,True,True,True
2017-09-29,49,True,-11522.1,20,,True,False,False
2017-09-29,50,True,-11522.1,14,,True,False,True
2017-09-29,51,True,-11522.1,29,,True,False,True
2017-09-29,52,True,-11522.1,22,,True,False,False
2017-09-29,53,True,-11522.1,20,,True,False,False
2017-09-29,54,True,-11522.1,24,,True,False,False
2017-09-29,55,True,-11522.1,20,,True,False,False
2017-09-29,56,True,-11522.1,19,,True,False,False
2017-09-29,57,True,-11522.1,22,,True,False,False
2017-10-31,42,True,-11600.6,29,,True,False,False
2017-10-31,43,True,-11600.6,33,,True,False,False
2017-10-31,44,True,-11600.6,29,,True,False,False
2017-10-31,45,True,-11600.6,20,,True,False,False
2017-10-31,46,True,-11600.6,21,,True,False,False
2017-10-31,47,True,-11600.6,21,,True,False,False
2017-10-31,48,True,-11600.6,18,,True,True,True
2017-10-31,49,True,-11600.6,24,,True,False,False
2017-10-31,50,True,-11600.6,15,,True,False,True
2017-10-31,51,True,-11600.6,31,,True,False,False
2017-10-31,52,True,-11600.6,19,,True,False,False
2017-10-31,53,True,-11600.6,20,,True,False,False
2017-10-31,54,True,-11600.6,24,,True,False,False
2017-10-31,55,True,-11600.6,20,,True,False,False
2017-10-31,56,True,-11600.6,21,,True,False,False
2017-10-31,57,True,-11600.6,22,,True,False,False
2017-11-30,42,True,-11665.5,32,,True,False,False
2017-11-30,43,True,-11665.5,36,,True,False,False
2017-11-30,44,True,-11665.5,33,,True,False,False
2017-11-30,45,True,-11665.5,20,,True,False,False
2017-11-30,46,True,-11665.5,36,,True,False,False
2017-11-30,47,True,-11665.5,24,,True,True,True
2017-11-30,48,True,-11665.5,19,,True,False,False
2017-11-30,49,True,-11665.5,27,,True,False,False
2017-11-30,50,True,-11665.5,17,,True,False,False
2017-11-30,51,True,-11665.5,35,,True,False,False
2017-11-30,52,True,-11665.5,22,,True,False,False
2017-11-30,53,True,-11665.5,22,,True,False,False
2017-11-30,54,True,-11665.5,25,,True,False,False
2017-11-30,55,True,-11665.5,21,,True,False,False
2017-11-30,56,True,-11665.5,19,,True,False,False
2017-11-30,57,True,-11665.5,23,,True,False,False
2017-12-29,42,True,-11720.7,24,,True,False,False
2017-12-29,43,True,-11720.7,39,,True,False,False
2017-12-29,44,True,-11720.7,16,,True,False,False
2017-12-29,45,True,-11720.7,22,,True,False,False
2017-12-29,46,True,-11720.7,39,,True,False,False
2017-12-29,47,True,-11720.7,23,,True,False,False
2017-12-29,48,True,-11720.7,23,,True,False,False
2017-12-29,49,True,-11720.7,32,,True,True,True
2017-12-29,50,True,-11720.7,20,,True,False,False
2017-12-29,51,True,-11720.7,38,,True,False,False
2017-12-29,52,True,-11720.7,26,,True,False,False
2017-12-29,53,True,-11720.7,23,,True,False,False
2017-12-29,54,True,-11720.7,34,,True,False,False
2017-12-29,55,True,-11720.7,22,,True,False,False
2017-12-29,56,True,-11720.7,19,,True,False,False
2017-12-29,57,True,-11720.7,20,,True,False,False
2018-01-31,42,True,-11782.8,26,,True,False,False
2018-01-31,43,True,-11782.8,44,,True,False,False
2018-01-31,44,True,-11782.8,41,,True,False,False
2018-01-31,45,True,-11782.8,24,,True,False,False
2018-01-31,46,True,-11782.8,24,,True,False,False
2018-01-31,47,True,-11782.8,25,,True,False,False
2018-01-31,48,True,-11782.8,25,,True,False,False
2018-01-31,49,True,-11782.8,36,,True,True,True
2018-01-31,50,True,-11782.8,23,,True,False,False
2018-01-31,51,True,-11782.8,43,,True,False,False
2018-01-31,52,True,-11782.8,33,,True,False,False
2018-01-31,53,True,-11782.8,25,,True,False,False
2018-01-31,54,True,-11782.8,37,,True,False,False
2018-01-31,55,True,-11782.8,24,,True,False,False
2018-01-31,56,True,-11782.8,25,,True,False,False
2018-01-31,57,True,-11782.8,22,,True,False,False
2018-02-28,42,True,-11910.9,27,,True,False,False
2018-02-28,43,True,-11910.9,37,,True,False,False
2018-02-28,44,True,-11910.9,29,,True,False,False
2018-02-28,45,True,-11910.9,25,,True,False,False
2018-02-28,46,True,-11910.9,37,,True,False,False
2018-02-28,47,True,-11910.9,26,,True,False,False
2018-02-28,48,True,-11910.9,22,,True,False,False
2018-02-28,49,True,-11910.9,29,,True,False,False
2018-02-28,50,True,-11910.9,20,,True,False,False
2018-02-28,51,True,-11910.9,35,,True,False,False
2018-02-28,52,True,-11910.9,30,,True,False,False
2018-02-28,53,True,-11910.9,26,,True,False,False
2018-02-28,54,True,-11910.9,34,,True,False,False
2018-02-28,55,True,-11910.9,25,,True,False,False
2018-02-28,56,True,-11910.9,19,,True,True,True
2018-02-28,57,True,-11910.9,27,,True,False,False
2018-03-29,42,True,-12040.3,31,,True,False,False
2018-03-29,43,True,-12040.3,33,,True,False,False
2018-03-29,44,True,-12040.3,18,,True,False,False
2018-03-29,45,True,-12040.3,24,,True,False,False
2018-03-29,46,True,-12040.3,33,,True,False,False
2018-03-29,47,True,-12040.3,25,,True,False,False
2018-03-29,48,True,-12040.3,20,,True,False,False
2018-03-29,49,True,-12040.3,25,,True,False,False
2018-03-29,50,True,-12040.3,24,,True,False,False
2018-03-29,51,True,-12040.3,31,,True,False,False
2018-03-29,52,True,-12040.3,22,,True,False,False
2018-03-29,53,True,-12040.3,26,,True,False,False
2018-03-29,54,True,-12040.3,33,,True,False,False
2018-03-29,55,True,-12040.3,24,,True,False,False
2018-03-29,56,True,-12040.3,26,,True,False,False
2018-03-29,57,True,-12040.3,21,,True,True,True
2018-04-30,42,True,-12202.4,28,,True,False,False
2018-04-30,43,True,-12202.4,32,,True,False,False
2018-04-30,44,True,-12189.1,16,,True,False,False
2018-04-30,45,True,-12189.1,22,,True,False,False
2018-04-30,46,True,-12189.1,23,,True,False,False
2018-04-30,47,True,-12202.4,22,,True,False,False
2018-04-30,48,True,-12202.4,24,,True,False,False
2018-04-30,49,True,-12189.1,14,,True,False,False
2018-04-30,50,True,-12189.1,19,,True,False,False
2018-04-30,51,True,-12202.4,30,,True,False,False
2018-04-30,52,True,-12189.1,23,,True,False,False
2018-04-30,53,True,-12189.1,20,,True,True,True
2018-04-30,54,True,-12189.1,27,,True,False,False
2018-04-30,55,True,-12189.1,23,,True,False,False
2018-04-30,56,True,-12189.1,24,,True,False,False
2018-04-30,57,True,-12202.4,26,,True,False,False
2018-05-31,42,True,-12272.9,33,,True,False,False
2018-05-31,43,True,-12258.4,24,,True,False,False
2018-05-31,44,True,-12258.4,28,,True,False,False
2018-05-31,45,True,-12258.4,22,,True,False,False
2018-05-31,46,True,-12258.4,32,,True,True,True
2018-05-31,47,True,-12272.9,22,,True,False,False
2018-05-31,48,True,-12258.4,25,,True,False,False
2018-05-31,49,True,-12258.4,24,,True,False,True
2018-05-31,50,True,-12258.4,20,,True,False,False
2018-05-31,51,True,-12258.4,31,,True,False,False
2018-05-31,52,True,-12258.4,22,,True,False,False
2018-05-31,53,True,-12258.4,24,,True,False,False
2018-05-31,54,True,-12258.4,27,,True,False,False
2018-05-31,55,True,-12258.4,23,,True,False,False
2018-05-31,56,True,-12258.4,23,,True,False,False
2018-05-31,57,True,-12258.4,26,,True,False,True
2018-06-29,42,True,-12325.3,24,,True,False,False
2018-06-29,43,True,-12325.3,33,,True,True,True
2018-06-29,44,True,-12325.3,28,,True,False,False
2018-06-29,45,True,-12325.3,22,,True,False,False
2018-06-29,46,True,-12325.3,33,,True,False,False
2018-06-29,47,True,-12338.4,34,,True,False,False
2018-06-29,48,True,-12325.3,23,,True,False,False
2018-06-29,49,True,-12325.3,23,,True,False,False
2018-06-29,50,True,-12325.3,21,,True,False,False
2018-06-29,51,True,-12325.3,35,,True,False,False
2018-06-29,52,True,-12325.3,22,,True,False,False
2018-06-29,53,True,-12325.3,23,,True,False,False
2018-06-29,54,True,-12338.4,41,,True,False,False
2018-06-29,55,True,-12325.3,22,,True,False,False
2018-06-29,56,True,-12325.3,28,,True,False,False
2018-06-29,57,True,-12338.4,43,,True,False,False
2018-07-31,42,True,-12398.8,30,,True,False,False
2018-07-31,43,True,-12387.3,22,,True,False,False
2018-07-31,44,True,-12387.3,16,,True,False,False
2018-07-31,45,True,-12387.3,20,,True,True,True
2018-07-31,46,True,-12387.3,22,,True,False,False
2018-07-31,47,True,-12398.8,25,,True,False,False
2018-07-31,48,True,-12398.8,27,,True,False,False
2018-07-31,49,True,-12387.3,24,,True,False,False
2018-07-31,50,True,-12387.3,21,,True,False,False
2018-07-31,51,True,-12398.8,37,,True,False,False
2018-07-31,52,True,-12387.3,23,,True,False,False
2018-07-31,53,True,-12387.3,23,,True,False,False
2018-07-31,54,True,-12398.8,33,,True,False,False
2018-07-31,55,True,-12387.3,21,,True,False,False
2018-07-31,56,True,-12387.3,23,,True,False,False
2018-07-31,57,True,-12398.8,29,,True,False,False
2018-08-31,42,True,-12449.3,23,,True,False,False
2018-08-31,43,True,-12449.3,24,,True,False,False
2018-08-31,44,True,-12449.3,28,,True,False,False
2018-08-31,45,True,-12458.3,22,,True,False,False
2018-08-31,46,True,-12458.3,37,,True,False,False
2018-08-31,47,True,-12449.3,23,,True,True,True
2018-08-31,48,True,-12449.3,23,,True,False,True
2018-08-31,49,True,-12449.3,26,,True,False,False
2018-08-31,50,True,-12458.3,23,,True,False,False
2018-08-31,51,True,-12449.3,21,,True,False,False
2018-08-31,52,True,-12449.3,31,,True,False,True
2018-08-31,53,True,-12458.3,22,,True,False,False
2018-08-31,54,True,-12458.3,38,,True,False,False
2018-08-31,55,True,-12458.3,24,,True,False,False
2018-08-31,56,True,-12458.3,22,,True,False,False
2018-08-31,57,True,-12449.3,24,,True,False,False
2018-09-28,42,True,-12511.7,22,,True,False,False
2018-09-28,43,True,-12519.6,36,,True,False,False
2018-09-28,44,True,-12511.7,33,,True,False,False
2018-09-28,45,True,-12519.6,21,,True,False,False
2018-09-28,46,True,-12511.7,21,,True,False,False
2018-09-28,47,True,-12519.6,21,,True,False,False
2018-09-28,48,True,-12511.7,22,,True,True,True
2018-09-28,49,True,-12511.7,30,,True,False,True
2018-09-28,50,True,-12511.7,20,,True,False,True
2018-09-28,51,True,-12519.6,33,,True,False,False
2018-09-28,52,True,-12511.7,31,,True,False,False
2018-09-28,53,True,-12519.6,21,,True,False,False
2018-09-28,54,True,-12519.6,36,,True,False,False
2018-09-28,55,True,-12519.6,22,,True,False,False
2018-09-28,56,True,-12511.7,22,,True,False,False
2018-09-28,57,True,-12519.6,22,,True,False,False
2018-10-31,42,True,-12645,28,,True,False,False
2018-10-31,43,True,-12640.9,23,,True,False,False
2018-10-31,44,True,-12640.9,25,,True,False,False
2018-10-31,45,True,-12645,20,,True,False,False
2018-10-31,46,True,-12645,31,,True,False,False
2018-10-31,47,True,-12645,19,,True,False,False
2018-10-31,48,True,-12640.9,21,,True,True,True
2018-10-31,49,True,-12640.9,26,,True,False,False
2018-10-31,50,True,-12640.9,19,,True,False,True
2018-10-31,51,True,-12640.9,19,,True,False,False
2018-10-31,52,True,-12640.9,27,,True,False,False
2018-10-31,53,True,-12645,20,,True,False,False
2018-10-31,54,True,-12645,35,,True,False,False
2018-10-31,55,True,-12645,21,,True,False,False
2018-10-31,56,True,-12645,20,,True,False,False
2018-10-31,57,True,-12640.9,22,,True,False,False
2018-11-30,42,True,-12771.5,26,,True,True,True
2018-11-30,43,True,-12777.4,24,,True,False,False
2018-11-30,44,True,-12777.4,26,,True,False,False
2018-11-30,45,True,-12771.5,21,,True,False,False
2018-11-30,46,True,-12771.5,29,,True,False,True
2018-11-30,47,True,-12771.5,18,,True,False,True
2018-11-30,48,True,-12777.4,20,,True,False,False
2018-11-30,49,True,-12777.4,21,,True,False,False
2018-11-30,50,True,-12777.4,18,,True,False,False
2018-11-30,51,True,-12777.4,19,,True,False,False
2018-11-30,52,True,-12777.4,24,,True,False,False
2018-11-30,53,True,-12771.5,20,,True,False,False
2018-11-30,54,True,-12771.5,36,,True,False,False
2018-11-30,55,True,-12771.5,21,,True,False,False
2018-11-30,56,True,-12771.5,22,,True,False,False
2018-11-30,57,True,-12771.5,23,,True,False,False
2018-12-31,42,True,-12881.7,20,,True,False,False
2018-12-31,43,True,-12874.4,26,,True,False,False
2018-12-31,44,True,-12881.7,14,,True,False,False
2018-12-31,45,True,-12874.4,20,,True,False,False
2018-12-31,46,True,-12874.4,26,,True,False,False
2018-12-31,47,True,-12874.4,16,,True,False,False
2018-12-31,48,True,-12874.4,18,,True,False,False
2018-12-31,49,True,-12881.7,13,,True,False,False
2018-12-31,50,True,-12881.7,18,,True,False,False
2018-12-31,51,True,-12874.4,25,,True,True,True
2018-12-31,52,True,-12881.7,18,,True,False,False
2018-12-31,53,True,-12874.4,20,,True,False,False
2018-12-31,54,True,-12874.4,25,,True,False,True
2018-12-31,55,True,-12874.4,20,,True,False,False
2018-12-31,56,True,-12881.7,20,,True,False,False
2018-12-31,57,True,-12874.4,20,,True,False,False
2019-01-31,42,True,-12995.9,28,,True,False,False
2019-01-31,43,True,-12995.9,25,,True,True,True
2019-01-31,44,True,-12995.9,23,,True,False,False
2019-01-31,45,True,-12995.9,21,,True,False,False
2019-01-31,46,True,-12995.9,25,,True,False,True
2019-01-31,47,True,-12995.9,23,,True,False,False
2019-01-31,48,True,-12995.9,19,,True,False,False
2019-01-31,49,True,-12995.9,22,,True,False,False
2019-01-31,50,True,-12995.9,22,,True,False,False
2019-01-31,51,True,-12995.9,24,,True,False,True
2019-01-31,52,True,-12995.9,23,,True,False,False
2019-01-31,53,True,-12995.9,21,,True,False,False
2019-01-31,54,True,-12995.9,26,,True,False,False
2019-01-31,55,True,-12995.9,21,,True,False,False
2019-01-31,56,True,-12995.9,23,,True,False,False
2019-01-31,57,True,-12995.9,21,,True,False,False
2019-02-28,42,True,-13070.3,30,,True,False,False
2019-02-28,43,True,-13070.3,25,,True,True,True
2019-02-28,44,True,-13070.3,29,,True,False,False
2019-02-28,45,True,-13070.3,21,,True,False,False
2019-02-28,46,True,-13070.3,25,,True,False,True
2019-02-28,47,True,-13070.3,29,,True,False,False
2019-02-28,48,True,-13070.3,27,,True,False,False
2019-02-28,49,True,-13070.3,25,,True,False,False
2019-02-28,50,True,-13070.3,28,,True,False,False
2019-02-28,51,True,-13070.3,24,,True,False,True
2019-02-28,52,True,-13070.3,25,,True,False,False
2019-02-28,53,True,-13070.3,22,,True,False,False
2019-02-28,54,True,-13070.3,25,,True,False,False
2019-02-28,55,True,-13070.3,21,,True,False,False
2019-02-28,56,True,-13070.3,22,,True,False,False
2019-02-28,57,True,-13070.3,20,,True,False,False
2019-03-29,42,True,-13147,29,,True,False,False
2019-03-29,43,True,-13147,26,,True,True,True
2019-03-29,44,True,-13147,28,,True,False,False
2019-03-29,45,True,-13147,20,,True,False,False
2019-03-29,46,True,-13147,26,,True,False,True
2019-03-29,47,True,-13147,27,,True,False,False
2019-03-29,48,True,-13147,22,,True,False,False
2019-03-29,49,True,-13147,24,,True,False,False
2019-03-29,50,True,-13147,26,,True,False,False
2019-03-29,51,True,-13147,27,,True,False,False
2019-03-29,52,True,-13147,26,,True,False,False
2019-03-29,53,True,-13147,22,,True,False,False
2019-03-29,54,True,-13147,26,,True,False,False
2019-03-29,55,True,-13147,20,,True,False,False
2019-03-29,56,True,-13147,22,,True,False,False
2019-03-29,57,True,-13147,20,,True,False,False
2019-04-30,42,True,-13203,28,,True,False,False
2019-04-30,43,True,-13203,40,,True,False,False
2019-04-30,44,True,-13203,30,,True,False,False
2019-04-30,45,True,-13203,19,,True,False,False
2019-04-30,46,True,-13203,28,,True,False,False
2019-04-30,47,True,-13203,17,,True,True,True
2019-04-30,48,True,-13203,22,,True,False,False
2019-04-30,49,True,-13203,27,,True,False,False
2019-04-30,50,True,-13203,15,,True,False,False
2019-04-30,51,True,-13203,27,,True,False,True
2019-04-30,52,True,-13203,29,,True,False,False
2019-04-30,53,True,-13203,20,,True,False,False
2019-04-30,54,True,-13203,36,,True,False,False
2019-04-30,55,True,-13203,20,,True,False,False
2019-04-30,56,True,-13203,22,,True,False,False
2019-04-30,57,True,-13203,23,,True,False,False
2019-05-31,42,True,-13324.1,25,,True,True,True
2019-05-31,43,True,-13324.1,30,,True,False,False
2019-05-31,44,True,-13324.1,29,,True,False,False
2019-05-31,45,True,-13324.1,19,,True,False,False
2019-05-31,46,True,-13324.1,32,,True,False,False
2019-05-31,47,True,-13324.1,17,,True,False,True
2019-05-31,48,True,-13324.1,21,,True,False,False
2019-05-31,49,True,-13324.1,28,,True,False,False
2019-05-31,50,True,-13324.1,27,,True,False,False
2019-05-31,51,True,-13324.1,27,,True,False,False
2019-05-31,52,True,-13324.1,28,,True,False,False
2019-05-31,53,True,-13324.1,21,,True,False,False
2019-05-31,54,True,-13324.1,35,,True,False,False
2019-05-31,55,True,-13324.1,20,,True,False,False
2019-05-31,56,True,-13324.1,19,,True,False,False
2019-05-31,57,True,-13324.1,20,,True,False,False
2019-06-28,42,True,-13415.7,25,,True,False,False
2019-06-28,43,True,-13844.8,26,,True,False,False
2019-06-28,44,True,-13428.9,23,,True,False,False
2019-06-28,45,True,-13415.7,18,,True,False,False
2019-06-28,46,True,-13415.7,29,,True,True,True
2019-06-28,47,True,-13415.7,17,,True,False,True
2019-06-28,48,True,-13415.7,20,,True,False,False
2019-06-28,49,True,-13428.9,22,,True,False,False
2019-06-28,50,True,-13415.7,14,,True,False,False
2019-06-28,51,True,-13428.9,20,,True,False,False
2019-06-28,52,True,-13428.9,23,,True,False,False
2019-06-28,53,True,-13415.7,20,,True,False,False
2019-06-28,54,True,-13415.7,35,,True,False,False
2019-06-28,55,True,-13415.7,19,,True,False,False
2019-06-28,56,True,-13415.7,21,,True,False,False
2019-06-28,57,True,-13415.7,21,,True,False,False
2019-07-31,42,True,-13477.2,27,,True,True,True
2019-07-31,43,True,-13477.2,33,,True,False,False
2019-07-31,44,True,-13477.2,63,,True,False,False
2019-07-31,45,True,-13477.2,18,,True,False,False
2019-07-31,46,True,-13477.2,62,,True,False,False
2019-07-31,47,True,-13477.2,59,,True,False,False
2019-07-31,48,True,-13477.2,16,,True,False,False
2019-07-31,49,True,-13477.2,61,,True,False,False
2019-07-31,50,True,-13477.2,15,,True,False,True
2019-07-31,51,True,-13477.2,58,,True,False,False
2019-07-31,52,True,-13477.2,62,,True,False,False
2019-07-31,53,True,-13477.2,20,,True,False,False
2019-07-31,54,True,-13477.2,35,,True,False,False
2019-07-31,55,True,-13477.2,19,,True,False,False
2019-07-31,56,True,-13477.2,20,,True,False,False
2019-07-31,57,True,-13477.2,21,,True,False,False
2019-08-30,42,True,-13611,23,,True,False,False
2019-08-30,43,True,-14049.9,18,,True,False,False
2019-08-30,44,True,-13611,24,,True,False,False
2019-08-30,45,True,-13611,18,,True,False,False
2019-08-30,46,True,-13611,28,,True,True,True
2019-08-30,47,True,-13611,21,,True,False,False
2019-08-30,48,True,-13611,21,,True,False,False
2019-08-30,49,True,-13611,20,,True,False,False
2019-08-30,50,True,-13611,14,,True,False,False
2019-08-30,51,True,-13611,23,,True,False,False
2019-08-30,52,True,-13611,22,,True,False,True
2019-08-30,53,True,-13611,19,,True,False,False
2019-08-30,54,True,-13611,35,,True,False,False
2019-08-30,55,True,-13611,19,,True,False,False
2019-08-30,56,True,-13611,18,,True,False,False
2019-08-30,57,True,-13611,19,,True,False,False
2019-09-30,42,True,-13719.4,24,,True,False,False
2019-09-30,43,True,-13719.4,31,,True,True,True
2019-09-30,44,True,-13719.4,25,,True,False,False
2019-09-30,45,True,-13719.4,18,,True,False,False
2019-09-30,46,True,-13719.4,28,,True,False,True
2019-09-30,47,True,-13719.4,21,,True,False,False
2019-09-30,48,True,-13719.4,17,,True,False,False
2019-09-30,49,True,-13719.4,23,,True,False,False
2019-09-30,50,True,-13719.4,14,,True,False,False
2019-09-30,51,True,-13719.4,23,,True,False,False
2019-09-30,52,True,-13719.4,24,,True,False,False
2019-09-30,53,True,-13719.4,19,,True,False,False
2019-09-30,54,True,-13719.4,35,,True,False,False
2019-09-30,55,True,-13719.4,19,,True,False,False
2019-09-30,56,True,-13719.4,21,,True,False,False
2019-09-30,57,True,-13719.4,22,,True,False,False
2019-10-31,42,True,-13828.5,25,,True,True,True
2019-10-31,43,True,-14237.8,16,,True,False,False
2019-10-31,44,True,-13828.5,26,,True,False,False
2019-10-31,45,True,-13828.5,18,,True,False,False
2019-10-31,46,True,-13828.5,28,,True,False,True
2019-10-31,47,True,-13828.5,17,,True,False,True
2019-10-31,48,True,-13828.5,20,,True,False,False
2019-10-31,49,True,-13828.5,22,,True,False,False
2019-10-31,50,True,-13828.5,14,,True,False,False
2019-10-31,51,True,-13828.5,27,,True,False,True
2019-10-31,52,True,-13828.5,25,,True,False,False
2019-10-31,53,True,-13828.5,20,,True,False,False
2019-10-31,54,True,-13828.5,34,,True,False,False
2019-10-31,55,True,-13828.5,19,,True,False,False
2019-10-31,56,True,-13828.5,18,,True,False,False
2019-10-31,57,True,-13828.5,21,,True,False,False
2019-11-29,42,True,-13890.3,24,,True,False,False
2019-11-29,43,True,-13890.3,34,,True,True,True
2019-11-29,44,True,-13890.3,26,,True,False,False
2019-11-29,45,True,-13890.3,18,,True,False,False
2019-11-29,46,True,-13890.3,29,,True,False,False
2019-11-29,47,True,-13890.3,20,,True,False,False
2019-11-29,48,True,-13890.3,16,,True,False,False
2019-11-29,49,True,-13890.3,22,,True,False,False
2019-11-29,50,True,-13890.3,14,,True,False,False
2019-11-29,51,True,-13890.3,28,,True,False,True
2019-11-29,52,True,-13890.3,25,,True,False,False
2019-11-29,53,True,-13890.3,20,,True,False,False
2019-11-29,54,True,-13890.3,35,,True,False,False
2019-11-29,55,True,-13890.3,19,,True,False,False
2019-11-29,56,True,-13890.3,21,,True,False,False
2019-11-29,57,True,-13890.3,19,,True,False,False
2019-12-31,42,True,-13963.6,26,,True,True,True
2019-12-31,43,True,-13963.6,35,,True,False,False
2019-12-31,44,True,-13963.6,26,,True,False,False
2019-12-31,45,True,-13963.6,18,,True,False,False
2019-12-31,46,True,-13963.6,28,,True,False,False
2019-12-31,47,True,-13963.6,21,,True,False,False
2019-12-31,48,True,-13963.6,20,,True,False,False
2019-12-31,49,True,-13963.6,22,,True,False,False
2019-12-31,50,True,-13963.6,14,,True,False,False
2019-12-31,51,True,-13963.6,23,,True,False,False
2019-12-31,52,True,-13963.6,24,,True,False,False
2019-12-31,53,True,-13963.6,19,,True,False,False
2019-12-31,54,True,-13963.6,35,,True,False,False
2019-12-31,55,True,-13963.6,19,,True,False,False
2019-12-31,56,True,-13963.6,21,,True,False,False
2019-12-31,57,True,-13963.6,21,,True,False,False
2020-01-31,42,True,-14037.2,27,,True,False,False
2020-01-31,43,True,-14466.2,15,,True,False,False
2020-01-31,44,True,-14037.2,26,,True,True,True
2020-01-31,45,True,-14037.2,18,,True,False,False
2020-01-31,46,True,-14037.2,31,,True,False,False
2020-01-31,47,True,-14037.2,18,,True,False,True
2020-01-31,48,True,-14037.2,20,,True,False,False
2020-01-31,49,True,-14037.2,22,,True,False,False
2020-01-31,50,True,-14037.2,14,,True,False,False
2020-01-31,51,True,-14037.2,23,,True,False,False
2020-01-31,52,True,-14037.2,24,,True,False,True
2020-01-31,53,True,-14037.2,20,,True,False,False
2020-01-31,54,True,-14037.2,35,,True,False,False
2020-01-31,55,True,-14037.2,19,,True,False,False
2020-01-31,56,True,-14037.2,21,,True,False,False
2020-01-31,57,True,-14037.2,19,,True,False,False
2020-02-28,42,True,-14124,27,,True,True,True
2020-02-28,43,True,-14566.5,14,,True,False,False
2020-02-28,44,True,-14124,25,,True,False,True
2020-02-28,45,True,-14124,18,,True,False,False
2020-02-28,46,True,-14124,31,,True,False,True
2020-02-28,47,True,-14124,17,,True,False,True
2020-02-28,48,True,-14124,20,,True,False,False
2020-02-28,49,True,-14124,23,,True,False,False
2020-02-28,50,True,-14124,14,,True,False,True
2020-02-28,51,True,-14124,29,,True,False,False
2020-02-28,52,True,-14124,24,,True,False,False
2020-02-28,53,True,-14124,18,,True,False,False
2020-02-28,54,True,-14124,34,,True,False,False
2020-02-28,55,True,-14124,18,,True,False,False
2020-02-28,56,True,-14124,20,,True,False,False
2020-02-28,57,True,-14124,21,,True,False,False
2020-03-31,42,True,-13885.8,21,,True,True,True
2020-03-31,43,True,-13885.8,29,,True,False,True
2020-03-31,44,True,-13897.4,23,,True,False,False
2020-03-31,45,True,-13885.8,18,,True,False,True
2020-03-31,46,True,-13897.4,22,,True,False,False
2020-03-31,47,True,-13897.4,22,,True,False,False
2020-03-31,48,True,-13885.8,16,,True,False,False
2020-03-31,49,True,-13897.4,17,,True,False,False
2020-03-31,50,True,-13885.8,14,,True,False,True
2020-03-31,51,True,-13897.4,21,,True,False,False
2020-03-31,52,True,-13897.4,22,,True,False,False
2020-03-31,53,True,-13885.8,19,,True,False,False
2020-03-31,54,True,-13885.8,36,,True,False,True
2020-03-31,55,True,-13885.8,18,,True,False,False
2020-03-31,56,True,-13885.8,20,,True,False,True
2020-03-31,57,True,-13885.8,19,,True,False,True
2020-04-30,42,True,-13831.7,22,,True,False,False
2020-04-30,43,True,-13822.5,22,,True,True,True
2020-04-30,44,True,-13831.7,17,,True,False,False
2020-04-30,45,True,-13822.5,19,,True,False,False
2020-04-30,46,True,-13831.7,20,,True,False,False
2020-04-30,47,True,-13822.5,16,,True,False,True
2020-04-30,48,True,-13831.7,21,,True,False,False
2020-04-30,49,True,-13831.7,16,,True,False,False
2020-04-30,50,True,-13831.7,20,,True,False,False
2020-04-30,51,True,-13822.5,21,,True,False,True
2020-04-30,52,True,-13831.7,12,,True,False,False
2020-04-30,53,True,-13822.5,20,,True,False,True
2020-04-30,54,True,-13831.7,24,,True,False,False
2020-04-30,55,True,-13822.5,19,,True,False,False
2020-04-30,56,True,-13831.7,22,,True,False,False
2020-04-30,57,True,-13822.5,20,,True,False,True
2020-05-29,42,True,-13927.1,21,,True,False,False
2020-05-29,43,True,-13919.9,22,,True,True,True
2020-05-29,44,True,-13927.1,21,,True,False,False
2020-05-29,45,True,-13919.9,20,,True,False,True
2020-05-29,46,True,-13927.1,20,,True,False,False
2020-05-29,47,True,-13927.1,21,,True,False,False
2020-05-29,48,True,-13927.1,21,,True,False,False
2020-05-29,49,True,-13927.1,16,,True,False,False
2020-05-29,50,True,-13927.1,19,,True,False,False
2020-05-29,51,True,-13919.9,20,,True,False,True
2020-05-29,52,True,-13927.1,14,,True,False,False
2020-05-29,53,True,-13927.1,21,,True,False,False
2020-05-29,54,True,-13919.9,24,,True,False,False
2020-05-29,55,True,-13919.9,20,,True,False,False
2020-05-29,56,True,-13919.9,20,,True,False,True
2020-05-29,57,True,-13919.9,20,,True,False,False
2020-06-30,42,True,-14034.7,21,,True,False,False
2020-06-30,43,True,-14029.4,21,,True,True,True
2020-06-30,44,True,-14034.7,20,,True,False,False
2020-06-30,45,True,-14029.4,20,,True,False,False
2020-06-30,46,True,-14029.4,21,,True,False,True
2020-06-30,47,True,-14034.7,21,,True,False,False
2020-06-30,48,True,-14029.4,19,,True,False,False
2020-06-30,49,True,-14034.7,15,,True,False,False
2020-06-30,50,True,-14029.4,16,,True,False,False
2020-06-30,51,True,-14029.4,20,,True,False,True
2020-06-30,52,True,-14034.7,13,,True,False,False
2020-06-30,53,True,-14029.4,21,,True,False,False
2020-06-30,54,True,-14034.7,24,,True,False,False
2020-06-30,55,True,-14029.4,21,,True,False,False
2020-06-30,56,True,-14034.7,21,,True,False,False
2020-06-30,57,True,-14029.4,21,,True,False,False
2020-07-31,42,True,-14155,17,,True,True,True
2020-07-31,43,True,-14155,20,,True,False,True
2020-07-31,44,True,-14158.5,19,,True,False,False
2020-07-31,45,True,-14158.5,20,,True,False,False
2020-07-31,46,True,-14158.5,20,,True,False,False
2020-07-31,47,True,-14155,17,,True,False,False
2020-07-31,48,True,-14158.5,21,,True,False,False
2020-07-31,49,True,-14158.5,12,,True,False,False
2020-07-31,50,True,-14155,17,,True,False,False
2020-07-31,51,True,-14158.5,20,,True,False,False
2020-07-31,52,True,-14158.5,12,,True,False,False
2020-07-31,53,True,-14155,21,,True,False,False
2020-07-31,54,True,-14158.5,30,,True,False,False
2020-07-31,55,True,-14155,21,,True,False,False
2020-07-31,56,True,-14158.5,21,,True,False,False
2020-07-31,57,True,-14158.5,22,,True,False,False
2020-08-31,42,True,-14291.5,17,,True,True,True
2020-08-31,43,True,-14291.5,20,,True,False,True
2020-08-31,44,True,-14292.9,15,,True,False,False
2020-08-31,45,True,-14292.9,21,,True,False,False
2020-08-31,46,True,-14292.9,20,,True,False,False
2020-08-31,47,True,-14292.9,21,,True,False,False
2020-08-31,48,True,-14291.5,21,,True,False,False
2020-08-31,49,True,-14292.9,11,,True,False,False
2020-08-31,50,True,-14291.5,18,,True,False,False
2020-08-31,51,True,-14291.5,18,,True,False,True
2020-08-31,52,True,-14292.9,12,,True,False,False
2020-08-31,53,True,-14292.9,21,,True,False,False
2020-08-31,54,True,-14291.5,26,,True,False,False
2020-08-31,55,True,-14291.5,22,,True,False,False
2020-08-31,56,True,-14292.9,21,,True,False,False
2020-08-31,57,True,-14292.9,22,,True,False,False
2020-09-30,42,True,-14405.7,22,,True,False,False
2020-09-30,43,True,-14405.7,20,,True,False,False
2020-09-30,44,True,-14405.7,15,,True,False,False
2020-09-30,45,True,-14406.1,23,,True,False,False
2020-09-30,46,True,-14405.7,21,,True,False,False
2020-09-30,47,True,-14406.1,18,,True,False,False
2020-09-30,48,True,-14405.7,22,,True,False,False
2020-09-30,49,True,-14405.7,11,,True,True,True
2020-09-30,50,True,-14405.7,20,,True,False,False
2020-09-30,51,True,-14406.1,18,,True,False,False
2020-09-30,52,True,-14405.7,12,,True,False,False
2020-09-30,53,True,-14405.7,22,,True,False,False
2020-09-30,54,True,-14405.7,25,,True,False,False
2020-09-30,55,True,-14406.1,30,,True,False,False
2020-09-30,56,True,-14405.7,22,,True,False,False
2020-09-30,57,True,-14405.7,22,,True,False,False
2020-10-30,42,True,-14532.1,17,,True,False,False
2020-10-30,43,True,-14530.4,21,,True,True,True
2020-10-30,44,True,-14530.4,15,,True,False,False
2020-10-30,45,True,-14530.4,22,,True,False,True
2020-10-30,46,True,-14532.1,20,,True,False,False
2020-10-30,47,True,-14530.4,22,,True,False,False
2020-10-30,48,True,-14530.4,22,,True,False,False
2020-10-30,49,True,-14530.4,15,,True,False,False
2020-10-30,50,True,-14530.4,21,,True,False,True
2020-10-30,51,True,-14532.1,18,,True,False,False
2020-10-30,52,True,-14530.4,12,,True,False,True
2020-10-30,53,True,-14532.1,25,,True,False,False
2020-10-30,54,True,-14530.4,33,,True,False,True
2020-10-30,55,True,-14530.4,22,,True,False,False
2020-10-30,56,True,-14530.4,23,,True,False,True
2020-10-30,57,True,-14530.4,23,,True,False,False
2020-11-30,42,True,-14637.7,23,,True,False,False
2020-11-30,43,True,-14639.3,19,,True,False,False
2020-11-30,44,True,-14637.7,17,,True,True,True
2020-11-30,45,True,-14637.7,22,,True,False,False
2020-11-30,46,True,-14637.7,22,,True,False,False
2020-11-30,47,True,-14637.7,23,,True,False,False
2020-11-30,48,True,-14637.7,23,,True,False,False
2020-11-30,49,True,-14637.7,10,,True,False,True
2020-11-30,50,True,-14637.7,22,,True,False,False
2020-11-30,51,True,-14639.3,18,,True,False,False
2020-11-30,52,True,-14637.7,12,,True,False,False
2020-11-30,53,True,-14637.7,23,,True,False,False
2020-11-30,54,True,-14639.3,29,,True,False,False
2020-11-30,55,True,-14637.7,23,,True,False,False
2020-11-30,56,True,-14639.3,25,,True,False,False
2020-11-30,57,True,-14639.3,26,,True,False,False
2020-12-31,42,True,-14768.1,24,,True,False,False
2020-12-31,43,True,-14768.1,22,,True,False,False
2020-12-31,44,True,-14768.1,17,,True,True,True
2020-12-31,45,True,-14768.1,23,,True,False,False
2020-12-31,46,True,-14768.1,23,,True,False,False
2020-12-31,47,True,-14768.1,24,,True,False,False
2020-12-31,48,True,-14768.1,24,,True,False,False
2020-12-31,49,True,-14768.1,16,,True,False,False
2020-12-31,50,True,-14768.1,22,,True,False,False
2020-12-31,51,True,-14770.9,18,,True,False,False
2020-12-31,52,True,-14768.1,12,,True,False,False
2020-12-31,53,True,-14770.9,26,,True,False,False
2020-12-31,54,True,-14770.9,30,,True,False,False
2020-12-31,55,True,-14768.1,23,,True,False,False
2020-12-31,56,True,-14768.1,24,,True,False,False
2020-12-31,57,True,-14770.9,27,,True,False,False
2021-01-29,42,True,-14885.2,17,,True,False,False
2021-01-29,43,True,-14881.1,23,,True,False,False
2021-01-29,44,True,-14881.1,16,,True,True,True
2021-01-29,45,True,-14881.1,24,,True,False,False
2021-01-29,46,True,-14881.1,24,,True,False,False
2021-01-29,47,True,-14881.1,24,,True,False,False
2021-01-29,48,True,-14881.1,24,,True,False,False
2021-01-29,49,True,-14881.1,17,,True,False,False
2021-01-29,50,True,-14881.1,23,,True,False,False
2021-01-29,51,True,-14885.2,18,,True,False,False
2021-01-29,52,True,-14881.1,12,,True,False,True
2021-01-29,53,True,-14885.2,27,,True,False,False
2021-01-29,54,True,-14881.1,27,,True,False,False
2021-01-29,55,True,-14881.1,24,,True,False,False
2021-01-29,56,True,-14881.1,25,,True,False,False
2021-01-29,57,True,-14881.1,25,,True,False,False
2021-02-26,42,True,-14990.2,17,,True,False,False
2021-02-26,43,True,-14985.9,23,,True,False,False
2021-02-26,44,True,-14985.9,16,,True,True,True
2021-02-26,45,True,-14990.2,27,,True,False,False
2021-02-26,46,True,-14985.9,24,,True,False,False
2021-02-26,47,True,-14985.9,25,,True,False,True
2021-02-26,48,True,-14990.2,26,,True,False,False
2021-02-26,49,True,-14985.9,18,,True,False,False
2021-02-26,50,True,-14985.9,23,,True,False,False
2021-02-26,51,True,-14990.2,18,,True,False,False
2021-02-26,52,True,-14985.9,13,,True,False,True
2021-02-26,53,True,-14990.2,27,,True,False,False
2021-02-26,54,True,-14985.9,28,,True,False,False
2021-02-26,55,True,-14985.9,24,,True,False,False
2021-02-26,56,True,-14985.9,25,,True,False,False
2021-02-26,57,True,-14990.2,28,,True,False,False
2021-03-31,42,True,-15112.2,30,,True,True,True
2021-03-31,43,True,-15112.2,28,,True,False,False
2021-03-31,44,True,-15112.2,21,,True,False,False
2021-03-31,45,True,-15112.2,30,,True,False,False
2021-03-31,46,True,-15112.2,29,,True,False,True
2021-03-31,47,True,-15112.2,29,,True,False,False
2021-03-31,48,True,-15116.4,29,,True,False,False
2021-03-31,49,True,-15112.2,13,,True,False,False
2021-03-31,50,True,-15112.2,28,,True,False,False
2021-03-31,51,True,-15116.4,18,,True,False,False
2021-03-31,52,True,-15112.2,15,,True,False,False
2021-03-31,53,True,-15112.2,29,,True,False,False
2021-03-31,54,True,-15116.4,33,,True,False,False
2021-03-31,55,True,-15112.2,29,,True,False,True
2021-03-31,56,True,-15112.2,30,,True,False,True
2021-03-31,57,True,-15116.4,31,,True,False,False
2021-04-30,42,True,-15197.4,17,,True,False,False
2021-04-30,43,True,-15197.4,18,,True,False,False
2021-04-30,44,True,-15194.1,17,,True,True,True
2021-04-30,45,True,-15197.4,31,,True,False,False
2021-04-30,46,True,-15194.1,30,,True,False,False
2021-04-30,47,True,-15197.4,25,,True,False,False
2021-04-30,48,True,-15194.1,31,,True,False,False
2021-04-30,49,True,-15194.1,14,,True,False,False
2021-04-30,50,True,-15194.1,29,,True,False,False
2021-04-30,51,True,-15197.4,17,,True,False,False
2021-04-30,52,True,-15194.1,16,,True,False,False
2021-04-30,53,True,-15197.4,32,,True,False,False
2021-04-30,54,True,-15197.4,35,,True,False,False
2021-04-30,55,True,-15194.1,30,,True,False,False
2021-04-30,56,True,-15194.1,31,,True,False,False
2021-04-30,57,True,-15194.1,32,,True,False,False
2021-05-28,42,True,-15299.3,36,,True,False,False
2021-05-28,43,True,-15299.3,35,,True,False,False
2021-05-28,44,True,-15299.3,29,,True,False,False
2021-05-28,45,True,-15302.7,37,,True,False,False
2021-05-28,46,True,-15299.3,35,,True,False,False
2021-05-28,47,True,-15299.3,36,,True,False,False
2021-05-28,48,True,-15299.3,36,,True,False,False
2021-05-28,49,True,-15299.3,29,,True,False,False
2021-05-28,50,True,-15299.3,35,,True,True,True
2021-05-28,51,True,-15302.7,18,,True,False,False
2021-05-28,52,True,-15299.3,21,,True,False,True
2021-05-28,53,True,-15302.7,37,,True,False,False
2021-05-28,54,True,-15299.3,46,,True,False,False
2021-05-28,55,True,-15299.3,35,,True,False,False
2021-05-28,56,True,-15299.3,36,,True,False,False
2021-05-28,57,True,-15299.3,37,,True,False,False
2021-06-30,42,True,-15395.1,18,,True,False,False
2021-06-30,43,True,-15395.1,19,,True,False,False
2021-06-30,44,True,-15391.9,18,,True,True,True
2021-06-30,45,True,-15395.1,37,,True,False,False
2021-06-30,46,True,-15391.9,37,,True,False,False
2021-06-30,47,True,-15391.9,37,,True,False,False
2021-06-30,48,True,-15395.1,36,,True,False,False
2021-06-30,49,True,-15391.9,14,,True,False,False
2021-06-30,50,True,-15391.9,36,,True,False,False
2021-06-30,51,True,-15391.9,37,,True,False,False
2021-06-30,52,True,-15391.9,22,,True,False,False
2021-06-30,53,True,-15391.9,37,,True,False,False
2021-06-30,54,True,-15395.1,41,,True,False,False
2021-06-30,55,True,-15391.9,37,,True,False,False
2021-06-30,56,True,-15395.1,38,,True,False,False
2021-06-30,57,True,-15395.1,39,,True,False,False
2021-07-30,42,True,-15487.1,41,,True,False,False
2021-07-30,43,True,-15489.2,19,,True,False,False
2021-07-30,44,True,-15487.1,18,,True,True,True
2021-07-30,45,True,-15489.2,39,,True,False,False
2021-07-30,46,True,-15489.2,19,,True,False,False
2021-07-30,47,True,-15489.2,32,,True,False,False
2021-07-30,48,True,-15487.1,41,,True,False,False
2021-07-30,49,True,-15487.1,34,,True,False,False
2021-07-30,50,True,-15489.2,36,,True,False,False
2021-07-30,51,True,-15487.1,40,,True,False,False
2021-07-30,52,True,-15487.1,23,,True,False,False
2021-07-30,53,True,-15487.1,41,,True,False,False
2021-07-30,54,True,-15487.1,44,,True,False,False
2021-07-30,55,True,-15487.1,41,,True,False,False
2021-07-30,56,True,-15487.1,41,,True,False,False
2021-07-30,57,True,-15489.2,40,,True,False,False
2021-08-31,42,True,-15593.6,18,,True,False,False
2021-08-31,43,True,-15593.6,18,,True,False,False
2021-08-31,44,True,-15592.2,18,,True,True,True
2021-08-31,45,True,-15592.2,40,,True,False,False
2021-08-31,46,True,-15592.2,40,,True,False,False
2021-08-31,47,True,-15593.6,31,,True,False,False
2021-08-31,48,True,-15592.2,41,,True,False,False
2021-08-31,49,True,-15592.2,16,,True,False,False
2021-08-31,50,True,-15592.2,39,,True,False,False
2021-08-31,51,True,-15593.6,17,,True,False,False
2021-08-31,52,True,-15592.2,27,,True,False,False
2021-08-31,53,True,-15592.2,41,,True,False,False
2021-08-31,54,True,-15592.2,44,,True,False,False
2021-08-31,55,True,-15592.2,42,,True,False,False
2021-08-31,56,True,-15592.2,41,,True,False,False
2021-08-31,57,True,-15593.6,39,,True,False,False
2021-09-30,42,True,-15711.9,37,,True,False,False
2021-09-30,43,True,-15711.9,36,,True,False,False
2021-09-30,44,True,-15711.9,17,,True,True,True
2021-09-30,45,True,-15713.4,36,,True,False,False
2021-09-30,46,True,-15713.4,18,,True,False,False
2021-09-30,47,True,-15711.9,36,,True,False,False
2021-09-30,48,True,-15713.4,34,,True,False,False
2021-09-30,49,True,-15711.9,19,,True,False,False
2021-09-30,50,True,-15713.4,32,,True,False,False
2021-09-30,51,True,-15713.4,16,,True,False,False
2021-09-30,52,True,-15711.9,13,,True,False,False
2021-09-30,53,True,-15711.9,36,,True,False,False
2021-09-30,54,True,-15711.9,45,,True,False,False
2021-09-30,55,True,-15711.9,36,,True,False,False
2021-09-30,56,True,-15713.4,35,,True,False,False
2021-09-30,57,True,-15713.4,36,,True,False,False
2021-10-29,42,True,-15810.7,19,,True,False,False
2021-10-29,43,True,-15810.7,19,,True,False,False
2021-10-29,44,True,-15807.3,42,,True,False,False
2021-10-29,45,True,-15807.3,52,,True,True,True
2021-10-29,46,True,-15807.3,48,,True,False,False
2021-10-29,47,True,-15807.3,49,,True,False,True
2021-10-29,48,True,-15810.7,43,,True,False,False
2021-10-29,49,True,-15807.3,42,,True,False,False
2021-10-29,50,True,-15807.3,47,,True,False,False
2021-10-29,51,True,-15810.7,18,,True,False,False
2021-10-29,52,True,-15807.3,34,,True,False,False
2021-10-29,53,True,-15810.7,45,,True,False,False
2021-10-29,54,True,-15810.7,48,,True,False,False
2021-10-29,55,True,-15807.3,48,,True,False,False
2021-10-29,56,True,-15807.3,49,,True,False,False
2021-10-29,57,True,-15807.3,49,,True,False,False
2021-11-30,42,True,-15918.1,42,,True,False,False
2021-11-30,43,True,-15921.9,19,,True,False,False
2021-11-30,44,True,-15918.1,18,,True,True,True
2021-11-30,45,True,-15918.1,42,,True,False,False
2021-11-30,46,True,-15918.1,41,,True,False,False
2021-11-30,47,True,-15918.1,41,,True,False,False
2021-11-30,48,True,-15921.9,38,,True,False,False
2021-11-30,49,True,-15918.1,20,,True,False,False
2021-11-30,50,True,-15921.9,37,,True,False,False
2021-11-30,51,True,-15921.9,17,,True,False,False
2021-11-30,52,True,-15918.1,12,,True,False,False
2021-11-30,53,True,-15918.1,41,,True,False,False
2021-11-30,54,True,-15918.1,44,,True,False,False
2021-11-30,55,True,-15918.1,41,,True,False,False
2021-11-30,56,True,-15918.1,42,,True,False,False
2021-11-30,57,True,-15918.1,42,,True,False,False
2021-12-31,42,True,-16048,51,,True,False,False
2021-12-31,43,True,-16048,50,,True,False,False
2021-12-31,44,True,-16048,44,,True,False,False
2021-12-31,45,True,-16048,50,,True,False,False
2021-12-31,46,True,-16048,50,,True,False,False
2021-12-31,47,True,-16050.8,38,,True,False,False
2021-12-31,48,True,-16048,51,,True,True,True
2021-12-31,49,True,-16048,45,,True,False,False
2021-12-31,50,True,-16048,49,,True,False,False
2021-12-31,51,True,-16048,50,,True,False,False
2021-12-31,52,True,-16048,15,,True,False,False
2021-12-31,53,True,-16048,51,,True,False,False
2021-12-31,54,True,-16050.8,48,,True,False,False
2021-12-31,55,True,-16048,50,,True,False,False
2021-12-31,56,True,-16048,51,,True,False,False
2021-12-31,57,True,-16048,51,,True,False,False
2022-01-31,42,True,-16163,40,,True,False,False
2022-01-31,43,True,-16163,39,,True,False,False
2022-01-31,44,True,-16163,34,,True,False,False
2022-01-31,45,True,-16163,39,,True,False,False
2022-01-31,46,True,-16168.7,24,,True,False,False
2022-01-31,47,True,-16168.7,140,,True,False,False
2022-01-31,48,True,-16163,40,,True,False,False
2022-01-31,49,True,-16163,34,,True,False,False
2022-01-31,50,True,-16163,39,,True,False,False
2022-01-31,51,True,-16163,39,,True,False,False
2022-01-31,52,True,-16163,37,,True,True,True
2022-01-31,53,True,-16163,40,,True,False,False
2022-01-31,54,True,-16168.7,150,,True,False,False
2022-01-31,55,True,-16163,39,,True,False,False
2022-01-31,56,True,-16168.7,149,,True,False,False
2022-01-31,57,True,-16168.7,149,,True,False,False
2022-02-28,42,True,-16258.1,44,,True,False,False
2022-02-28,43,True,-16258.1,43,,True,False,False
2022-02-28,44,True,-16258.1,37,,True,False,False
2022-02-28,45,True,-16258.1,43,,True,False,False
2022-02-28,46,True,-16258.1,43,,True,False,False
2022-02-28,47,True,-16264.8,32,,True,False,False
2022-02-28,48,True,-16258.1,47,,True,False,False
2022-02-28,49,True,-16258.1,17,,True,True,True
2022-02-28,50,True,-16258.1,42,,True,False,False
2022-02-28,51,True,-16264.8,25,,True,False,False
2022-02-28,52,True,-16258.1,20,,True,False,False
2022-02-28,53,True,-16258.1,44,,True,False,False
2022-02-28,54,True,-16258.1,56,,True,False,False
2022-02-28,55,True,-16258.1,43,,True,False,False
2022-02-28,56,True,-16258.1,47,,True,False,False
2022-02-28,57,True,-16258.1,45,,True,False,False
2022-03-31,42,True,-16383.4,98,,True,False,False
2022-03-31,43,True,-16377.6,54,,True,False,False
2022-03-31,44,True,-16377.6,48,,True,False,False
2022-03-31,45,True,-16377.6,53,,True,False,False
2022-03-31,46,True,-16383.4,98,,True,False,False
2022-03-31,47,True,-16383.4,29,,True,False,False
2022-03-31,48,True,-16377.6,54,,True,False,False
2022-03-31,49,True,-16377.6,10,,True,True,True
2022-03-31,50,True,-16377.6,54,,True,False,False
2022-03-31,51,True,-16383.4,97,,True,False,False
2022-03-31,52,True,-16377.6,22,,True,False,False
2022-03-31,53,True,-16377.6,56,,True,False,False
2022-03-31,54,True,-16383.4,41,,True,False,False
2022-03-31,55,True,-16377.6,53,,True,False,False
2022-03-31,56,True,-16377.6,55,,True,False,False
2022-03-31,57,True,-16377.6,55,,True,False,False
2022-04-29,42,True,-16483.1,36,,True,False,False
2022-04-29,43,True,-16483.1,35,,True,False,False
2022-04-29,44,True,-16483,30,,True,True,True
2022-04-29,45,True,-16483.1,35,,True,False,False
2022-04-29,46,True,-16488.1,63,,True,False,False
2022-04-29,47,True,-16483.1,36,,True,False,False
2022-04-29,48,True,-16483.1,36,,True,False,False
2022-04-29,49,True,-16483.1,29,,True,False,False
2022-04-29,50,True,-16483.1,34,,True,False,False
2022-04-29,51,True,-16488.1,61,,True,False,False
2022-04-29,52,True,-16483,43,,True,False,False
2022-04-29,53,True,-16483.1,36,,True,False,False
2022-04-29,54,True,-16483.1,51,,True,False,False
2022-04-29,55,True,-16483.1,35,,True,False,False
2022-04-29,56,True,-16483.1,39,,True,False,False
2022-04-29,57,True,-16483.1,40,,True,False,False
2022-05-31,42,True,-16558.6,33,,True,False,False
2022-05-31,43,True,-16558.6,32,,True,False,False
2022-05-31,44,True,-16558.8,32,,True,False,False
2022-05-31,45,True,-16558.6,32,,True,False,False
2022-05-31,46,True,-16558.6,32,,True,False,False
2022-05-31,47,True,-16558.6,33,,True,False,False
2022-05-31,48,True,-16558.6,33,,True,False,False
2022-05-31,49,True,-16558.6,27,,True,True,True
2022-05-31,50,True,-16558.6,31,,True,False,False
2022-05-31,51,True,-16558.6,32,,True,False,False
2022-05-31,52,True,-16558.8,25,,True,False,False
2022-05-31,53,True,-16558.6,33,,True,False,False
2022-05-31,54,True,-16558.6,46,,True,False,False
2022-05-31,55,True,-16558.6,32,,True,False,False
2022-05-31,56,True,-16558.6,35,,True,False,False
2022-05-31,57,True,-16558.6,34,,True,False,True
2022-06-30,42,True,-16639.9,32,,True,False,False
2022-06-30,43,True,-16639.9,31,,True,False,False
2022-06-30,44,True,-16639.9,77,,True,False,False
2022-06-30,45,True,-16639.9,31,,True,False,False
2022-06-30,46,True,-16639.9,31,,True,False,False
2022-06-30,47,True,-16639.9,26,,True,False,False
2022-06-30,48,True,-16639.9,32,,True,False,False
2022-06-30,49,True,-16639.9,26,,True,False,False
2022-06-30,50,True,-16639.9,30,,True,False,False
2022-06-30,51,True,-16639.9,56,,True,False,False
2022-06-30,52,True,-16639.9,14,,True,True,True
2022-06-30,53,True,-16639.9,32,,True,False,False
2022-06-30,54,True,-16639.9,35,,True,False,False
2022-06-30,55,True,-16639.9,31,,True,False,False
2022-06-30,56,True,-16639.9,32,,True,False,False
2022-06-30,57,True,-16639.9,33,,True,False,False
2022-07-29,42,True,-16736.5,32,,True,False,False
2022-07-29,43,True,-16736.5,64,,True,False,False
2022-07-29,44,True,-16736.5,26,,True,False,False
2022-07-29,45,True,-16736.5,30,,True,False,False
2022-07-29,46,True,-16736.5,63,,True,False,False
2022-07-29,47,True,-16736.5,24,,True,False,False
2022-07-29,48,True,-16736.5,31,,True,False,False
2022-07-29,49,True,-16736.5,34,,True,False,False
2022-07-29,50,True,-16736.5,30,,True,False,False
2022-07-29,51,True,-16736.5,62,,True,False,False
2022-07-29,52,True,-16736.5,11,,True,True,True
2022-07-29,53,True,-16736.5,32,,True,False,False
2022-07-29,54,True,-16736.5,34,,True,False,False
2022-07-29,55,True,-16736.5,30,,True,False,False
2022-07-29,56,True,-16736.5,32,,True,False,False
2022-07-29,57,True,-16736.5,33,,True,False,False
2022-08-31,42,True,-16860,31,,True,False,False
2022-08-31,43,True,-16860,30,,True,False,False
2022-08-31,44,True,-16860,25,,True,False,False
2022-08-31,45,True,-16860,30,,True,False,False
2022-08-31,46,True,-16860,47,,True,False,False
2022-08-31,47,True,-16860,31,,True,False,False
2022-08-31,48,True,-16860,31,,True,False,False
2022-08-31,49,True,-16860,25,,True,False,False
2022-08-31,50,True,-16860,28,,True,False,False
2022-08-31,51,True,-16860,46,,True,False,False
2022-08-31,52,True,-16860,11,,True,True,True
2022-08-31,53,True,-16860,31,,True,False,False
2022-08-31,54,True,-16860,33,,True,False,False
2022-08-31,55,True,-16860,30,,True,False,False
2022-08-31,56,True,-16860,31,,True,False,False
2022-08-31,57,True,-16860,31,,True,False,False
2022-09-30,42,True,-16964,31,,True,False,False
2022-09-30,43,True,-16964,48,,True,False,False
2022-09-30,44,True,-16964,41,,True,True,True
2022-09-30,45,True,-16964,29,,True,False,False
2022-09-30,46,True,-16964,29,,True,False,False
2022-09-30,47,True,-16964,30,,True,False,False
2022-09-30,48,True,-16964,30,,True,False,False
2022-09-30,49,True,-16964,26,,True,False,False
2022-09-30,50,True,-16964,29,,True,False,False
2022-09-30,51,True,-16964,46,,True,False,False
2022-09-30,52,True,-16964,35,,True,False,True
2022-09-30,53,True,-16964,30,,True,False,False
2022-09-30,54,True,-16964,33,,True,False,False
2022-09-30,55,True,-16964,29,,True,False,False
2022-09-30,56,True,-16964,31,,True,False,False
2022-09-30,57,True,-16964,31,,True,False,False
2022-10-31,42,True,-17054.1,32,,True,False,False
2022-10-31,43,True,-17054.1,30,,True,False,False
2022-10-31,44,True,-17054.1,27,,True,False,False
2022-10-31,45,True,-17054.1,30,,True,False,False
2022-10-31,46,True,-17054.1,31,,True,False,False
2022-10-31,47,True,-17054.1,25,,True,False,False
2022-10-31,48,True,-17054.1,30,,True,False,False
2022-10-31,49,True,-17054.1,27,,True,True,True
2022-10-31,50,True,-17054.1,30,,True,False,False
2022-10-31,51,True,-17054.1,59,,True,False,False
2022-10-31,52,True,-17054.1,20,,True,False,False
2022-10-31,53,True,-17054.1,30,,True,False,False
2022-10-31,54,True,-17054.1,34,,True,False,False
2022-10-31,55,True,-17054.1,30,,True,False,False
2022-10-31,56,True,-17054.1,31,,True,False,False
2022-10-31,57,True,-17054.1,32,,True,False,False
2022-11-30,42,True,-17148.2,52,,True,True,True
2022-11-30,43,True,-17148.2,30,,True,False,False
2022-11-30,44,True,-17148.2,27,,True,False,False
2022-11-30,45,True,-17148.2,29,,True,False,False
2022-11-30,46,True,-17148.2,30,,True,False,False
2022-11-30,47,True,-17148.2,24,,True,False,False
2022-11-30,48,True,-17148.2,31,,True,False,False
2022-11-30,49,True,-17148.2,25,,True,False,False
2022-11-30,50,True,-17148.2,29,,True,False,False
2022-11-30,51,True,-17148.2,50,,True,False,True
2022-11-30,52,True,-17148.2,21,,True,False,False
2022-11-30,53,True,-17148.2,30,,True,False,False
2022-11-30,54,True,-17148.2,43,,True,False,False
2022-11-30,55,True,-17148.2,30,,True,False,False
2022-11-30,56,True,-17148.2,31,,True,False,False
2022-11-30,57,True,-17148.2,32,,True,False,False
2022-12-30,42,True,-17254.7,31,,True,False,False
2022-12-30,43,True,-17254.7,43,,True,False,False
2022-12-30,44,True,-17254.7,37,,True,True,True
2022-12-30,45,True,-17254.7,29,,True,False,False
2022-12-30,46,True,-17254.7,29,,True,False,False
2022-12-30,47,True,-17254.7,23,,True,False,False
2022-12-30,48,True,-17254.7,30,,True,False,False
2022-12-30,49,True,-17254.7,14,,True,False,False
2022-12-30,50,True,-17254.7,28,,True,False,False
2022-12-30,51,True,-17254.7,42,,True,False,True
2022-12-30,52,True,-17254.7,20,,True,False,False
2022-12-30,53,True,-17254.7,29,,True,False,False
2022-12-30,54,True,-17254.7,33,,True,False,False
2022-12-30,55,True,-17254.7,29,,True,False,False
2022-12-30,56,True,-17254.7,30,,True,False,False
2022-12-30,57,True,-17254.7,31,,True,False,False
2023-01-31,42,True,-17358.4,30,,True,False,False
2023-01-31,43,True,-17358.4,36,,True,False,False
2023-01-31,44,True,-17358.4,30,,True,False,False
2023-01-31,45,True,-17358.4,28,,True,False,False
2023-01-31,46,True,-17358.4,36,,True,False,False
2023-01-31,47,True,-17358.4,22,,True,False,False
2023-01-31,48,True,-17358.4,30,,True,False,False
2023-01-31,49,True,-17358.4,12,,True,False,False
2023-01-31,50,True,-17358.4,28,,True,False,False
2023-01-31,51,True,-17358.4,35,,True,True,True
2023-01-31,52,True,-17358.4,19,,True,False,False
2023-01-31,53,True,-17358.4,30,,True,False,False
2023-01-31,54,True,-17358.4,32,,True,False,False
2023-01-31,55,True,-17358.4,29,,True,False,False
2023-01-31,56,True,-17358.4,30,,True,False,False
2023-01-31,57,True,-17358.4,30,,True,False,False
2023-02-28,42,True,-17456.3,33,,True,True,True
2023-02-28,43,True,-17456.3,29,,True,False,False
2023-02-28,44,True,-17456.3,26,,True,False,False
2023-02-28,45,True,-17456.3,29,,True,False,False
2023-02-28,46,True,-17456.3,29,,True,False,False
2023-02-28,47,True,-17456.3,22,,True,False,True
2023-02-28,48,True,-17456.3,28,,True,False,False
2023-02-28,49,True,-17456.3,16,,True,False,True
2023-02-28,50,True,-17456.3,28,,True,False,False
2023-02-28,51,True,-17456.3,31,,True,False,False
2023-02-28,52,True,-17456.3,18,,True,False,False
2023-02-28,53,True,-17456.3,30,,True,False,False
2023-02-28,54,True,-17456.3,32,,True,False,False
2023-02-28,55,True,-17456.3,29,,True,False,False
2023-02-28,56,True,-17456.3,29,,True,False,False
2023-02-28,57,True,-17456.3,30,,True,False,False
2023-03-31,42,True,-17572.6,31,,True,False,False
2023-03-31,43,True,-17572.6,30,,True,False,False
2023-03-31,44,True,-17572.6,27,,True,False,False
2023-03-31,45,True,-17572.6,29,,True,False,False
2023-03-31,46,True,-17572.6,30,,True,False,False
2023-03-31,47,True,-17572.6,22,,True,True,True
2023-03-31,48,True,-17572.6,31,,True,False,False
2023-03-31,49,True,-17572.6,15,,True,False,False
2023-03-31,50,True,-17572.6,29,,True,False,False
2023-03-31,51,True,-17572.6,29,,True,False,False
2023-03-31,52,True,-17572.6,18,,True,False,False
2023-03-31,53,True,-17572.6,31,,True,False,False
2023-03-31,54,True,-17572.6,43,,True,False,False
2023-03-31,55,True,-17572.6,30,,True,False,False
2023-03-31,56,True,-17572.6,30,,True,False,False
2023-03-31,57,True,-17572.6,31,,True,False,False
2023-04-28,42,True,-17674.9,34,,True,False,False
2023-04-28,43,True,-17674.9,32,,True,False,False
2023-04-28,44,True,-17674.9,25,,True,False,False
2023-04-28,45,True,-17674.9,32,,True,False,False
2023-04-28,46,True,-17674.9,33,,True,False,False
2023-04-28,47,True,-17674.9,34,,True,False,False
2023-04-28,48,True,-17674.9,38,,True,True,True
2023-04-28,49,True,-17674.9,27,,True,False,False
2023-04-28,50,True,-17674.9,32,,True,False,False
2023-04-28,51,True,-17674.9,31,,True,False,False
2023-04-28,52,True,-17674.9,17,,True,False,False
2023-04-28,53,True,-17674.9,33,,True,False,False
2023-04-28,54,True,-17674.9,43,,True,False,False
2023-04-28,55,True,-17674.9,32,,True,False,False
2023-04-28,56,True,-17674.9,33,,True,False,False
2023-04-28,57,True,-17674.9,34,,True,False,False
2023-05-31,42,True,-17793.8,29,,True,False,False
2023-05-31,43,True,-17793.8,30,,True,False,False
2023-05-31,44,True,-17793.8,43,,True,False,False
2023-05-31,45,True,-17793.8,56,,True,False,False
2023-05-31,46,True,-17793.8,57,,True,False,False
2023-05-31,47,True,-17793.8,18,,True,True,True
2023-05-31,48,True,-17793.8,57,,True,False,False
2023-05-31,49,True,-17793.8,31,,True,False,False
2023-05-31,50,True,-17793.8,56,,True,False,False
2023-05-31,51,True,-17793.8,28,,True,False,False
2023-05-31,52,True,-17793.8,22,,True,False,False
2023-05-31,53,True,-17793.8,57,,True,False,False
2023-05-31,54,True,-17793.8,70,,True,False,False
2023-05-31,55,True,-17793.8,56,,True,False,False
2023-05-31,56,True,-17793.8,58,,True,False,False
2023-05-31,57,True,-17793.8,58,,True,False,False
2023-06-30,42,True,-17880.1,33,,True,False,False
2023-06-30,43,True,-17880.1,31,,True,False,False
2023-06-30,44,True,-17880.1,24,,True,False,False
2023-06-30,45,True,-17880.1,30,,True,False,False
2023-06-30,46,True,-17880.1,29,,True,False,False
2023-06-30,47,True,-17880.1,32,,True,False,False
2023-06-30,48,True,-17880.1,27,,True,False,False
2023-06-30,49,True,-17880.1,23,,True,False,False
2023-06-30,50,True,-17880.1,31,,True,False,False
2023-06-30,51,True,-17880.1,28,,True,True,True
2023-06-30,52,True,-17880.1,23,,True,False,False
2023-06-30,53,True,-17880.1,32,,True,False,False
2023-06-30,54,True,-17880.1,30,,True,False,False
2023-06-30,55,True,-17880.1,31,,True,False,False
2023-06-30,56,True,-17880.1,32,,True,False,False
2023-06-30,57,True,-17880.1,30,,True,False,False
2023-07-31,42,True,-17955.5,36,,True,False,False
2023-07-31,43,True,-17955.4,30,,True,False,False
2023-07-31,44,True,-17955.4,38,,True,False,False
2023-07-31,45,True,-17955.4,28,,True,False,False
2023-07-31,46,True,-17955.5,38,,True,False,False
2023-07-31,47,True,-17955.4,31,,True,False,False
2023-07-31,48,True,-17955.4,31,,True,False,False
2023-07-31,49,True,-17955.4,34,,True,True,True
2023-07-31,50,True,-17955.4,29,,True,False,False
2023-07-31,51,True,-17955.5,37,,True,False,False
2023-07-31,52,True,-17955.4,29,,True,False,False
2023-07-31,53,True,-17955.4,28,,True,False,False
2023-07-31,54,True,-17955.4,42,,True,False,False
2023-07-31,55,True,-17955.4,29,,True,False,False
2023-07-31,56,True,-17955.4,32,,True,False,False
2023-07-31,57,True,-17955.4,31,,True,False,False
2023-08-31,42,True,-18071.5,33,,True,False,False
2023-08-31,43,True,-18071.5,37,,True,False,False
2023-08-31,44,True,-18071.5,26,,True,False,False
2023-08-31,45,True,-18071.5,35,,True,False,False
2023-08-31,46,True,-18071.5,32,,True,True,True
2023-08-31,47,True,-18071.5,38,,True,False,False
2023-08-31,48,True,-18071.5,36,,True,False,False
2023-08-31,49,True,-18071.5,14,,True,False,True
2023-08-31,50,True,-18071.5,32,,True,False,False
2023-08-31,51,True,-18071.5,37,,True,False,False
2023-08-31,52,True,-18071.5,17,,True,False,False
2023-08-31,53,True,-18071.5,38,,True,False,False
2023-08-31,54,True,-18071.5,50,,True,False,False
2023-08-31,55,True,-18071.5,36,,True,False,False
2023-08-31,56,True,-18071.5,36,,True,False,False
2023-08-31,57,True,-18071.5,38,,True,False,False
2023-09-29,42,True,-18152.3,28,,True,False,False
2023-09-29,43,True,-18152.3,28,,True,False,False
2023-09-29,44,True,-18152.3,22,,True,False,False
2023-09-29,45,True,-18152.3,26,,True,False,False
2023-09-29,46,True,-18152.3,28,,True,False,False
2023-09-29,47,True,-18152.3,28,,True,False,False
2023-09-29,48,True,-18152.3,28,,True,False,False
2023-09-29,49,True,-18152.3,11,,True,True,True
2023-09-29,50,True,-18152.3,27,,True,False,False
2023-09-29,51,True,-18152.3,27,,True,False,False
2023-09-29,52,True,-18152.3,14,,True,False,False
2023-09-29,53,True,-18152.3,27,,True,False,False
2023-09-29,54,True,-18152.3,33,,True,False,False
2023-09-29,55,True,-18152.3,27,,True,False,False
2023-09-29,56,True,-18152.3,27,,True,False,False
2023-09-29,57,True,-18152.3,29,,True,False,False
2023-10-31,42,True,-18271.2,29,,True,False,False
2023-10-31,43,True,-18271.2,27,,True,False,False
2023-10-31,44,True,-18271.2,20,,True,True,True
2023-10-31,45,True,-18271.2,26,,True,False,False
2023-10-31,46,True,-18271.2,28,,True,False,False
2023-10-31,47,True,-18271.2,24,,True,False,False
2023-10-31,48,True,-18271.2,28,,True,False,False
2023-10-31,49,True,-18271.2,21,,True,False,False
2023-10-31,50,True,-18271.2,27,,True,False,False
2023-10-31,51,True,-18271.2,28,,True,False,False
2023-10-31,52,True,-18271.2,14,,True,False,False
2023-10-31,53,True,-18271.2,27,,True,False,False
2023-10-31,54,True,-18271.2,41,,True,False,False
2023-10-31,55,True,-18271.2,27,,True,False,False
2023-10-31,56,True,-18271.2,28,,True,False,False
2023-10-31,57,True,-18271.2,29,,True,False,False
2023-11-30,42,True,-18365.4,27,,True,True,True
2023-11-30,43,True,-18365.4,27,,True,False,True
2023-11-30,44,True,-18365.4,20,,True,False,False
2023-11-30,45,True,-18365.4,26,,True,False,True
2023-11-30,46,True,-18365.4,26,,True,False,False
2023-11-30,47,True,-18365.4,22,,True,False,False
2023-11-30,48,True,-18365.4,27,,True,False,True
2023-11-30,49,True,-18365.4,20,,True,False,False
2023-11-30,50,True,-18365.4,25,,True,False,False
2023-11-30,51,True,-18365.4,26,,True,False,False
2023-11-30,52,True,-18365.4,14,,True,False,False
2023-11-30,53,True,-18365.4,25,,True,False,False
2023-11-30,54,True,-18365.4,31,,True,False,False
2023-11-30,55,True,-18365.4,26,,True,False,True
2023-11-30,56,True,-18365.4,27,,True,False,False
2023-11-30,57,True,-18365.4,26,,True,False,False
2023-12-29,42,True,-18420,30,,True,False,False
2023-12-29,43,True,-18420,25,,True,False,False
2023-12-29,44,True,-18420,19,,True,False,False
2023-12-29,45,True,-18420,24,,True,False,False
2023-12-29,46,True,-18420,25,,True,False,False
2023-12-29,47,True,-18420,26,,True,False,False
2023-12-29,48,True,-18420,26,,True,False,False
2023-12-29,49,True,-18420,11,,True,True,True
2023-12-29,50,True,-18420,21,,True,False,False
2023-12-29,51,True,-18420,29,,True,False,True
2023-12-29,52,True,-18420,16,,True,False,False
2023-12-29,53,True,-18420,25,,True,False,False
2023-12-29,54,True,-18420,39,,True,False,False
2023-12-29,55,True,-18420,25,,True,False,False
2023-12-29,56,True,-18420,26,,True,False,False
2023-12-29,57,True,-18420,26,,True,False,False
2024-01-31,42,True,-18481,26,,True,False,False
2024-01-31,43,True,-18481,25,,True,False,False
2024-01-31,44,True,-18481,26,,True,True,True
2024-01-31,45,True,-18481,25,,True,False,False
2024-01-31,46,True,-18481,25,,True,False,False
2024-01-31,47,True,-18481,20,,True,False,True
2024-01-31,48,True,-18481,23,,True,False,False
2024-01-31,49,True,-18481,11,,True,False,True
2024-01-31,50,True,-18481,24,,True,False,False
2024-01-31,51,True,-18481,25,,True,False,False
2024-01-31,52,True,-18481,16,,True,False,False
2024-01-31,53,True,-18481,26,,True,False,False
2024-01-31,54,True,-18481,36,,True,False,False
2024-01-31,55,True,-18481,25,,True,False,False
2024-01-31,56,True,-18481,24,,True,False,False
2024-01-31,57,True,-18481,26,,True,False,False
2024-02-29,42,True,-18548.8,27,,True,False,False
2024-02-29,43,True,-18548.8,25,,True,False,False
2024-02-29,44,True,-18548.8,35,,True,True,True
2024-02-29,45,True,-18548.8,25,,True,False,False
2024-02-29,46,True,-18548.8,25,,True,False,False
2024-02-29,47,True,-18548.8,26,,True,False,False
2024-02-29,48,True,-18548.8,24,,True,False,False
2024-02-29,49,True,-18548.8,13,,True,False,True
2024-02-29,50,True,-18548.8,21,,True,False,False
2024-02-29,51,True,-18548.8,43,,True,False,True
2024-02-29,52,True,-18548.8,17,,True,False,False
2024-02-29,53,True,-18548.8,25,,True,False,False
2024-02-29,54,True,-18548.8,38,,True,False,False
2024-02-29,55,True,-18548.8,25,,True,False,False
2024-02-29,56,True,-18548.8,26,,True,False,False
2024-02-29,57,True,-18548.8,26,,True,False,False
2024-03-28,42,True,-18608.6,29,,True,False,False
2024-03-28,43,True,-18608.6,30,,True,True,True
2024-03-28,44,True,-18608.7,24,,True,False,False
2024-03-28,45,True,-18608.7,29,,True,False,False
2024-03-28,46,True,-18608.7,30,,True,False,False
2024-03-28,47,True,-18608.7,30,,True,False,False
2024-03-28,48,True,-18608.7,28,,True,False,False
2024-03-28,49,True,-18608.7,18,,True,False,False
2024-03-28,50,True,-18608.7,29,,True,False,False
2024-03-28,51,True,-18608.6,28,,True,False,False
2024-03-28,52,True,-18608.6,16,,True,False,False
2024-03-28,53,True,-18608.7,30,,True,False,False
2024-03-28,54,True,-18608.7,42,,True,False,False
2024-03-28,55,True,-18608.7,29,,True,False,False
2024-03-28,56,True,-18608.7,29,,True,False,False
2024-03-28,57,True,-18608.7,30,,True,False,False
2024-04-30,42,True,-18705.1,56,,True,False,False
2024-04-30,43,True,-18705.1,28,,True,True,True
2024-04-30,44,True,-18705.1,49,,True,False,False
2024-04-30,45,True,-18705.1,54,,True,False,False
2024-04-30,46,True,-18705.1,28,,True,False,True
2024-04-30,47,True,-18705.1,48,,True,False,False
2024-04-30,48,True,-18705.1,53,,True,False,False
2024-04-30,49,True,-18705.1,49,,True,False,False
2024-04-30,50,True,-18705.1,54,,True,False,False
2024-04-30,51,True,-18705.1,54,,True,False,False
2024-04-30,52,True,-18705.1,14,,True,False,False
2024-04-30,53,True,-18705.1,54,,True,False,False
2024-04-30,54,True,-18705.1,67,,True,False,False
2024-04-30,55,True,-18705.1,54,,True,False,False
2024-04-30,56,True,-18705.1,54,,True,False,False
2024-04-30,57,True,-18705.1,55,,True,False,False
2024-05-31,42,True,-18775.5,34,,True,False,False
2024-05-31,43,True,-18775.5,26,,True,True,True
2024-05-31,44,True,-18775.5,15,,True,False,False
2024-05-31,45,True,-18775.5,32,,True,False,False
2024-05-31,46,True,-18775.5,33,,True,False,False
2024-05-31,47,True,-18775.5,33,,True,False,False
2024-05-31,48,True,-18775.5,31,,True,False,False
2024-05-31,49,True,-18775.5,17,,True,False,False
2024-05-31,50,True,-18775.5,32,,True,False,False
2024-05-31,51,True,-18775.5,24,,True,False,False
2024-05-31,52,True,-18775.5,25,,True,False,False
2024-05-31,53,True,-18775.5,32,,True,False,False
2024-05-31,54,True,-18775.5,45,,True,False,False
2024-05-31,55,True,-18775.5,32,,True,False,False
2024-05-31,56,True,-18775.5,33,,True,False,False
2024-05-31,57,True,-18775.5,34,,True,False,False
2024-06-28,42,True,-18823.4,29,,True,False,False
2024-06-28,43,True,-18823.4,27,,True,False,False
2024-06-28,44,True,-18823.4,15,,True,True,True
2024-06-28,45,True,-18823.4,27,,True,False,False
2024-06-28,46,True,-18823.4,28,,True,False,False
2024-06-28,47,True,-18823.4,29,,True,False,False
2024-06-28,48,True,-18823.4,27,,True,False,False
2024-06-28,49,True,-18823.4,15,,True,False,False
2024-06-28,50,True,-18823.4,25,,True,False,False
2024-06-28,51,True,-18823.4,28,,True,False,False
2024-06-28,52,True,-18823.4,20,,True,False,False
2024-06-28,53,True,-18823.4,29,,True,False,False
2024-06-28,54,True,-18823.4,41,,True,False,False
2024-06-28,55,True,-18823.4,28,,True,False,False
2024-06-28,56,True,-18823.4,28,,True,False,False
2024-06-28,57,True,-18823.4,29,,True,False,False
2024-07-31,42,True,-18908.4,28,,True,False,False
2024-07-31,43,True,-18908.4,26,,True,False,False
2024-07-31,44,True,-18908.4,21,,True,False,False
2024-07-31,45,True,-18908.4,26,,True,False,False
2024-07-31,46,True,-18908.4,27,,True,False,False
2024-07-31,47,True,-18908.4,21,,True,False,False
2024-07-31,48,True,-18908.4,26,,True,False,False
2024-07-31,49,True,-18908.4,14,,True,False,False
2024-07-31,50,True,-18908.4,26,,True,False,False
2024-07-31,51,True,-18908.4,27,,True,True,True
2024-07-31,52,True,-18908.4,12,,True,False,False
2024-07-31,53,True,-18908.4,27,,True,False,False
2024-07-31,54,True,-18908.4,39,,True,False,False
2024-07-31,55,True,-18908.4,27,,True,False,False
2024-07-31,56,True,-18908.4,27,,True,False,False
2024-07-31,57,True,-18908.4,28,,True,False,False
2024-08-30,42,True,-19067.6,21,,True,False,False
2024-08-30,43,True,-19063.3,29,,True,False,False
2024-08-30,44,True,-19063.3,24,,True,False,False
2024-08-30,45,True,-19063.3,29,,True,False,False
2024-08-30,46,True,-19063.3,30,,True,False,False
2024-08-30,47,True,-19063.3,28,,True,True,True
2024-08-30,48,True,-19063.3,31,,True,False,False
2024-08-30,49,True,-19063.3,24,,True,False,False
2024-08-30,50,True,-19063.3,29,,True,False,False
2024-08-30,51,True,-19067.6,21,,True,False,False
2024-08-30,52,True,-19063.3,22,,True,False,False
2024-08-30,53,True,-19063.3,31,,True,False,False
2024-08-30,54,True,-19063.3,43,,True,False,False
2024-08-30,55,True,-19063.3,30,,True,False,False
2024-08-30,56,True,-19063.3,30,,True,False,False
2024-08-30,57,True,-19063.3,31,,True,False,False
2024-09-30,42,True,-19161.7,21,,True,False,False
2024-09-30,43,True,-19157.2,31,,True,False,False
2024-09-30,44,True,-19157.2,15,,True,False,False
2024-09-30,45,True,-19157.2,30,,True,False,False
2024-09-30,46,True,-19157.2,31,,True,False,False
2024-09-30,47,True,-19157.2,28,,True,True,True
2024-09-30,48,True,-19157.2,29,,True,False,False
2024-09-30,49,True,-19157.2,15,,True,False,False
2024-09-30,50,True,-19157.2,30,,True,False,False
2024-09-30,51,True,-19157.2,31,,True,False,False
2024-09-30,52,True,-19157.2,13,,True,False,False
2024-09-30,53,True,-19157.2,32,,True,False,False
2024-09-30,54,True,-19157.2,44,,True,False,False
2024-09-30,55,True,-19157.2,31,,True,False,False
2024-09-30,56,True,-19157.2,31,,True,False,False
2024-09-30,57,True,-19157.2,33,,True,False,False
2024-10-31,42,True,-19291.4,35,,True,False,False
2024-10-31,43,True,-19291.4,34,,True,False,False
2024-10-31,44,True,-19291.4,16,,True,True,True
2024-10-31,45,True,-19291.4,33,,True,False,False
2024-10-31,46,True,-19291.4,34,,True,False,False
2024-10-31,47,True,-19291.4,24,,True,False,False
2024-10-31,48,True,-19291.4,35,,True,False,False
2024-10-31,49,True,-19291.4,16,,True,False,False
2024-10-31,50,True,-19291.4,30,,True,False,False
2024-10-31,51,True,-19291.4,34,,True,False,False
2024-10-31,52,True,-19291.4,26,,True,False,False
2024-10-31,53,True,-19291.4,35,,True,False,False
2024-10-31,54,True,-19291.4,45,,True,False,False
2024-10-31,55,True,-19291.4,34,,True,False,False
2024-10-31,56,True,-19291.4,34,,True,False,False
2024-10-31,57,True,-19291.4,36,,True,False,False
2024-11-29,42,True,-19375.2,33,,True,False,False
2024-11-29,43,True,-19375.2,42,,True,True,True
2024-11-29,44,True,-19375.2,26,,True,False,False
2024-11-29,45,True,-19375.2,32,,True,False,False
2024-11-29,46,True,-19375.2,42,,True,False,True
2024-11-29,47,True,-19375.2,25,,True,False,False
2024-11-29,48,True,-19375.2,30,,True,False,False
2024-11-29,49,True,-19375.2,26,,True,False,False
2024-11-29,50,True,-19375.2,31,,True,False,False
2024-11-29,51,True,-19375.2,40,,True,False,False
2024-11-29,52,True,-19375.2,13,,True,False,False
2024-11-29,53,True,-19375.2,32,,True,False,False
2024-11-29,54,True,-19375.2,34,,True,False,False
2024-11-29,55,True,-19375.2,32,,True,False,False
2024-11-29,56,True,-19375.2,33,,True,False,False
2024-11-29,57,True,-19375.2,33,,True,False,False
2024-12-31,42,True,-19463,44,,True,True,True
2024-12-31,43,True,-19463,45,,True,False,False
2024-12-31,44,True,-19463,24,,True,False,False
2024-12-31,45,True,-19463,29,,True,False,False
2024-12-31,46,True,-19463,45,,True,False,False
2024-12-31,47,True,-19463,22,,True,False,True
2024-12-31,48,True,-19463,28,,True,False,False
2024-12-31,49,True,-19463,14,,True,False,False
2024-12-31,50,True,-19463,26,,True,False,False
2024-12-31,51,True,-19463,44,,True,False,True
2024-12-31,52,True,-19463,21,,True,False,False
2024-12-31,53,True,-19463,30,,True,False,False
2024-12-31,54,True,-19463,31,,True,False,False
2024-12-31,55,True,-19463,29,,True,False,False
2024-12-31,56,True,-19463,30,,True,False,False
2024-12-31,57,True,-19463,31,,True,False,False
2025-01-31,42,True,-19559.7,35,,True,False,False
2025-01-31,43,True,-19559.7,30,,True,True,True
2025-01-31,44,True,-19559.7,28,,True,False,False
2025-01-31,45,True,-19559.7,33,,True,False,False
2025-01-31,46,True,-19559.7,33,,True,False,False
2025-01-31,47,True,-19559.7,28,,True,False,False
2025-01-31,48,True,-19559.7,34,,True,False,False
2025-01-31,49,True,-19559.7,28,,True,False,False
2025-01-31,50,True,-19559.7,33,,True,False,False
2025-01-31,51,True,-19559.7,33,,True,False,False
2025-01-31,52,True,-19559.7,25,,True,False,False
2025-01-31,53,True,-19559.7,34,,True,False,False
2025-01-31,54,True,-19559.7,42,,True,False,False
2025-01-31,55,True,-19559.7,33,,True,False,False
2025-01-31,56,True,-19559.7,35,,True,False,False
2025-01-31,57,True,-19559.7,35,,True,False,False
2025-02-28,42,True,-19641.3,30,,True,True,True
2025-02-28,43,True,-19641.3,31,,True,False,True
2025-02-28,44,True,-19641.3,16,,True,False,False
2025-02-28,45,True,-19641.3,32,,True,False,False
2025-02-28,46,True,-19641.3,33,,True,False,False
2025-02-28,47,True,-19641.3,34,,True,False,False
2025-02-28,48,True,-19641.3,34,,True,False,False
2025-02-28,49,True,-19641.3,15,,True,False,False
2025-02-28,50,True,-19641.3,32,,True,False,False
2025-02-28,51,True,-19641.3,33,,True,False,False
2025-02-28,52,True,-19641.3,13,,True,False,False
2025-02-28,53,True,-19641.3,34,,True,False,False
2025-02-28,54,True,-19641.3,40,,True,False,False
2025-02-28,55,True,-19641.3,33,,True,False,False
2025-02-28,56,True,-19641.3,33,,True,False,False
2025-02-28,57,True,-19641.3,35,,True,False,False
2025-03-31,42,True,-19757.3,37,,True,False,False
2025-03-31,43,True,-19757.3,33,,True,True,True
2025-03-31,44,True,-19757.3,16,,True,False,False
2025-03-31,45,True,-19757.3,35,,True,False,False
2025-03-31,46,True,-19757.3,33,,True,False,True
2025-03-31,47,True,-19757.3,36,,True,False,False
2025-03-31,48,True,-19757.3,36,,True,False,False
2025-03-31,49,True,-19757.3,29,,True,False,False
2025-03-31,50,True,-19757.3,34,,True,False,False
2025-03-31,51,True,-19757.3,31,,True,False,False
2025-03-31,52,True,-19757.3,27,,True,False,False
2025-03-31,53,True,-19757.3,36,,True,False,False
2025-03-31,54,True,-19757.3,39,,True,False,False
2025-03-31,55,True,-19757.3,35,,True,False,False
2025-03-31,56,True,-19757.3,35,,True,False,False
2025-03-31,57,True,-19757.3,37,,True,False,False
2025-04-30,42,True,-19785.6,27,,True,False,False
2025-04-30,43,True,-19785.6,61,,True,True,True
2025-04-30,44,True,-19785.6,19,,True,False,False
2025-04-30,45,True,-19785.6,25,,True,False,False
2025-04-30,46,True,-19785.6,61,,True,False,True
2025-04-30,47,True,-19785.6,27,,True,False,False
2025-04-30,48,True,-19785.6,26,,True,False,False
2025-04-30,49,True,-19785.6,17,,True,False,False
2025-04-30,50,True,-19785.6,25,,True,False,False
2025-04-30,51,True,-19785.6,26,,True,False,False
2025-04-30,52,True,-19785.6,17,,True,False,False
2025-04-30,53,True,-19785.6,26,,True,False,False
2025-04-30,54,True,-19785.6,31,,True,False,False
2025-04-30,55,True,-19785.6,25,,True,False,False
2025-04-30,56,True,-19785.6,27,,True,False,False
2025-04-30,57,True,-19785.6,27,,True,False,False
2025-05-30,42,True,-19906.4,27,,True,False,False
2025-05-30,43,True,-19910.4,28,,True,False,False
2025-05-30,44,True,-19906.4,19,,True,False,False
2025-05-30,45,True,-19906.4,25,,True,False,False
2025-05-30,46,True,-19910.4,28,,True,False,False
2025-05-30,47,True,-19906.4,27,,True,False,False
2025-05-30,48,True,-19906.4,42,,True,False,False
2025-05-30,49,True,-19906.4,12,,True,True,True
2025-05-30,50,True,-19906.4,25,,True,False,False
2025-05-30,51,True,-19906.4,26,,True,False,False
2025-05-30,52,True,-19906.4,17,,True,False,False
2025-05-30,53,True,-19906.4,26,,True,False,False
2025-05-30,54,True,-19910.2,35,,True,False,False
2025-05-30,55,True,-19906.4,25,,True,False,False
2025-05-30,56,True,-19906.4,31,,True,False,False
2025-05-30,57,True,-19906.4,27,,True,False,False
2025-06-30,42,True,-20001.9,57,,True,True,True
2025-06-30,43,True,-20001.9,58,,True,False,True
2025-06-30,44,True,-20001.9,24,,True,False,True
2025-06-30,45,True,-20001.9,24,,True,False,False
2025-06-30,46,True,-20001.9,25,,True,False,False
2025-06-30,47,True,-20001.9,26,,True,False,False
2025-06-30,48,True,-20001.9,26,,True,False,False
2025-06-30,49,True,-20001.9,18,,True,False,False
2025-06-30,50,True,-20001.9,24,,True,False,False
2025-06-30,51,True,-20001.9,25,,True,False,False
2025-06-30,52,True,-20001.9,15,,True,False,False
2025-06-30,53,True,-20001.9,25,,True,False,False
2025-06-30,54,True,-20001.9,44,,True,False,False
2025-06-30,55,True,-20001.9,25,,True,False,False
2025-06-30,56,True,-20001.9,26,,True,False,False
2025-06-30,57,True,-20001.9,27,,True,False,False
2025-07-31,42,True,-20098,26,,True,False,False
2025-07-31,43,True,-20098,59,,True,False,False
2025-07-31,44,True,-20098,18,,True,False,False
2025-07-31,45,True,-20098,25,,True,False,False
2025-07-31,46,True,-20098,59,,True,False,False
2025-07-31,47,True,-20098,26,,True,False,False
2025-07-31,48,True,-20098,26,,True,False,False
2025-07-31,49,True,-20098,18,,True,False,False
2025-07-31,50,True,-20098,24,,True,False,False
2025-07-31,51,True,-20098,25,,True,False,False
2025-07-31,52,True,-20098,16,,True,False,False
2025-07-31,53,True,-20098,25,,True,False,False
2025-07-31,54,True,-20098,36,,True,False,False
2025-07-31,55,True,-20098,25,,True,False,False
2025-07-31,56,True,-20098,26,,True,False,False
2025-07-31,57,True,-20098,26,,True,True,True
2025-08-29,42,True,-20176.6,26,,True,False,False
2025-08-29,43,True,-20180.9,28,,True,False,False
2025-08-29,44,True,-20176.6,30,,True,True,True
2025-08-29,45,True,-20176.6,25,,True,False,True
2025-08-29,46,True,-20176.6,25,,True,False,False
2025-08-29,47,True,-20176.6,26,,True,False,False
2025-08-29,48,True,-20176.6,29,,True,False,False
2025-08-29,49,True,-20176.6,18,,True,False,False
2025-08-29,50,True,-20176.6,24,,True,False,False
2025-08-29,51,True,-20176.6,25,,True,False,False
2025-08-29,52,True,-20176.6,16,,True,False,False
2025-08-29,53,True,-20176.6,25,,True,False,True
2025-08-29,54,True,-20176.6,40,,True,False,True
2025-08-29,55,True,-20176.6,25,,True,False,True
2025-08-29,56,True,-20176.6,26,,True,False,False
2025-08-29,57,True,-20176.6,27,,True,False,True
2025-09-30,42,True,-20260.6,24,,True,False,False
2025-09-30,43,True,-20260.6,24,,True,False,False
2025-09-30,44,True,-20257.5,20,,True,False,False
2025-09-30,45,True,-20257.5,26,,True,False,False
2025-09-30,46,True,-20260.6,24,,True,False,False
2025-09-30,47,True,-20257.5,27,,True,False,False
2025-09-30,48,True,-20257.5,27,,True,False,False
2025-09-30,49,True,-20257.5,20,,True,False,False
2025-09-30,50,True,-20257.5,26,,True,False,False
2025-09-30,51,True,-20257.5,27,,True,True,True
2025-09-30,52,True,-20257.5,29,,True,False,False
2025-09-30,53,True,-20257.5,26,,True,False,False
2025-09-30,54,True,-20257.5,42,,True,False,True
2025-09-30,55,True,-20257.5,26,,True,False,False
2025-09-30,56,True,-20257.5,28,,True,False,True
2025-09-30,57,True,-20257.5,28,,True,False,False
2025-10-31,42,True,-20380.3,28,,True,False,False
2025-10-31,43,True,-20380.3,27,,True,False,False
2025-10-31,44,True,-20380.3,53,,True,True,True
2025-10-31,45,True,-20380.3,26,,True,False,False
2025-10-31,46,True,-20380.3,27,,True,False,False
2025-10-31,47,True,-20380.3,30,,True,False,False
2025-10-31,48,True,-20380.3,28,,True,False,False
2025-10-31,49,True,-20380.3,21,,True,False,False
2025-10-31,50,True,-20380.3,26,,True,False,False
2025-10-31,51,True,-20384,28,,True,False,False
2025-10-31,52,True,-20380.3,19,,True,False,False
2025-10-31,53,True,-20380.3,27,,True,False,False
2025-10-31,54,True,-20380.3,39,,True,False,False
2025-10-31,55,True,-20380.3,27,,True,False,False
2025-10-31,56,True,-20380.3,25,,True,False,False
2025-10-31,57,True,-20380.3,29,,True,False,False
2025-11-28,42,True,-20482,27,,True,False,False
2025-11-28,43,True,-20482,26,,True,False,False
2025-11-28,44,True,-20482,19,,True,False,False
2025-11-28,45,True,-20482,25,,True,False,False
2025-11-28,46,True,-20482,73,,True,False,False
2025-11-28,47,True,-20482,26,,True,False,False
2025-11-28,48,True,-20482,26,,True,False,False
2025-11-28,49,True,-20482,19,,True,False,False
2025-11-28,50,True,-20482,25,,True,False,False
2025-11-28,51,True,-20482,72,,True,True,True
2025-11-28,52,True,-20482,18,,True,False,False
2025-11-28,53,True,-20482,26,,True,False,False
2025-11-28,54,True,-20482,37,,True,False,False
2025-11-28,55,True,-20482,25,,True,False,False
2025-11-28,56,True,-20482,27,,True,False,False
2025-11-28,57,True,-20482,27,,True,False,False
2025-12-31,42,True,-20557,27,,True,False,False
2025-12-31,43,True,-20557,25,,True,False,False
2025-12-31,44,True,-20557,19,,True,False,False
2025-12-31,45,True,-20557,25,,True,False,False
2025-12-31,46,True,-20561,29,,True,False,False
2025-12-31,47,True,-20557,26,,True,False,False
2025-12-31,48,True,-20557,26,,True,False,False
2025-12-31,49,True,-20557,14,,True,False,False
2025-12-31,50,True,-20557,25,,True,False,False
2025-12-31,51,True,-20561,28,,True,False,False
2025-12-31,52,True,-20557,18,,True,False,False
2025-12-31,53,True,-20557,25,,True,False,False
2025-12-31,54,True,-20557,29,,True,False,False
2025-12-31,55,True,-20557,25,,True,False,False
2025-12-31,56,True,-20557,27,,True,True,True
2025-12-31,57,True,-20557,27,,True,False,False
2026-01-30,42,True,-20630.9,28,,True,False,False
2026-01-30,43,True,-20630.9,26,,True,False,False
2026-01-30,44,True,-20630.9,20,,True,False,False
2026-01-30,45,True,-20630.9,26,,True,False,False
2026-01-30,46,True,-20630.9,27,,True,False,False
2026-01-30,47,True,-20630.9,27,,True,False,False
2026-01-30,48,True,-20630.9,27,,True,False,False
2026-01-30,49,True,-20630.9,20,,True,False,False
2026-01-30,50,True,-20630.9,26,,True,False,False
2026-01-30,51,True,-20633.7,23,,True,False,False
2026-01-30,52,True,-20630.9,19,,True,False,False
2026-01-30,53,True,-20630.9,27,,True,False,False
2026-01-30,54,True,-20630.9,47,,True,True,True
2026-01-30,55,True,-20630.9,26,,True,False,False
2026-01-30,56,True,-20630.9,27,,True,False,False
2026-01-30,57,True,-20630.9,35,,True,False,False
2026-02-27,42,True,-20724.9,26,,True,False,False
2026-02-27,43,True,-20724.9,25,,True,False,False
2026-02-27,44,True,-20724.9,28,,True,True,True
2026-02-27,45,True,-20724.9,24,,True,False,False
2026-02-27,46,True,-20724.9,25,,True,False,False
2026-02-27,47,True,-20724.9,26,,True,False,False
2026-02-27,48,True,-20724.9,25,,True,False,False
2026-02-27,49,True,-20724.9,18,,True,False,False
2026-02-27,50,True,-20724.9,24,,True,False,False
2026-02-27,51,True,-20728,35,,True,False,False
2026-02-27,52,True,-20724.9,17,,True,False,False
2026-02-27,53,True,-20724.9,35,,True,False,True
2026-02-27,54,True,-20724.9,31,,True,False,False
2026-02-27,55,True,-20724.9,24,,True,False,False
2026-02-27,56,True,-20724.9,26,,True,False,False
2026-02-27,57,True,-20724.9,46,,True,False,False
2026-03-31,42,True,-20855.1,26,,True,False,False
2026-03-31,43,True,-20855.1,25,,True,False,False
2026-03-31,44,True,-20855.1,18,,True,False,False
2026-03-31,45,True,-20855.1,24,,True,False,False
2026-03-31,46,True,-20855.1,25,,True,False,False
2026-03-31,47,True,-20855.1,36,,True,False,False
2026-03-31,48,True,-20855.1,26,,True,False,False
2026-03-31,49,True,-20855.1,18,,True,False,False
2026-03-31,50,True,-20855.1,24,,True,False,False
2026-03-31,51,True,-20855.1,59,,True,False,False
2026-03-31,52,True,-20855.1,16,,True,False,False
2026-03-31,53,True,-20855.1,27,,True,True,True
2026-03-31,54,True,-20855.1,44,,True,False,False
2026-03-31,55,True,-20855.1,24,,True,False,False
2026-03-31,56,True,-20855.1,26,,True,False,False
2026-03-31,57,True,-20855.1,26,,True,False,False
2026-04-30,42,True,-20973.2,26,,True,False,False
2026-04-30,43,True,-20973.2,58,,True,False,False
2026-04-30,44,True,-20973.2,22,,True,False,False
2026-04-30,45,True,-20973.2,24,,True,False,False
2026-04-30,46,True,-20973.2,58,,True,False,False
2026-04-30,47,True,-20973.2,26,,True,False,False
2026-04-30,48,True,-20973.2,26,,True,False,False
2026-04-30,49,True,-20973.2,18,,True,False,False
2026-04-30,50,True,-20973.2,24,,True,False,False
2026-04-30,51,True,-20973.2,57,,True,False,False
2026-04-30,52,True,-20973.2,16,,True,False,False
2026-04-30,53,True,-20973.2,26,,True,False,False
2026-04-30,54,True,-20973.2,46,,True,True,True
2026-04-30,55,True,-20973.2,24,,True,False,False
2026-04-30,56,True,-20973.2,26,,True,False,False
2026-04-30,57,True,-20973.2,34,,True,False,False
2026-05-29,42,True,-21057,26,,True,False,False
2026-05-29,43,True,-21057,25,,True,False,False
2026-05-29,44,True,-21057,23,,True,False,False
2026-05-29,45,True,-21057,24,,True,False,False
2026-05-29,46,True,-21057,25,,True,False,False
2026-05-29,47,True,-21057,26,,True,False,False
2026-05-29,48,True,-21057,25,,True,False,False
2026-05-29,49,True,-21057,18,,True,False,False
2026-05-29,50,True,-21057,24,,True,False,False
2026-05-29,51,True,-21057,84,,True,False,False
2026-05-29,52,True,-21057,16,,True,False,False
2026-05-29,53,True,-21057,25,,True,False,False
2026-05-29,54,True,-21057,64,,True,False,False
2026-05-29,55,True,-21057,24,,True,False,False
2026-05-29,56,True,-21057,41,,True,True,True
2026-05-29,57,True,-21057,49,,True,False,True
2026-06-30,42,True,-21170.8,26,,True,False,False
2026-06-30,43,True,-21170.8,44,,True,False,False
2026-06-30,44,True,-21170.8,18,,True,False,False
2026-06-30,45,True,-21170.8,23,,True,False,False
2026-06-30,46,True,-21170.8,25,,True,False,False
2026-06-30,47,True,-21170.8,32,,True,False,False
2026-06-30,48,True,-21170.8,25,,True,False,False
2026-06-30,49,True,-21170.8,17,,True,False,False
2026-06-30,50,True,-21170.8,24,,True,True,True
2026-06-30,51,True,-21170.8,43,,True,False,False
2026-06-30,52,True,-21170.8,16,,True,False,False
2026-06-30,53,True,-21170.8,25,,True,False,False
2026-06-30,54,True,-21170.8,40,,True,False,False
2026-06-30,55,True,-21170.8,24,,True,False,False
2026-06-30,56,True,-21170.8,28,,True,False,True
2026-06-30,57,True,-21170.8,31,,True,False,False
2026-07-31,42,True,-21274.9,26,,True,False,False
2026-07-31,43,True,-21274.9,32,,True,False,False
2026-07-31,44,True,-21274.9,17,,True,False,False
2026-07-31,45,True,-21274.9,23,,True,False,False
2026-07-31,46,True,-21274.9,24,,True,False,False
2026-07-31,47,True,-21274.9,25,,True,True,True
2026-07-31,48,True,-21274.9,25,,True,False,False
2026-07-31,49,True,-21274.9,17,,True,False,False
2026-07-31,50,True,-21274.9,23,,True,False,False
2026-07-31,51,True,-21274.9,24,,True,False,False
2026-07-31,52,True,-21274.9,16,,True,False,False
2026-07-31,53,True,-21274.9,24,,True,False,False
2026-07-31,54,True,-21274.9,32,,True,False,False
2026-07-31,55,True,-21274.9,24,,True,False,False
2026-07-31,56,True,-21274.9,25,,True,False,False
2026-07-31,57,True,-21274.9,26,,True,False,False
